Copyright 1986-2022 Xilinx, Inc. All Rights Reserved. Copyright 2022-2025 Advanced Micro Devices, Inc. All Rights Reserved.
---------------------------------------------------------------------------------------------------------------------------------------------
| Tool Version : Vivado v.2025.2 (win64) Build 6299465 Fri Nov 14 19:35:11 GMT 2025
| Date         : Sun Sep 27 09:10:49 2026
| Host         : WIN-9V8PKT2UNH4 running 64-bit major release  (build 9200)
| Command      : report_timing_summary -check_timing_verbose -file C:/temp/lesion_fpga/build/timing_summary.rpt
| Design       : lesion_wrapper
| Device       : 7z020-clg400
| Speed File   : -1  PRODUCTION 1.12 2019-11-22
| Design State : Physopt postRoute
---------------------------------------------------------------------------------------------------------------------------------------------

Timing Summary Report

------------------------------------------------------------------------------------------------
| Timer Settings
| --------------
------------------------------------------------------------------------------------------------

  Enable Multi Corner Analysis               :  Yes
  Enable Pessimism Removal                   :  Yes
  Pessimism Removal Resolution               :  Nearest Common Node
  Enable Input Delay Default Clock           :  No
  Enable Preset / Clear Arcs                 :  No
  Disable Flight Delays                      :  No
  Ignore I/O Paths                           :  No
  Timing Early Launch at Borrowing Latches   :  No
  Borrow Time for Max Delay Exceptions       :  Yes
  Merge Timing Exceptions                    :  Yes
  Inter-SLR Compensation                     :  Conservative

  Corner  Analyze    Analyze    
  Name    Max Paths  Min Paths  
  ------  ---------  ---------  
  Slow    Yes        Yes        
  Fast    Yes        Yes        


------------------------------------------------------------------------------------------------
| Report Methodology
| ------------------
------------------------------------------------------------------------------------------------

Rule       Severity  Description                                             Violations  
---------  --------  ------------------------------------------------------  ----------  
LUTAR-1    Warning   LUT drives async reset alert                            9           
TIMING-9   Warning   Unknown CDC Logic                                       1           
TIMING-18  Warning   Missing input or output delay                           5           
ULMTCS-1   Warning   Control Sets use limits recommend reduction             1           
XDCB-5     Warning   Runtime inefficient way to find pin objects             3           
XDCC-1     Warning   Scoped Clock constraint overwritten with the same name  1           
XDCC-4     Warning   User Clock constraint overwritten with the same name    1           
XDCC-7     Warning   Scoped Clock constraint overwritten on the same source  1           
XDCC-8     Warning   User Clock constraint overwritten on the same source    1           

Note: This report is based on the most recent report_methodology run and may not be up-to-date. Run report_methodology on the current design for the latest report.



check_timing report

Table of Contents
-----------------
1. checking no_clock (0)
2. checking constant_clock (0)
3. checking pulse_width_clock (0)
4. checking unconstrained_internal_endpoints (0)
5. checking no_input_delay (5)
6. checking no_output_delay (7)
7. checking multiple_clock (0)
8. checking generated_clocks (0)
9. checking loops (0)
10. checking partial_input_delay (0)
11. checking partial_output_delay (0)
12. checking latch_loops (0)

1. checking no_clock (0)
------------------------
 There are 0 register/latch pins with no clock.


2. checking constant_clock (0)
------------------------------
 There are 0 register/latch pins with constant_clock.


3. checking pulse_width_clock (0)
---------------------------------
 There are 0 register/latch pins which need pulse_width check


4. checking unconstrained_internal_endpoints (0)
------------------------------------------------
 There are 0 pins that are not constrained for maximum delay.

 There are 0 pins that are not constrained for maximum delay due to constant clock.


5. checking no_input_delay (5)
------------------------------
 There are 5 input ports with no input delay specified. (HIGH)

hdmi_in_data_p[0]
hdmi_in_data_p[1]
hdmi_in_data_p[2]
hdmi_in_ddc_scl_io
hdmi_in_ddc_sda_io

 There are 0 input ports with no input delay but user has a false path constraint.


6. checking no_output_delay (7)
-------------------------------
 There are 7 ports with no output delay specified. (HIGH)

hdmi_in_ddc_sda_io
hdmi_in_hpd[0]
hdmi_out_clk_p
hdmi_out_data_p[0]
hdmi_out_data_p[1]
hdmi_out_data_p[2]
hdmi_out_hpd[0]

 There are 0 ports with no output delay but user has a false path constraint

 There are 0 ports with no output delay but with a timing clock defined on it or propagating through it


7. checking multiple_clock (0)
------------------------------
 There are 0 register/latch pins with multiple clocks.


8. checking generated_clocks (0)
--------------------------------
 There are 0 generated clocks that are not connected to a clock source.


9. checking loops (0)
---------------------
 There are 0 combinational loops in the design.


10. checking partial_input_delay (0)
------------------------------------
 There are 0 input ports with partial input delay specified.


11. checking partial_output_delay (0)
-------------------------------------
 There are 0 ports with partial output delay specified.


12. checking latch_loops (0)
----------------------------
 There are 0 combinational latch loops in the design through latch input



------------------------------------------------------------------------------------------------
| Design Timing Summary
| ---------------------
------------------------------------------------------------------------------------------------

    WNS(ns)      TNS(ns)  TNS Failing Endpoints  TNS Total Endpoints      WHS(ns)      THS(ns)  THS Failing Endpoints  THS Total Endpoints     WPWS(ns)     TPWS(ns)  TPWS Failing Endpoints  TPWS Total Endpoints  
    -------      -------  ---------------------  -------------------      -------      -------  ---------------------  -------------------     --------     --------  ----------------------  --------------------  
      0.011        0.000                      0                98119        0.051        0.000                      0                97591        0.000        0.000                       0                 38764  


All user specified timing constraints are met.


------------------------------------------------------------------------------------------------
| Clock Summary
| -------------
------------------------------------------------------------------------------------------------

Clock                                                        Waveform(ns)         Period(ns)      Frequency(MHz)
-----                                                        ------------         ----------      --------------
clk_fpga_0                                                   {0.000 5.000}        10.000          100.000         
  I                                                          {0.000 1.000}        2.000           500.000         
    axi_dynclk_0_PXL_CLK_O                                   {0.000 4.000}        10.000          100.000         
    lesion_i/video/hdmi_out/frontend/rgb2dvi_0/U0/SerialClk  {0.000 1.000}        2.000           500.000         
  mmcm_fbclk_out                                             {0.000 5.000}        10.000          100.000         
clk_fpga_1                                                   {0.000 3.500}        7.000           142.857         
clk_fpga_2                                                   {0.000 2.500}        5.000           200.000         
clk_fpga_3                                                   {0.000 5.000}        10.000          100.000         
hdmi_in_clk_p                                                {0.000 4.167}        8.333           120.005         
  CLKFBIN                                                    {0.000 4.167}        8.333           120.005         
  CLK_OUT_5x_hdmi_clk                                        {0.000 0.833}        1.667           600.024         
    hdmi_in_PixelClk                                         {0.000 3.333}        8.333           120.005         


------------------------------------------------------------------------------------------------
| Intra Clock Table
| -----------------
------------------------------------------------------------------------------------------------

Clock                                                            WNS(ns)      TNS(ns)  TNS Failing Endpoints  TNS Total Endpoints      WHS(ns)      THS(ns)  THS Failing Endpoints  THS Total Endpoints     WPWS(ns)     TPWS(ns)  TPWS Failing Endpoints  TPWS Total Endpoints  
-----                                                            -------      -------  ---------------------  -------------------      -------      -------  ---------------------  -------------------     --------     --------  ----------------------  --------------------  
clk_fpga_0                                                         0.011        0.000                      0                66370        0.051        0.000                      0                66370        2.500        0.000                       0                 24920  
  I                                                                                                                                                                                                            0.334        0.000                       0                     3  
    axi_dynclk_0_PXL_CLK_O                                         1.165        0.000                      0                 5379        0.106        0.000                      0                 5379        3.020        0.000                       0                  2854  
    lesion_i/video/hdmi_out/frontend/rgb2dvi_0/U0/SerialClk                                                                                                                                                    0.333        0.000                       0                     8  
  mmcm_fbclk_out                                                                                                                                                                                               8.751        0.000                       0                     2  
clk_fpga_1                                                         0.033        0.000                      0                18945        0.056        0.000                      0                18945        2.250        0.000                       0                  7661  
clk_fpga_2                                                         1.106        0.000                      0                  337        0.122        0.000                      0                  337        0.264        0.000                       0                   158  
hdmi_in_clk_p                                                                                                                                                                                                  2.166        0.000                       0                     1  
  CLKFBIN                                                                                                                                                                                                      7.084        0.000                       0                     2  
  CLK_OUT_5x_hdmi_clk                                                                                                                                                                                          0.000        0.000                       0                    15  
    hdmi_in_PixelClk                                               0.948        0.000                      0                 6266        0.059        0.000                      0                 6266        2.083        0.000                       0                  3140  


------------------------------------------------------------------------------------------------
| Inter Clock Table
| -----------------
------------------------------------------------------------------------------------------------

From Clock              To Clock                    WNS(ns)      TNS(ns)  TNS Failing Endpoints  TNS Total Endpoints      WHS(ns)      THS(ns)  THS Failing Endpoints  THS Total Endpoints  
----------              --------                    -------      -------  ---------------------  -------------------      -------      -------  ---------------------  -------------------  
axi_dynclk_0_PXL_CLK_O  clk_fpga_0                    8.428        0.000                      0                   34                                                                        
clk_fpga_1              clk_fpga_0                   28.258        0.000                      0                  144                                                                        
hdmi_in_PixelClk        clk_fpga_0                    5.721        0.000                      0                   34                                                                        
clk_fpga_0              axi_dynclk_0_PXL_CLK_O        8.680        0.000                      0                   42                                                                        
clk_fpga_1              axi_dynclk_0_PXL_CLK_O        5.464        0.000                      0                   23                                                                        
clk_fpga_0              clk_fpga_1                   19.298        0.000                      0                  136                                                                        
axi_dynclk_0_PXL_CLK_O  clk_fpga_1                    8.433        0.000                      0                   23                                                                        
hdmi_in_PixelClk        clk_fpga_1                    6.767        0.000                      0                   25                                                                        
clk_fpga_0              hdmi_in_PixelClk              8.226        0.000                      0                   42                                                                        
clk_fpga_1              hdmi_in_PixelClk              5.442        0.000                      0                   25                                                                        


------------------------------------------------------------------------------------------------
| Other Path Groups Table
| -----------------------
------------------------------------------------------------------------------------------------

Path Group         From Clock         To Clock               WNS(ns)      TNS(ns)  TNS Failing Endpoints  TNS Total Endpoints      WHS(ns)      THS(ns)  THS Failing Endpoints  THS Total Endpoints  
----------         ----------         --------               -------      -------  ---------------------  -------------------      -------      -------  ---------------------  -------------------  
**async_default**  clk_fpga_0         clk_fpga_0               5.384        0.000                      0                  192        0.520        0.000                      0                  192  
**async_default**  clk_fpga_1         clk_fpga_1               3.112        0.000                      0                   96        0.536        0.000                      0                   96  
**async_default**  clk_fpga_2         clk_fpga_2               3.289        0.000                      0                    3        0.456        0.000                      0                    3  
**async_default**  hdmi_in_PixelClk   hdmi_in_PixelClk         4.965        0.000                      0                    3        1.070        0.000                      0                    3  


------------------------------------------------------------------------------------------------
| Timing Details
| --------------
------------------------------------------------------------------------------------------------


---------------------------------------------------------------------------------------------------
From Clock:  clk_fpga_0
  To Clock:  clk_fpga_0

Setup :            0  Failing Endpoints,  Worst Slack        0.011ns,  Total Violation        0.000ns
Hold  :            0  Failing Endpoints,  Worst Slack        0.051ns,  Total Violation        0.000ns
PW    :            0  Failing Endpoints,  Worst Slack        2.500ns,  Total Violation        0.000ns
---------------------------------------------------------------------------------------------------


Max Delay Paths
--------------------------------------------------------------------------------------
Slack (MET) :             0.011ns  (required time - arrival time)
  Source:                 lesion_i/lesion_accel_0/inst/d_load_10_reg_4568_reg[1]/C
                            (rising edge-triggered cell FDRE clocked by clk_fpga_0  {rise@0.000ns fall@5.000ns period=10.000ns})
  Destination:            lesion_i/lesion_accel_0/inst/d_U/ram_reg_0_15_2_2_psdsp_6/D
                            (rising edge-triggered cell FDRE clocked by clk_fpga_0  {rise@0.000ns fall@5.000ns period=10.000ns})
  Path Group:             clk_fpga_0
  Path Type:              Setup (Max at Slow Process Corner)
  Requirement:            10.000ns  (clk_fpga_0 rise@10.000ns - clk_fpga_0 rise@0.000ns)
  Data Path Delay:        9.179ns  (logic 3.610ns (39.330%)  route 5.569ns (60.670%))
  Logic Levels:           14  (CARRY4=9 LUT2=1 LUT5=1 LUT6=2 RAMD32=1)
  Clock Path Skew:        -0.364ns (DCD - SCD + CPR)
    Destination Clock Delay (DCD):    2.671ns = ( 12.672 - 10.000 ) 
    Source Clock Delay      (SCD):    3.164ns
    Clock Pessimism Removal (CPR):    0.129ns
  Clock Uncertainty:      0.154ns  ((TSJ^2 + TIJ^2)^1/2 + DJ) / 2 + PE
    Total System Jitter     (TSJ):    0.071ns
    Total Input Jitter      (TIJ):    0.300ns
    Discrete Jitter          (DJ):    0.000ns
    Phase Error              (PE):    0.000ns

    Location             Delay type                Incr(ns)  Path(ns)    Netlist Resource(s)
  -------------------------------------------------------------------    -------------------
                         (clock clk_fpga_0 rise edge)
                                                      0.000     0.000 r  
    PS7_X0Y0             PS7                          0.000     0.000 r  lesion_i/ps7_0/inst/PS7_i/FCLKCLK[0]
                         net (fo=1, routed)           1.193     1.193    lesion_i/ps7_0/inst/FCLK_CLK_unbuffered[0]
    BUFGCTRL_X0Y16       BUFG (Prop_bufg_I_O)         0.101     1.294 r  lesion_i/ps7_0/inst/buffer_fclk_clk_0.FCLK_CLK_0_BUFG/O
                         net (fo=24933, routed)       1.870     3.164    lesion_i/lesion_accel_0/inst/ap_clk
    SLICE_X106Y31        FDRE                                         r  lesion_i/lesion_accel_0/inst/d_load_10_reg_4568_reg[1]/C
  -------------------------------------------------------------------    -------------------
    SLICE_X106Y31        FDRE (Prop_fdre_C_Q)         0.456     3.620 r  lesion_i/lesion_accel_0/inst/d_load_10_reg_4568_reg[1]/Q
                         net (fo=2, routed)           0.672     4.292    lesion_i/lesion_accel_0/inst/d_U/tmp_product_i_45__0_0[1]
    SLICE_X106Y31        LUT2 (Prop_lut2_I0_O)        0.124     4.416 r  lesion_i/lesion_accel_0/inst/d_U/tmp_product_i_113/O
                         net (fo=1, routed)           0.000     4.416    lesion_i/lesion_accel_0/inst/d_U/tmp_product_i_113_n_5
    SLICE_X106Y31        CARRY4 (Prop_carry4_S[1]_CO[3])
                                                      0.550     4.966 r  lesion_i/lesion_accel_0/inst/d_U/tmp_product_i_82/CO[3]
                         net (fo=1, routed)           0.000     4.966    lesion_i/lesion_accel_0/inst/d_U/tmp_product_i_82_n_5
    SLICE_X106Y32        CARRY4 (Prop_carry4_CI_CO[3])
                                                      0.114     5.080 r  lesion_i/lesion_accel_0/inst/d_U/tmp_product_i_81/CO[3]
                         net (fo=1, routed)           0.000     5.080    lesion_i/lesion_accel_0/inst/d_U/tmp_product_i_81_n_5
    SLICE_X106Y33        CARRY4 (Prop_carry4_CI_CO[3])
                                                      0.114     5.194 r  lesion_i/lesion_accel_0/inst/d_U/tmp_product_i_80/CO[3]
                         net (fo=1, routed)           0.000     5.194    lesion_i/lesion_accel_0/inst/d_U/tmp_product_i_80_n_5
    SLICE_X106Y34        CARRY4 (Prop_carry4_CI_CO[3])
                                                      0.114     5.308 r  lesion_i/lesion_accel_0/inst/d_U/tmp_product_i_62__0/CO[3]
                         net (fo=1, routed)           0.000     5.308    lesion_i/lesion_accel_0/inst/d_U/tmp_product_i_62__0_n_5
    SLICE_X106Y35        CARRY4 (Prop_carry4_CI_CO[3])
                                                      0.114     5.422 r  lesion_i/lesion_accel_0/inst/d_U/tmp_product_i_61/CO[3]
                         net (fo=1, routed)           0.000     5.422    lesion_i/lesion_accel_0/inst/d_U/tmp_product_i_61_n_5
    SLICE_X106Y36        CARRY4 (Prop_carry4_CI_CO[3])
                                                      0.114     5.536 r  lesion_i/lesion_accel_0/inst/d_U/tmp_product_i_60/CO[3]
                         net (fo=1, routed)           0.000     5.536    lesion_i/lesion_accel_0/inst/d_U/tmp_product_i_60_n_5
    SLICE_X106Y37        CARRY4 (Prop_carry4_CI_CO[3])
                                                      0.114     5.650 r  lesion_i/lesion_accel_0/inst/d_U/tmp_product_i_46__0/CO[3]
                         net (fo=1, routed)           0.000     5.650    lesion_i/lesion_accel_0/inst/d_U/tmp_product_i_46__0_n_5
    SLICE_X106Y38        CARRY4 (Prop_carry4_CI_O[1])
                                                      0.334     5.984 r  lesion_i/lesion_accel_0/inst/d_U/tmp_product_i_45__0/O[1]
                         net (fo=1, routed)           0.937     6.920    lesion_i/lesion_accel_0/inst/d_U/add_ln112_fu_3153_p2[29]
    SLICE_X105Y35        LUT6 (Prop_lut6_I3_O)        0.303     7.223 r  lesion_i/lesion_accel_0/inst/d_U/tmp_product_i_25__1/O
                         net (fo=1, routed)           0.000     7.223    lesion_i/lesion_accel_0/inst/d_U/tmp_product_i_25__1_n_5
    SLICE_X105Y35        CARRY4 (Prop_carry4_S[1]_CO[2])
                                                      0.570     7.793 r  lesion_i/lesion_accel_0/inst/d_U/tmp_product_i_18__1/CO[2]
                         net (fo=6, routed)           1.666     9.460    lesion_i/lesion_accel_0/inst/d_U/co_reg_3471_reg[30][0]
    SLICE_X66Y39         LUT5 (Prop_lut5_I4_O)        0.313     9.773 f  lesion_i/lesion_accel_0/inst/d_U/ram_reg_0_15_0_0_i_12/O
                         net (fo=1, routed)           0.162     9.935    lesion_i/lesion_accel_0/inst/d_U/ram_reg_0_15_0_0_i_12_n_5
    SLICE_X66Y39         LUT6 (Prop_lut6_I0_O)        0.124    10.059 r  lesion_i/lesion_accel_0/inst/d_U/ram_reg_0_15_0_0_i_3/O
                         net (fo=96, routed)          1.609    11.667    lesion_i/lesion_accel_0/inst/d_U/ram_reg_0_15_2_2/A1
    SLICE_X50Y41         RAMD32 (Prop_ramd32_RADR1_O)
                                                      0.152    11.819 r  lesion_i/lesion_accel_0/inst/d_U/ram_reg_0_15_2_2/SP/O
                         net (fo=9, routed)           0.523    12.343    lesion_i/lesion_accel_0/inst/d_U/q00[2]
    SLICE_X49Y41         FDRE                                         r  lesion_i/lesion_accel_0/inst/d_U/ram_reg_0_15_2_2_psdsp_6/D
  -------------------------------------------------------------------    -------------------

                         (clock clk_fpga_0 rise edge)
                                                     10.000    10.000 r  
    PS7_X0Y0             PS7                          0.000    10.000 r  lesion_i/ps7_0/inst/PS7_i/FCLKCLK[0]
                         net (fo=1, routed)           1.088    11.088    lesion_i/ps7_0/inst/FCLK_CLK_unbuffered[0]
    BUFGCTRL_X0Y16       BUFG (Prop_bufg_I_O)         0.091    11.179 r  lesion_i/ps7_0/inst/buffer_fclk_clk_0.FCLK_CLK_0_BUFG/O
                         net (fo=24933, routed)       1.492    12.672    lesion_i/lesion_accel_0/inst/d_U/ap_clk
    SLICE_X49Y41         FDRE                                         r  lesion_i/lesion_accel_0/inst/d_U/ram_reg_0_15_2_2_psdsp_6/C
                         clock pessimism              0.129    12.800    
                         clock uncertainty           -0.154    12.646    
    SLICE_X49Y41         FDRE (Setup_fdre_C_D)       -0.293    12.353    lesion_i/lesion_accel_0/inst/d_U/ram_reg_0_15_2_2_psdsp_6
  -------------------------------------------------------------------
                         required time                         12.353    
                         arrival time                         -12.343    
  -------------------------------------------------------------------
                         slack                                  0.011    





Min Delay Paths
--------------------------------------------------------------------------------------
Slack (MET) :             0.051ns  (arrival time - required time)
  Source:                 lesion_i/lesion_accel_0/inst/controlmem_m_axi_U/load_unit_0/tmp_addr_reg[22]/C
                            (rising edge-triggered cell FDRE clocked by clk_fpga_0  {rise@0.000ns fall@5.000ns period=10.000ns})
  Destination:            lesion_i/lesion_accel_0/inst/controlmem_m_axi_U/bus_read/rreq_burst_conv/burst_sequential/rs_req/data_p2_reg[22]/D
                            (rising edge-triggered cell FDRE clocked by clk_fpga_0  {rise@0.000ns fall@5.000ns period=10.000ns})
  Path Group:             clk_fpga_0
  Path Type:              Hold (Min at Fast Process Corner)
  Requirement:            0.000ns  (clk_fpga_0 rise@0.000ns - clk_fpga_0 rise@0.000ns)
  Data Path Delay:        0.380ns  (logic 0.141ns (37.088%)  route 0.239ns (62.912%))
  Logic Levels:           0  
  Clock Path Skew:        0.259ns (DCD - SCD - CPR)
    Destination Clock Delay (DCD):    1.184ns
    Source Clock Delay      (SCD):    0.890ns
    Clock Pessimism Removal (CPR):    0.035ns

    Location             Delay type                Incr(ns)  Path(ns)    Netlist Resource(s)
  -------------------------------------------------------------------    -------------------
                         (clock clk_fpga_0 rise edge)
                                                      0.000     0.000 r  
    PS7_X0Y0             PS7                          0.000     0.000 r  lesion_i/ps7_0/inst/PS7_i/FCLKCLK[0]
                         net (fo=1, routed)           0.310     0.310    lesion_i/ps7_0/inst/FCLK_CLK_unbuffered[0]
    BUFGCTRL_X0Y16       BUFG (Prop_bufg_I_O)         0.026     0.336 r  lesion_i/ps7_0/inst/buffer_fclk_clk_0.FCLK_CLK_0_BUFG/O
                         net (fo=24933, routed)       0.554     0.890    lesion_i/lesion_accel_0/inst/controlmem_m_axi_U/load_unit_0/ap_clk
    SLICE_X43Y89         FDRE                                         r  lesion_i/lesion_accel_0/inst/controlmem_m_axi_U/load_unit_0/tmp_addr_reg[22]/C
  -------------------------------------------------------------------    -------------------
    SLICE_X43Y89         FDRE (Prop_fdre_C_Q)         0.141     1.031 r  lesion_i/lesion_accel_0/inst/controlmem_m_axi_U/load_unit_0/tmp_addr_reg[22]/Q
                         net (fo=2, routed)           0.239     1.270    lesion_i/lesion_accel_0/inst/controlmem_m_axi_U/bus_read/rreq_burst_conv/burst_sequential/rs_req/data_p2_reg[95]_0[20]
    SLICE_X52Y88         FDRE                                         r  lesion_i/lesion_accel_0/inst/controlmem_m_axi_U/bus_read/rreq_burst_conv/burst_sequential/rs_req/data_p2_reg[22]/D
  -------------------------------------------------------------------    -------------------

                         (clock clk_fpga_0 rise edge)
                                                      0.000     0.000 r  
    PS7_X0Y0             PS7                          0.000     0.000 r  lesion_i/ps7_0/inst/PS7_i/FCLKCLK[0]
                         net (fo=1, routed)           0.337     0.337    lesion_i/ps7_0/inst/FCLK_CLK_unbuffered[0]
    BUFGCTRL_X0Y16       BUFG (Prop_bufg_I_O)         0.029     0.366 r  lesion_i/ps7_0/inst/buffer_fclk_clk_0.FCLK_CLK_0_BUFG/O
                         net (fo=24933, routed)       0.818     1.184    lesion_i/lesion_accel_0/inst/controlmem_m_axi_U/bus_read/rreq_burst_conv/burst_sequential/rs_req/ap_clk
    SLICE_X52Y88         FDRE                                         r  lesion_i/lesion_accel_0/inst/controlmem_m_axi_U/bus_read/rreq_burst_conv/burst_sequential/rs_req/data_p2_reg[22]/C
                         clock pessimism             -0.035     1.149    
    SLICE_X52Y88         FDRE (Hold_fdre_C_D)         0.070     1.219    lesion_i/lesion_accel_0/inst/controlmem_m_axi_U/bus_read/rreq_burst_conv/burst_sequential/rs_req/data_p2_reg[22]
  -------------------------------------------------------------------
                         required time                         -1.219    
                         arrival time                           1.270    
  -------------------------------------------------------------------
                         slack                                  0.051    





Pulse Width Checks
--------------------------------------------------------------------------------------
Clock Name:         clk_fpga_0
Waveform(ns):       { 0.000 5.000 }
Period(ns):         10.000
Sources:            { lesion_i/ps7_0/inst/PS7_i/FCLKCLK[0] }

Check Type        Corner  Lib Pin            Reference Pin  Required(ns)  Actual(ns)  Slack(ns)  Location         Pin
Min Period        n/a     MMCME2_ADV/DCLK    n/a            4.999         10.000      5.001      MMCME2_ADV_X1Y2  lesion_i/video/hdmi_out/frontend/axi_dynclk/U0/Inst_mmcme2_drp/mmcm_adv_inst/DCLK
Max Period        n/a     MMCME2_ADV/CLKIN1  n/a            100.000       10.000      90.000     MMCME2_ADV_X1Y2  lesion_i/video/hdmi_out/frontend/axi_dynclk/U0/Inst_mmcme2_drp/mmcm_adv_inst/CLKIN1
Low Pulse Width   Slow    MMCME2_ADV/DCLK    n/a            2.499         5.000       2.501      MMCME2_ADV_X1Y2  lesion_i/video/hdmi_out/frontend/axi_dynclk/U0/Inst_mmcme2_drp/mmcm_adv_inst/DCLK
High Pulse Width  Slow    MMCME2_ADV/DCLK    n/a            2.499         5.000       2.501      MMCME2_ADV_X1Y2  lesion_i/video/hdmi_out/frontend/axi_dynclk/U0/Inst_mmcme2_drp/mmcm_adv_inst/DCLK



---------------------------------------------------------------------------------------------------
From Clock:  I
  To Clock:  I

Setup :           NA  Failing Endpoints,  Worst Slack           NA  ,  Total Violation           NA
Hold  :           NA  Failing Endpoints,  Worst Slack           NA  ,  Total Violation           NA
PW    :            0  Failing Endpoints,  Worst Slack        0.334ns,  Total Violation        0.000ns
---------------------------------------------------------------------------------------------------


Pulse Width Checks
--------------------------------------------------------------------------------------
Clock Name:         I
Waveform(ns):       { 0.000 1.000 }
Period(ns):         2.000
Sources:            { lesion_i/video/hdmi_out/frontend/axi_dynclk/U0/Inst_mmcme2_drp/mmcm_adv_inst/CLKOUT0 }

Check Type  Corner  Lib Pin             Reference Pin  Required(ns)  Actual(ns)  Slack(ns)  Location         Pin
Min Period  n/a     BUFIO/I             n/a            1.666         2.000       0.334      BUFIO_X1Y9       lesion_i/video/hdmi_out/frontend/axi_dynclk/U0/BUFIO_inst/I
Max Period  n/a     MMCME2_ADV/CLKOUT0  n/a            213.360       2.000       211.360    MMCME2_ADV_X1Y2  lesion_i/video/hdmi_out/frontend/axi_dynclk/U0/Inst_mmcme2_drp/mmcm_adv_inst/CLKOUT0



---------------------------------------------------------------------------------------------------
From Clock:  axi_dynclk_0_PXL_CLK_O
  To Clock:  axi_dynclk_0_PXL_CLK_O

Setup :            0  Failing Endpoints,  Worst Slack        1.165ns,  Total Violation        0.000ns
Hold  :            0  Failing Endpoints,  Worst Slack        0.106ns,  Total Violation        0.000ns
PW    :            0  Failing Endpoints,  Worst Slack        3.020ns,  Total Violation        0.000ns
---------------------------------------------------------------------------------------------------


Max Delay Paths
--------------------------------------------------------------------------------------
Slack (MET) :             1.165ns  (required time - arrival time)
  Source:                 lesion_wrapper/lesion/video_imp_15QDWM9/hdmi_out_imp_1SB5NOD/frontend_imp_DZ8CGD/lesion_vtc_out_0/<hidden>/<hidden>/<hidden>
                            (rising edge-triggered cell FDRE clocked by axi_dynclk_0_PXL_CLK_O  {rise@0.000ns fall@4.000ns period=10.000ns})
  Destination:            lesion_wrapper/lesion/video_imp_15QDWM9/hdmi_out_imp_1SB5NOD/frontend_imp_DZ8CGD/lesion_vtc_out_0/<hidden>/<hidden>/<hidden>
                            (rising edge-triggered cell FDRE clocked by axi_dynclk_0_PXL_CLK_O  {rise@0.000ns fall@4.000ns period=10.000ns})
  Path Group:             axi_dynclk_0_PXL_CLK_O
  Path Type:              Setup (Max at Slow Process Corner)
  Requirement:            10.000ns  (axi_dynclk_0_PXL_CLK_O rise@10.000ns - axi_dynclk_0_PXL_CLK_O rise@0.000ns)
  Data Path Delay:        8.140ns  (logic 0.478ns (5.872%)  route 7.662ns (94.128%))
  Logic Levels:           0  
  Clock Path Skew:        -0.029ns (DCD - SCD + CPR)
    Destination Clock Delay (DCD):    5.808ns = ( 15.808 - 10.000 ) 
    Source Clock Delay      (SCD):    6.407ns
    Clock Pessimism Removal (CPR):    0.570ns
  Clock Uncertainty:      0.066ns  ((TSJ^2 + DJ^2)^1/2) / 2 + PE
    Total System Jitter     (TSJ):    0.071ns
    Discrete Jitter          (DJ):    0.112ns
    Phase Error              (PE):    0.000ns

    Location             Delay type                Incr(ns)  Path(ns)    Netlist Resource(s)
  -------------------------------------------------------------------    -------------------
                         (clock axi_dynclk_0_PXL_CLK_O rise edge)
                                                      0.000     0.000 r  
    PS7_X0Y0             PS7                          0.000     0.000 r  lesion_i/ps7_0/inst/PS7_i/FCLKCLK[0]
                         net (fo=1, routed)           1.193     1.193    lesion_i/ps7_0/inst/FCLK_CLK_unbuffered[0]
    BUFGCTRL_X0Y16       BUFG (Prop_bufg_I_O)         0.101     1.294 r  lesion_i/ps7_0/inst/buffer_fclk_clk_0.FCLK_CLK_0_BUFG/O
                         net (fo=24933, routed)       1.980     3.274    lesion_i/video/hdmi_out/frontend/axi_dynclk/U0/Inst_mmcme2_drp/REF_CLK_I
    MMCME2_ADV_X1Y2      MMCME2_ADV (Prop_mmcme2_adv_CLKIN1_CLKOUT0)
                                                      0.088     3.362 r  lesion_i/video/hdmi_out/frontend/axi_dynclk/U0/Inst_mmcme2_drp/mmcm_adv_inst/CLKOUT0
                         net (fo=2, routed)           1.063     4.425    lesion_i/video/hdmi_out/frontend/axi_dynclk/U0/I
    BUFR_X1Y9            BUFR (Prop_bufr_I_O)         1.031     5.456 r  lesion_i/video/hdmi_out/frontend/axi_dynclk/U0/BUFR_inst/O
                         net (fo=2854, routed)        0.951     6.407    lesion_wrapper/lesion/video_imp_15QDWM9/hdmi_out_imp_1SB5NOD/frontend_imp_DZ8CGD/lesion_vtc_out_0/<hidden>/<hidden>/<hidden>
    SLICE_X82Y124        FDRE                                         r  lesion_wrapper/lesion/video_imp_15QDWM9/hdmi_out_imp_1SB5NOD/frontend_imp_DZ8CGD/lesion_vtc_out_0/<hidden>/<hidden>/<hidden>
  -------------------------------------------------------------------    -------------------
    SLICE_X82Y124        FDRE (Prop_fdre_C_Q)         0.478     6.885 r  lesion_wrapper/lesion/video_imp_15QDWM9/hdmi_out_imp_1SB5NOD/frontend_imp_DZ8CGD/lesion_vtc_out_0/<hidden>/<hidden>/<hidden>
                         net (fo=128, routed)         7.662    14.547    lesion_wrapper/lesion/video_imp_15QDWM9/hdmi_out_imp_1SB5NOD/frontend_imp_DZ8CGD/lesion_vtc_out_0/<hidden>/<hidden>/<hidden>
    SLICE_X65Y130        FDRE                                         r  lesion_wrapper/lesion/video_imp_15QDWM9/hdmi_out_imp_1SB5NOD/frontend_imp_DZ8CGD/lesion_vtc_out_0/<hidden>/<hidden>/<hidden>
  -------------------------------------------------------------------    -------------------

                         (clock axi_dynclk_0_PXL_CLK_O rise edge)
                                                     10.000    10.000 r  
    PS7_X0Y0             PS7                          0.000    10.000 r  lesion_i/ps7_0/inst/PS7_i/FCLKCLK[0]
                         net (fo=1, routed)           1.088    11.088    lesion_i/ps7_0/inst/FCLK_CLK_unbuffered[0]
    BUFGCTRL_X0Y16       BUFG (Prop_bufg_I_O)         0.091    11.179 r  lesion_i/ps7_0/inst/buffer_fclk_clk_0.FCLK_CLK_0_BUFG/O
                         net (fo=24933, routed)       1.770    12.949    lesion_i/video/hdmi_out/frontend/axi_dynclk/U0/Inst_mmcme2_drp/REF_CLK_I
    MMCME2_ADV_X1Y2      MMCME2_ADV (Prop_mmcme2_adv_CLKIN1_CLKOUT0)
                                                      0.083    13.032 r  lesion_i/video/hdmi_out/frontend/axi_dynclk/U0/Inst_mmcme2_drp/mmcm_adv_inst/CLKOUT0
                         net (fo=2, routed)           0.960    13.992    lesion_i/video/hdmi_out/frontend/axi_dynclk/U0/I
    BUFR_X1Y9            BUFR (Prop_bufr_I_O)         0.918    14.910 r  lesion_i/video/hdmi_out/frontend/axi_dynclk/U0/BUFR_inst/O
                         net (fo=2854, routed)        0.898    15.808    lesion_wrapper/lesion/video_imp_15QDWM9/hdmi_out_imp_1SB5NOD/frontend_imp_DZ8CGD/lesion_vtc_out_0/<hidden>/<hidden>/<hidden>
    SLICE_X65Y130        FDRE                                         r  lesion_wrapper/lesion/video_imp_15QDWM9/hdmi_out_imp_1SB5NOD/frontend_imp_DZ8CGD/lesion_vtc_out_0/<hidden>/<hidden>/<hidden>
                         clock pessimism              0.570    16.378    
                         clock uncertainty           -0.066    16.312    
    SLICE_X65Y130        FDRE (Setup_fdre_C_R)       -0.600    15.712    lesion_wrapper/lesion/video_imp_15QDWM9/hdmi_out_imp_1SB5NOD/frontend_imp_DZ8CGD/lesion_vtc_out_0/<hidden>/<hidden>/<hidden>
  -------------------------------------------------------------------
                         required time                         15.712    
                         arrival time                         -14.547    
  -------------------------------------------------------------------
                         slack                                  1.165    





Min Delay Paths
--------------------------------------------------------------------------------------
Slack (MET) :             0.106ns  (arrival time - required time)
  Source:                 lesion_wrapper/lesion/video_imp_15QDWM9/hdmi_out_imp_1SB5NOD/frontend_imp_DZ8CGD/lesion_vtc_out_0/<hidden>/<hidden>
                            (rising edge-triggered cell FDRE clocked by axi_dynclk_0_PXL_CLK_O  {rise@0.000ns fall@4.000ns period=10.000ns})
  Destination:            lesion_wrapper/lesion/video_imp_15QDWM9/hdmi_out_imp_1SB5NOD/frontend_imp_DZ8CGD/lesion_vtc_out_0/<hidden>/<hidden>/<hidden>
                            (rising edge-triggered cell FDRE clocked by axi_dynclk_0_PXL_CLK_O  {rise@0.000ns fall@4.000ns period=10.000ns})
  Path Group:             axi_dynclk_0_PXL_CLK_O
  Path Type:              Hold (Min at Fast Process Corner)
  Requirement:            0.000ns  (axi_dynclk_0_PXL_CLK_O rise@0.000ns - axi_dynclk_0_PXL_CLK_O rise@0.000ns)
  Data Path Delay:        0.240ns  (logic 0.186ns (77.466%)  route 0.054ns (22.534%))
  Logic Levels:           1  (LUT3=1)
  Clock Path Skew:        0.013ns (DCD - SCD - CPR)
    Destination Clock Delay (DCD):    2.549ns
    Source Clock Delay      (SCD):    2.006ns
    Clock Pessimism Removal (CPR):    0.530ns

    Location             Delay type                Incr(ns)  Path(ns)    Netlist Resource(s)
  -------------------------------------------------------------------    -------------------
                         (clock axi_dynclk_0_PXL_CLK_O rise edge)
                                                      0.000     0.000 r  
    PS7_X0Y0             PS7                          0.000     0.000 r  lesion_i/ps7_0/inst/PS7_i/FCLKCLK[0]
                         net (fo=1, routed)           0.310     0.310    lesion_i/ps7_0/inst/FCLK_CLK_unbuffered[0]
    BUFGCTRL_X0Y16       BUFG (Prop_bufg_I_O)         0.026     0.336 r  lesion_i/ps7_0/inst/buffer_fclk_clk_0.FCLK_CLK_0_BUFG/O
                         net (fo=24933, routed)       0.672     1.008    lesion_i/video/hdmi_out/frontend/axi_dynclk/U0/Inst_mmcme2_drp/REF_CLK_I
    MMCME2_ADV_X1Y2      MMCME2_ADV (Prop_mmcme2_adv_CLKIN1_CLKOUT0)
                                                      0.050     1.058 r  lesion_i/video/hdmi_out/frontend/axi_dynclk/U0/Inst_mmcme2_drp/mmcm_adv_inst/CLKOUT0
                         net (fo=2, routed)           0.363     1.421    lesion_i/video/hdmi_out/frontend/axi_dynclk/U0/I
    BUFR_X1Y9            BUFR (Prop_bufr_I_O)         0.270     1.691 r  lesion_i/video/hdmi_out/frontend/axi_dynclk/U0/BUFR_inst/O
                         net (fo=2854, routed)        0.315     2.006    lesion_wrapper/lesion/video_imp_15QDWM9/hdmi_out_imp_1SB5NOD/frontend_imp_DZ8CGD/lesion_vtc_out_0/<hidden>/<hidden>
    SLICE_X59Y118        FDRE                                         r  lesion_wrapper/lesion/video_imp_15QDWM9/hdmi_out_imp_1SB5NOD/frontend_imp_DZ8CGD/lesion_vtc_out_0/<hidden>/<hidden>
  -------------------------------------------------------------------    -------------------
    SLICE_X59Y118        FDRE (Prop_fdre_C_Q)         0.141     2.147 r  lesion_wrapper/lesion/video_imp_15QDWM9/hdmi_out_imp_1SB5NOD/frontend_imp_DZ8CGD/lesion_vtc_out_0/<hidden>/<hidden>
                         net (fo=1, routed)           0.054     2.201    lesion_wrapper/lesion/video_imp_15QDWM9/hdmi_out_imp_1SB5NOD/frontend_imp_DZ8CGD/lesion_vtc_out_0/<hidden>/<hidden>/<hidden>
    SLICE_X58Y118        LUT3 (Prop_lut3_I2_O)        0.045     2.246 r  lesion_wrapper/lesion/video_imp_15QDWM9/hdmi_out_imp_1SB5NOD/frontend_imp_DZ8CGD/lesion_vtc_out_0/<hidden>/<hidden>/<hidden>
                         net (fo=1, routed)           0.000     2.246    lesion_wrapper/lesion/video_imp_15QDWM9/hdmi_out_imp_1SB5NOD/frontend_imp_DZ8CGD/lesion_vtc_out_0/<hidden>/<hidden>/<hidden>
    SLICE_X58Y118        FDRE                                         r  lesion_wrapper/lesion/video_imp_15QDWM9/hdmi_out_imp_1SB5NOD/frontend_imp_DZ8CGD/lesion_vtc_out_0/<hidden>/<hidden>/<hidden>
  -------------------------------------------------------------------    -------------------

                         (clock axi_dynclk_0_PXL_CLK_O rise edge)
                                                      0.000     0.000 r  
    PS7_X0Y0             PS7                          0.000     0.000 r  lesion_i/ps7_0/inst/PS7_i/FCLKCLK[0]
                         net (fo=1, routed)           0.337     0.337    lesion_i/ps7_0/inst/FCLK_CLK_unbuffered[0]
    BUFGCTRL_X0Y16       BUFG (Prop_bufg_I_O)         0.029     0.366 r  lesion_i/ps7_0/inst/buffer_fclk_clk_0.FCLK_CLK_0_BUFG/O
                         net (fo=24933, routed)       0.945     1.311    lesion_i/video/hdmi_out/frontend/axi_dynclk/U0/Inst_mmcme2_drp/REF_CLK_I
    MMCME2_ADV_X1Y2      MMCME2_ADV (Prop_mmcme2_adv_CLKIN1_CLKOUT0)
                                                      0.053     1.364 r  lesion_i/video/hdmi_out/frontend/axi_dynclk/U0/Inst_mmcme2_drp/mmcm_adv_inst/CLKOUT0
                         net (fo=2, routed)           0.402     1.766    lesion_i/video/hdmi_out/frontend/axi_dynclk/U0/I
    BUFR_X1Y9            BUFR (Prop_bufr_I_O)         0.431     2.197 r  lesion_i/video/hdmi_out/frontend/axi_dynclk/U0/BUFR_inst/O
                         net (fo=2854, routed)        0.352     2.549    lesion_wrapper/lesion/video_imp_15QDWM9/hdmi_out_imp_1SB5NOD/frontend_imp_DZ8CGD/lesion_vtc_out_0/<hidden>/<hidden>/<hidden>
    SLICE_X58Y118        FDRE                                         r  lesion_wrapper/lesion/video_imp_15QDWM9/hdmi_out_imp_1SB5NOD/frontend_imp_DZ8CGD/lesion_vtc_out_0/<hidden>/<hidden>/<hidden>
                         clock pessimism             -0.530     2.019    
    SLICE_X58Y118        FDRE (Hold_fdre_C_D)         0.121     2.140    lesion_wrapper/lesion/video_imp_15QDWM9/hdmi_out_imp_1SB5NOD/frontend_imp_DZ8CGD/lesion_vtc_out_0/<hidden>/<hidden>/<hidden>
  -------------------------------------------------------------------
                         required time                         -2.140    
                         arrival time                           2.246    
  -------------------------------------------------------------------
                         slack                                  0.106    





Pulse Width Checks
--------------------------------------------------------------------------------------
Clock Name:         axi_dynclk_0_PXL_CLK_O
Waveform(ns):       { 0.000 4.000 }
Period(ns):         10.000
Sources:            { lesion_i/video/hdmi_out/frontend/axi_dynclk/U0/BUFR_inst/O }

Check Type        Corner  Lib Pin             Reference Pin  Required(ns)  Actual(ns)  Slack(ns)  Location       Pin
Min Period        n/a     RAMB36E1/CLKBWRCLK  n/a            2.576         10.000      7.424      RAMB36_X5Y26   lesion_i/video/hdmi_out/frontend/v_axi4s_vid_out_0/inst/COUPLER_INST/generate_async_fifo.FIFO_INST/XPM_FIFO_ASYNC_INST/gnuram_async_fifo.xpm_fifo_base_inst/gen_sdpram.xpm_memory_base_inst/gen_wr_a.gen_word_narrow.mem_reg_0/CLKBWRCLK
Low Pulse Width   Slow    SRL16E/CLK          n/a            0.980         6.000       5.020      SLICE_X62Y130  lesion_wrapper/lesion/video_imp_15QDWM9/hdmi_out_imp_1SB5NOD/frontend_imp_DZ8CGD/lesion_vtc_out_0/<hidden>/<hidden>
High Pulse Width  Slow    SRL16E/CLK          n/a            0.980         4.000       3.020      SLICE_X62Y130  lesion_wrapper/lesion/video_imp_15QDWM9/hdmi_out_imp_1SB5NOD/frontend_imp_DZ8CGD/lesion_vtc_out_0/<hidden>/<hidden>



---------------------------------------------------------------------------------------------------
From Clock:  lesion_i/video/hdmi_out/frontend/rgb2dvi_0/U0/SerialClk
  To Clock:  lesion_i/video/hdmi_out/frontend/rgb2dvi_0/U0/SerialClk

Setup :           NA  Failing Endpoints,  Worst Slack           NA  ,  Total Violation           NA
Hold  :           NA  Failing Endpoints,  Worst Slack           NA  ,  Total Violation           NA
PW    :            0  Failing Endpoints,  Worst Slack        0.333ns,  Total Violation        0.000ns
---------------------------------------------------------------------------------------------------


Pulse Width Checks
--------------------------------------------------------------------------------------
Clock Name:         lesion_i/video/hdmi_out/frontend/rgb2dvi_0/U0/SerialClk
Waveform(ns):       { 0.000 1.000 }
Period(ns):         2.000
Sources:            { lesion_i/video/hdmi_out/frontend/rgb2dvi_0/U0/SerialClk }

Check Type  Corner  Lib Pin        Reference Pin  Required(ns)  Actual(ns)  Slack(ns)  Location       Pin
Min Period  n/a     OSERDESE2/CLK  n/a            1.667         2.000       0.333      OLOGIC_X1Y128  lesion_i/video/hdmi_out/frontend/rgb2dvi_0/U0/ClockSerializer/SerializerMaster/CLK



---------------------------------------------------------------------------------------------------
From Clock:  mmcm_fbclk_out
  To Clock:  mmcm_fbclk_out

Setup :           NA  Failing Endpoints,  Worst Slack           NA  ,  Total Violation           NA
Hold  :           NA  Failing Endpoints,  Worst Slack           NA  ,  Total Violation           NA
PW    :            0  Failing Endpoints,  Worst Slack        8.751ns,  Total Violation        0.000ns
---------------------------------------------------------------------------------------------------


Pulse Width Checks
--------------------------------------------------------------------------------------
Clock Name:         mmcm_fbclk_out
Waveform(ns):       { 0.000 5.000 }
Period(ns):         10.000
Sources:            { lesion_i/video/hdmi_out/frontend/axi_dynclk/U0/Inst_mmcme2_drp/mmcm_adv_inst/CLKFBOUT }

Check Type  Corner  Lib Pin              Reference Pin  Required(ns)  Actual(ns)  Slack(ns)  Location         Pin
Min Period  n/a     MMCME2_ADV/CLKFBOUT  n/a            1.249         10.000      8.751      MMCME2_ADV_X1Y2  lesion_i/video/hdmi_out/frontend/axi_dynclk/U0/Inst_mmcme2_drp/mmcm_adv_inst/CLKFBOUT
Max Period  n/a     MMCME2_ADV/CLKFBIN   n/a            100.000       10.000      90.000     MMCME2_ADV_X1Y2  lesion_i/video/hdmi_out/frontend/axi_dynclk/U0/Inst_mmcme2_drp/mmcm_adv_inst/CLKFBIN



---------------------------------------------------------------------------------------------------
From Clock:  clk_fpga_1
  To Clock:  clk_fpga_1

Setup :            0  Failing Endpoints,  Worst Slack        0.033ns,  Total Violation        0.000ns
Hold  :            0  Failing Endpoints,  Worst Slack        0.056ns,  Total Violation        0.000ns
PW    :            0  Failing Endpoints,  Worst Slack        2.250ns,  Total Violation        0.000ns
---------------------------------------------------------------------------------------------------


Max Delay Paths
--------------------------------------------------------------------------------------
Slack (MET) :             0.033ns  (required time - arrival time)
  Source:                 lesion_i/video/axi_vdma/U0/I_PRMRY_DATAMOVER/GEN_MM2S_FULL.I_MM2S_FULL_WRAPPER/I_RD_DATA_CNTL/sig_dqual_reg_full_reg/C
                            (rising edge-triggered cell FDRE clocked by clk_fpga_1  {rise@0.000ns fall@3.500ns period=7.000ns})
  Destination:            lesion_i/video/axi_mem_intercon/s01_couplers/auto_us/inst/gen_upsizer.gen_full_upsizer.axi_upsizer_inst/USE_READ.gen_non_fifo_r_upsizer.mi_register_slice_inst/r.r_pipe/s_ready_i_reg/D
                            (rising edge-triggered cell FDRE clocked by clk_fpga_1  {rise@0.000ns fall@3.500ns period=7.000ns})
  Path Group:             clk_fpga_1
  Path Type:              Setup (Max at Slow Process Corner)
  Requirement:            7.000ns  (clk_fpga_1 rise@7.000ns - clk_fpga_1 rise@0.000ns)
  Data Path Delay:        6.498ns  (logic 1.498ns (23.053%)  route 5.000ns (76.947%))
  Logic Levels:           6  (LUT2=1 LUT3=1 LUT4=1 LUT5=1 LUT6=2)
  Clock Path Skew:        -0.311ns (DCD - SCD + CPR)
    Destination Clock Delay (DCD):    2.698ns = ( 9.698 - 7.000 ) 
    Source Clock Delay      (SCD):    3.138ns
    Clock Pessimism Removal (CPR):    0.129ns
  Clock Uncertainty:      0.111ns  ((TSJ^2 + TIJ^2)^1/2 + DJ) / 2 + PE
    Total System Jitter     (TSJ):    0.071ns
    Total Input Jitter      (TIJ):    0.210ns
    Discrete Jitter          (DJ):    0.000ns
    Phase Error              (PE):    0.000ns

    Location             Delay type                Incr(ns)  Path(ns)    Netlist Resource(s)
  -------------------------------------------------------------------    -------------------
                         (clock clk_fpga_1 rise edge)
                                                      0.000     0.000 r  
    PS7_X0Y0             PS7                          0.000     0.000 r  lesion_i/ps7_0/inst/PS7_i/FCLKCLK[1]
                         net (fo=1, routed)           1.193     1.193    lesion_i/ps7_0/inst/FCLK_CLK_unbuffered[1]
    BUFGCTRL_X0Y17       BUFG (Prop_bufg_I_O)         0.101     1.294 r  lesion_i/ps7_0/inst/buffer_fclk_clk_1.FCLK_CLK_1_BUFG/O
                         net (fo=7661, routed)        1.844     3.138    lesion_i/video/axi_vdma/U0/I_PRMRY_DATAMOVER/GEN_MM2S_FULL.I_MM2S_FULL_WRAPPER/I_RD_DATA_CNTL/m_axi_mm2s_aclk
    SLICE_X34Y105        FDRE                                         r  lesion_i/video/axi_vdma/U0/I_PRMRY_DATAMOVER/GEN_MM2S_FULL.I_MM2S_FULL_WRAPPER/I_RD_DATA_CNTL/sig_dqual_reg_full_reg/C
  -------------------------------------------------------------------    -------------------
    SLICE_X34Y105        FDRE (Prop_fdre_C_Q)         0.518     3.656 r  lesion_i/video/axi_vdma/U0/I_PRMRY_DATAMOVER/GEN_MM2S_FULL.I_MM2S_FULL_WRAPPER/I_RD_DATA_CNTL/sig_dqual_reg_full_reg/Q
                         net (fo=2, routed)           1.029     4.685    lesion_i/video/axi_vdma/U0/I_PRMRY_DATAMOVER/GEN_MM2S_FULL.I_MM2S_FULL_WRAPPER/I_RD_DATA_CNTL/sig_dqual_reg_full
    SLICE_X34Y104        LUT5 (Prop_lut5_I0_O)        0.124     4.809 r  lesion_i/video/axi_vdma/U0/I_PRMRY_DATAMOVER/GEN_MM2S_FULL.I_MM2S_FULL_WRAPPER/I_RD_DATA_CNTL/m_axi_mm2s_rready_INST_0_i_2/O
                         net (fo=4, routed)           0.649     5.458    lesion_i/video/axi_vdma/U0/I_PRMRY_DATAMOVER/GEN_MM2S_FULL.I_MM2S_FULL_WRAPPER/I_RD_DATA_CNTL/m_axi_mm2s_rready_INST_0_i_2_n_0
    SLICE_X35Y99         LUT6 (Prop_lut6_I5_O)        0.124     5.582 r  lesion_i/video/axi_vdma/U0/I_PRMRY_DATAMOVER/GEN_MM2S_FULL.I_MM2S_FULL_WRAPPER/I_RD_DATA_CNTL/m_axi_mm2s_rready_INST_0/O
                         net (fo=2, routed)           0.586     6.168    lesion_i/video/axi_mem_intercon/s01_couplers/auto_pc/inst/gen_axi4_axi3.axi3_conv_inst/USE_READ.USE_SPLIT_R.read_addr_inst/USE_R_CHANNEL.cmd_queue/inst/s_axi_rready
    SLICE_X35Y98         LUT3 (Prop_lut3_I0_O)        0.124     6.292 r  lesion_i/video/axi_mem_intercon/s01_couplers/auto_pc/inst/gen_axi4_axi3.axi3_conv_inst/USE_READ.USE_SPLIT_R.read_addr_inst/USE_R_CHANNEL.cmd_queue/inst/m_axi_rready_INST_0/O
                         net (fo=4, routed)           0.815     7.107    lesion_i/video/axi_mem_intercon/s01_couplers/auto_us/inst/gen_upsizer.gen_full_upsizer.axi_upsizer_inst/USE_READ.read_addr_inst/GEN_CMD_QUEUE.cmd_queue/s_axi_rready
    SLICE_X34Y91         LUT2 (Prop_lut2_I0_O)        0.153     7.260 r  lesion_i/video/axi_mem_intercon/s01_couplers/auto_us/inst/gen_upsizer.gen_full_upsizer.axi_upsizer_inst/USE_READ.read_addr_inst/GEN_CMD_QUEUE.cmd_queue/s_ready_i_i_4/O
                         net (fo=1, routed)           0.439     7.700    lesion_i/video/axi_mem_intercon/s01_couplers/auto_us/inst/gen_upsizer.gen_full_upsizer.axi_upsizer_inst/USE_READ.read_addr_inst/GEN_CMD_QUEUE.cmd_queue/s_ready_i_i_4_n_0
    SLICE_X32Y90         LUT6 (Prop_lut6_I5_O)        0.331     8.031 r  lesion_i/video/axi_mem_intercon/s01_couplers/auto_us/inst/gen_upsizer.gen_full_upsizer.axi_upsizer_inst/USE_READ.read_addr_inst/GEN_CMD_QUEUE.cmd_queue/s_ready_i_i_2/O
                         net (fo=69, routed)          0.876     8.906    lesion_i/video/axi_mem_intercon/s01_couplers/auto_us/inst/gen_upsizer.gen_full_upsizer.axi_upsizer_inst/USE_READ.read_addr_inst/GEN_CMD_QUEUE.cmd_queue/E[0]
    SLICE_X31Y84         LUT4 (Prop_lut4_I0_O)        0.124     9.030 r  lesion_i/video/axi_mem_intercon/s01_couplers/auto_us/inst/gen_upsizer.gen_full_upsizer.axi_upsizer_inst/USE_READ.read_addr_inst/GEN_CMD_QUEUE.cmd_queue/s_ready_i_i_1/O
                         net (fo=1, routed)           0.606     9.636    lesion_i/video/axi_mem_intercon/s01_couplers/auto_us/inst/gen_upsizer.gen_full_upsizer.axi_upsizer_inst/USE_READ.gen_non_fifo_r_upsizer.mi_register_slice_inst/r.r_pipe/s_ready_i_reg_1
    SLICE_X31Y84         FDRE                                         r  lesion_i/video/axi_mem_intercon/s01_couplers/auto_us/inst/gen_upsizer.gen_full_upsizer.axi_upsizer_inst/USE_READ.gen_non_fifo_r_upsizer.mi_register_slice_inst/r.r_pipe/s_ready_i_reg/D
  -------------------------------------------------------------------    -------------------

                         (clock clk_fpga_1 rise edge)
                                                      7.000     7.000 r  
    PS7_X0Y0             PS7                          0.000     7.000 r  lesion_i/ps7_0/inst/PS7_i/FCLKCLK[1]
                         net (fo=1, routed)           1.088     8.088    lesion_i/ps7_0/inst/FCLK_CLK_unbuffered[1]
    BUFGCTRL_X0Y17       BUFG (Prop_bufg_I_O)         0.091     8.179 r  lesion_i/ps7_0/inst/buffer_fclk_clk_1.FCLK_CLK_1_BUFG/O
                         net (fo=7661, routed)        1.519     9.698    lesion_i/video/axi_mem_intercon/s01_couplers/auto_us/inst/gen_upsizer.gen_full_upsizer.axi_upsizer_inst/USE_READ.gen_non_fifo_r_upsizer.mi_register_slice_inst/r.r_pipe/out
    SLICE_X31Y84         FDRE                                         r  lesion_i/video/axi_mem_intercon/s01_couplers/auto_us/inst/gen_upsizer.gen_full_upsizer.axi_upsizer_inst/USE_READ.gen_non_fifo_r_upsizer.mi_register_slice_inst/r.r_pipe/s_ready_i_reg/C
                         clock pessimism              0.129     9.827    
                         clock uncertainty           -0.111     9.716    
    SLICE_X31Y84         FDRE (Setup_fdre_C_D)       -0.047     9.669    lesion_i/video/axi_mem_intercon/s01_couplers/auto_us/inst/gen_upsizer.gen_full_upsizer.axi_upsizer_inst/USE_READ.gen_non_fifo_r_upsizer.mi_register_slice_inst/r.r_pipe/s_ready_i_reg
  -------------------------------------------------------------------
                         required time                          9.669    
                         arrival time                          -9.636    
  -------------------------------------------------------------------
                         slack                                  0.033    





Min Delay Paths
--------------------------------------------------------------------------------------
Slack (MET) :             0.056ns  (arrival time - required time)
  Source:                 lesion_i/video/axi_vdma/U0/I_PRMRY_DATAMOVER/GEN_S2MM_FULL.I_S2MM_FULL_WRAPPER/I_WR_DATA_CNTL/GEN_INDET_BTT.lsig_byte_cntr_reg[9]/C
                            (rising edge-triggered cell FDRE clocked by clk_fpga_1  {rise@0.000ns fall@3.500ns period=7.000ns})
  Destination:            lesion_i/video/axi_vdma/U0/I_PRMRY_DATAMOVER/GEN_S2MM_FULL.I_S2MM_FULL_WRAPPER/I_WR_STATUS_CNTLR/GEN_ENABLE_INDET_BTT.I_SF_DATA_CNTL_STATUS_FIFO/USE_SRL_FIFO.I_SYNC_FIFO/data_reg[5][7]_srl6/D
                            (rising edge-triggered cell SRL16E clocked by clk_fpga_1  {rise@0.000ns fall@3.500ns period=7.000ns})
  Path Group:             clk_fpga_1
  Path Type:              Hold (Min at Fast Process Corner)
  Requirement:            0.000ns  (clk_fpga_1 rise@0.000ns - clk_fpga_1 rise@0.000ns)
  Data Path Delay:        0.255ns  (logic 0.141ns (55.264%)  route 0.114ns (44.736%))
  Logic Levels:           0  
  Clock Path Skew:        0.016ns (DCD - SCD - CPR)
    Destination Clock Delay (DCD):    1.188ns
    Source Clock Delay      (SCD):    0.890ns
    Clock Pessimism Removal (CPR):    0.282ns

    Location             Delay type                Incr(ns)  Path(ns)    Netlist Resource(s)
  -------------------------------------------------------------------    -------------------
                         (clock clk_fpga_1 rise edge)
                                                      0.000     0.000 r  
    PS7_X0Y0             PS7                          0.000     0.000 r  lesion_i/ps7_0/inst/PS7_i/FCLKCLK[1]
                         net (fo=1, routed)           0.310     0.310    lesion_i/ps7_0/inst/FCLK_CLK_unbuffered[1]
    BUFGCTRL_X0Y17       BUFG (Prop_bufg_I_O)         0.026     0.336 r  lesion_i/ps7_0/inst/buffer_fclk_clk_1.FCLK_CLK_1_BUFG/O
                         net (fo=7661, routed)        0.554     0.890    lesion_i/video/axi_vdma/U0/I_PRMRY_DATAMOVER/GEN_S2MM_FULL.I_S2MM_FULL_WRAPPER/I_WR_DATA_CNTL/m_axi_s2mm_aclk
    SLICE_X37Y88         FDRE                                         r  lesion_i/video/axi_vdma/U0/I_PRMRY_DATAMOVER/GEN_S2MM_FULL.I_S2MM_FULL_WRAPPER/I_WR_DATA_CNTL/GEN_INDET_BTT.lsig_byte_cntr_reg[9]/C
  -------------------------------------------------------------------    -------------------
    SLICE_X37Y88         FDRE (Prop_fdre_C_Q)         0.141     1.031 r  lesion_i/video/axi_vdma/U0/I_PRMRY_DATAMOVER/GEN_S2MM_FULL.I_S2MM_FULL_WRAPPER/I_WR_DATA_CNTL/GEN_INDET_BTT.lsig_byte_cntr_reg[9]/Q
                         net (fo=2, routed)           0.114     1.145    lesion_i/video/axi_vdma/U0/I_PRMRY_DATAMOVER/GEN_S2MM_FULL.I_S2MM_FULL_WRAPPER/I_WR_STATUS_CNTLR/GEN_ENABLE_INDET_BTT.I_SF_DATA_CNTL_STATUS_FIFO/USE_SRL_FIFO.I_SYNC_FIFO/GEN_ENABLE_INDET_BTT.sig_coelsc_eop_reg_0[8]
    SLICE_X38Y88         SRL16E                                       r  lesion_i/video/axi_vdma/U0/I_PRMRY_DATAMOVER/GEN_S2MM_FULL.I_S2MM_FULL_WRAPPER/I_WR_STATUS_CNTLR/GEN_ENABLE_INDET_BTT.I_SF_DATA_CNTL_STATUS_FIFO/USE_SRL_FIFO.I_SYNC_FIFO/data_reg[5][7]_srl6/D
  -------------------------------------------------------------------    -------------------

                         (clock clk_fpga_1 rise edge)
                                                      0.000     0.000 r  
    PS7_X0Y0             PS7                          0.000     0.000 r  lesion_i/ps7_0/inst/PS7_i/FCLKCLK[1]
                         net (fo=1, routed)           0.337     0.337    lesion_i/ps7_0/inst/FCLK_CLK_unbuffered[1]
    BUFGCTRL_X0Y17       BUFG (Prop_bufg_I_O)         0.029     0.366 r  lesion_i/ps7_0/inst/buffer_fclk_clk_1.FCLK_CLK_1_BUFG/O
                         net (fo=7661, routed)        0.822     1.188    lesion_i/video/axi_vdma/U0/I_PRMRY_DATAMOVER/GEN_S2MM_FULL.I_S2MM_FULL_WRAPPER/I_WR_STATUS_CNTLR/GEN_ENABLE_INDET_BTT.I_SF_DATA_CNTL_STATUS_FIFO/USE_SRL_FIFO.I_SYNC_FIFO/m_axi_s2mm_aclk
    SLICE_X38Y88         SRL16E                                       r  lesion_i/video/axi_vdma/U0/I_PRMRY_DATAMOVER/GEN_S2MM_FULL.I_S2MM_FULL_WRAPPER/I_WR_STATUS_CNTLR/GEN_ENABLE_INDET_BTT.I_SF_DATA_CNTL_STATUS_FIFO/USE_SRL_FIFO.I_SYNC_FIFO/data_reg[5][7]_srl6/CLK
                         clock pessimism             -0.282     0.906    
    SLICE_X38Y88         SRL16E (Hold_srl16e_CLK_D)
                                                      0.183     1.089    lesion_i/video/axi_vdma/U0/I_PRMRY_DATAMOVER/GEN_S2MM_FULL.I_S2MM_FULL_WRAPPER/I_WR_STATUS_CNTLR/GEN_ENABLE_INDET_BTT.I_SF_DATA_CNTL_STATUS_FIFO/USE_SRL_FIFO.I_SYNC_FIFO/data_reg[5][7]_srl6
  -------------------------------------------------------------------
                         required time                         -1.089    
                         arrival time                           1.145    
  -------------------------------------------------------------------
                         slack                                  0.056    





Pulse Width Checks
--------------------------------------------------------------------------------------
Clock Name:         clk_fpga_1
Waveform(ns):       { 0.000 3.500 }
Period(ns):         7.000
Sources:            { lesion_i/ps7_0/inst/PS7_i/FCLKCLK[1] }

Check Type        Corner  Lib Pin      Reference Pin  Required(ns)  Actual(ns)  Slack(ns)  Location      Pin
Min Period        n/a     DSP48E1/CLK  n/a            3.884         7.000       3.116      DSP48_X3Y49   lesion_i/video/hdmi_in/color_convert/inst/mul_ln32_1_reg_1036_reg/CLK
Low Pulse Width   Slow    RAMD32/CLK   n/a            1.250         3.500       2.250      SLICE_X26Y67  lesion_wrapper/lesion/video_imp_15QDWM9/lesion_axi_mem_intercon_0/s00_couplers_imp_1A8C7Z7/lesion_axi_mem_intercon_imp_auto_pc_0/lesion_axi_mem_intercon_imp_auto_pc_0_axi_protocol_converter_v2_1_37_axi_protocol_converter/lesion_axi_mem_intercon_imp_auto_pc_0_axi_protocol_converter_v2_1_37_axi3_conv/lesion_axi_mem_intercon_imp_auto_pc_0_axi_protocol_converter_v2_1_37_a_axi3_conv/lesion_axi_mem_intercon_imp_auto_pc_0_axi_data_fifo_v2_1_36_axic_fifo/lesion_axi_mem_intercon_imp_auto_pc_0_axi_data_fifo_v2_1_36_fifo_gen_1/<hidden>/<hidden>/<hidden>/<hidden>/<hidden>/<hidden>/<hidden>
High Pulse Width  Slow    RAMD32/CLK   n/a            1.250         3.500       2.250      SLICE_X26Y67  lesion_wrapper/lesion/video_imp_15QDWM9/lesion_axi_mem_intercon_0/s00_couplers_imp_1A8C7Z7/lesion_axi_mem_intercon_imp_auto_pc_0/lesion_axi_mem_intercon_imp_auto_pc_0_axi_protocol_converter_v2_1_37_axi_protocol_converter/lesion_axi_mem_intercon_imp_auto_pc_0_axi_protocol_converter_v2_1_37_axi3_conv/lesion_axi_mem_intercon_imp_auto_pc_0_axi_protocol_converter_v2_1_37_a_axi3_conv/lesion_axi_mem_intercon_imp_auto_pc_0_axi_data_fifo_v2_1_36_axic_fifo/lesion_axi_mem_intercon_imp_auto_pc_0_axi_data_fifo_v2_1_36_fifo_gen_1/<hidden>/<hidden>/<hidden>/<hidden>/<hidden>/<hidden>/<hidden>



---------------------------------------------------------------------------------------------------
From Clock:  clk_fpga_2
  To Clock:  clk_fpga_2

Setup :            0  Failing Endpoints,  Worst Slack        1.106ns,  Total Violation        0.000ns
Hold  :            0  Failing Endpoints,  Worst Slack        0.122ns,  Total Violation        0.000ns
PW    :            0  Failing Endpoints,  Worst Slack        0.264ns,  Total Violation        0.000ns
---------------------------------------------------------------------------------------------------


Max Delay Paths
--------------------------------------------------------------------------------------
Slack (MET) :             1.106ns  (required time - arrival time)
  Source:                 lesion_i/video/hdmi_in/frontend/dvi2rgb_0/U0/GenerateDDC.DDC_EEPROM/I2C_SlaveController/ddScl_reg/C
                            (rising edge-triggered cell FDRE clocked by clk_fpga_2  {rise@0.000ns fall@2.500ns period=5.000ns})
  Destination:            lesion_i/video/hdmi_in/frontend/dvi2rgb_0/U0/GenerateDDC.DDC_EEPROM/I2C_SlaveController/dataByte_reg[0]/CE
                            (rising edge-triggered cell FDRE clocked by clk_fpga_2  {rise@0.000ns fall@2.500ns period=5.000ns})
  Path Group:             clk_fpga_2
  Path Type:              Setup (Max at Slow Process Corner)
  Requirement:            5.000ns  (clk_fpga_2 rise@5.000ns - clk_fpga_2 rise@0.000ns)
  Data Path Delay:        3.585ns  (logic 0.966ns (26.946%)  route 2.619ns (73.054%))
  Logic Levels:           3  (LUT2=1 LUT6=2)
  Clock Path Skew:        -0.021ns (DCD - SCD + CPR)
    Destination Clock Delay (DCD):    2.876ns = ( 7.876 - 5.000 ) 
    Source Clock Delay      (SCD):    3.167ns
    Clock Pessimism Removal (CPR):    0.270ns
  Clock Uncertainty:      0.083ns  ((TSJ^2 + TIJ^2)^1/2 + DJ) / 2 + PE
    Total System Jitter     (TSJ):    0.071ns
    Total Input Jitter      (TIJ):    0.150ns
    Discrete Jitter          (DJ):    0.000ns
    Phase Error              (PE):    0.000ns

    Location             Delay type                Incr(ns)  Path(ns)    Netlist Resource(s)
  -------------------------------------------------------------------    -------------------
                         (clock clk_fpga_2 rise edge)
                                                      0.000     0.000 r  
    PS7_X0Y0             PS7                          0.000     0.000 r  lesion_i/ps7_0/inst/PS7_i/FCLKCLK[2]
                         net (fo=1, routed)           1.193     1.193    lesion_i/ps7_0/inst/FCLK_CLK_unbuffered[2]
    BUFGCTRL_X0Y18       BUFG (Prop_bufg_I_O)         0.101     1.294 r  lesion_i/ps7_0/inst/buffer_fclk_clk_2.FCLK_CLK_2_BUFG/O
                         net (fo=157, routed)         1.873     3.167    lesion_i/video/hdmi_in/frontend/dvi2rgb_0/U0/GenerateDDC.DDC_EEPROM/I2C_SlaveController/RefClk
    SLICE_X110Y17        FDRE                                         r  lesion_i/video/hdmi_in/frontend/dvi2rgb_0/U0/GenerateDDC.DDC_EEPROM/I2C_SlaveController/ddScl_reg/C
  -------------------------------------------------------------------    -------------------
    SLICE_X110Y17        FDRE (Prop_fdre_C_Q)         0.419     3.586 r  lesion_i/video/hdmi_in/frontend/dvi2rgb_0/U0/GenerateDDC.DDC_EEPROM/I2C_SlaveController/ddScl_reg/Q
                         net (fo=9, routed)           0.877     4.463    lesion_i/video/hdmi_in/frontend/dvi2rgb_0/U0/GenerateDDC.DDC_EEPROM/I2C_SlaveController/ddScl
    SLICE_X112Y17        LUT2 (Prop_lut2_I0_O)        0.299     4.762 r  lesion_i/video/hdmi_in/frontend/dvi2rgb_0/U0/GenerateDDC.DDC_EEPROM/I2C_SlaveController/FSM_gray_state[2]_i_11/O
                         net (fo=2, routed)           0.652     5.414    lesion_i/video/hdmi_in/frontend/dvi2rgb_0/U0/GenerateDDC.DDC_EEPROM/I2C_SlaveController/p_15_in
    SLICE_X111Y17        LUT6 (Prop_lut6_I0_O)        0.124     5.538 r  lesion_i/video/hdmi_in/frontend/dvi2rgb_0/U0/GenerateDDC.DDC_EEPROM/I2C_SlaveController/dataByte[7]_i_3/O
                         net (fo=12, routed)          0.428     5.966    lesion_i/video/hdmi_in/frontend/dvi2rgb_0/U0/GenerateDDC.DDC_EEPROM/I2C_SlaveController/dataByte[7]_i_3_n_0
    SLICE_X111Y18        LUT6 (Prop_lut6_I0_O)        0.124     6.090 r  lesion_i/video/hdmi_in/frontend/dvi2rgb_0/U0/GenerateDDC.DDC_EEPROM/I2C_SlaveController/dataByte[7]_i_1/O
                         net (fo=8, routed)           0.662     6.752    lesion_i/video/hdmi_in/frontend/dvi2rgb_0/U0/GenerateDDC.DDC_EEPROM/I2C_SlaveController/dataByte[7]_i_1_n_0
    SLICE_X111Y14        FDRE                                         r  lesion_i/video/hdmi_in/frontend/dvi2rgb_0/U0/GenerateDDC.DDC_EEPROM/I2C_SlaveController/dataByte_reg[0]/CE
  -------------------------------------------------------------------    -------------------

                         (clock clk_fpga_2 rise edge)
                                                      5.000     5.000 r  
    PS7_X0Y0             PS7                          0.000     5.000 r  lesion_i/ps7_0/inst/PS7_i/FCLKCLK[2]
                         net (fo=1, routed)           1.088     6.088    lesion_i/ps7_0/inst/FCLK_CLK_unbuffered[2]
    BUFGCTRL_X0Y18       BUFG (Prop_bufg_I_O)         0.091     6.179 r  lesion_i/ps7_0/inst/buffer_fclk_clk_2.FCLK_CLK_2_BUFG/O
                         net (fo=157, routed)         1.697     7.876    lesion_i/video/hdmi_in/frontend/dvi2rgb_0/U0/GenerateDDC.DDC_EEPROM/I2C_SlaveController/RefClk
    SLICE_X111Y14        FDRE                                         r  lesion_i/video/hdmi_in/frontend/dvi2rgb_0/U0/GenerateDDC.DDC_EEPROM/I2C_SlaveController/dataByte_reg[0]/C
                         clock pessimism              0.270     8.146    
                         clock uncertainty           -0.083     8.063    
    SLICE_X111Y14        FDRE (Setup_fdre_C_CE)      -0.205     7.858    lesion_i/video/hdmi_in/frontend/dvi2rgb_0/U0/GenerateDDC.DDC_EEPROM/I2C_SlaveController/dataByte_reg[0]
  -------------------------------------------------------------------
                         required time                          7.858    
                         arrival time                          -6.752    
  -------------------------------------------------------------------
                         slack                                  1.106    





Min Delay Paths
--------------------------------------------------------------------------------------
Slack (MET) :             0.122ns  (arrival time - required time)
  Source:                 lesion_i/video/hdmi_in/frontend/dvi2rgb_0/U0/TMDS_ClockingX/MMCM_LockSync/oSyncStages_reg[0]/C
                            (rising edge-triggered cell FDRE clocked by clk_fpga_2  {rise@0.000ns fall@2.500ns period=5.000ns})
  Destination:            lesion_i/video/hdmi_in/frontend/dvi2rgb_0/U0/TMDS_ClockingX/MMCM_LockSync/oSyncStages_reg[1]/D
                            (rising edge-triggered cell FDRE clocked by clk_fpga_2  {rise@0.000ns fall@2.500ns period=5.000ns})
  Path Group:             clk_fpga_2
  Path Type:              Hold (Min at Fast Process Corner)
  Requirement:            0.000ns  (clk_fpga_2 rise@0.000ns - clk_fpga_2 rise@0.000ns)
  Data Path Delay:        0.197ns  (logic 0.141ns (71.611%)  route 0.056ns (28.389%))
  Logic Levels:           0  
  Clock Path Skew:        0.000ns (DCD - SCD - CPR)
    Destination Clock Delay (DCD):    1.272ns
    Source Clock Delay      (SCD):    0.970ns
    Clock Pessimism Removal (CPR):    0.302ns

    Location             Delay type                Incr(ns)  Path(ns)    Netlist Resource(s)
  -------------------------------------------------------------------    -------------------
                         (clock clk_fpga_2 rise edge)
                                                      0.000     0.000 r  
    PS7_X0Y0             PS7                          0.000     0.000 r  lesion_i/ps7_0/inst/PS7_i/FCLKCLK[2]
                         net (fo=1, routed)           0.310     0.310    lesion_i/ps7_0/inst/FCLK_CLK_unbuffered[2]
    BUFGCTRL_X0Y18       BUFG (Prop_bufg_I_O)         0.026     0.336 r  lesion_i/ps7_0/inst/buffer_fclk_clk_2.FCLK_CLK_2_BUFG/O
                         net (fo=157, routed)         0.634     0.970    lesion_i/video/hdmi_in/frontend/dvi2rgb_0/U0/TMDS_ClockingX/MMCM_LockSync/RefClk
    SLICE_X113Y89        FDRE                                         r  lesion_i/video/hdmi_in/frontend/dvi2rgb_0/U0/TMDS_ClockingX/MMCM_LockSync/oSyncStages_reg[0]/C
  -------------------------------------------------------------------    -------------------
    SLICE_X113Y89        FDRE (Prop_fdre_C_Q)         0.141     1.111 r  lesion_i/video/hdmi_in/frontend/dvi2rgb_0/U0/TMDS_ClockingX/MMCM_LockSync/oSyncStages_reg[0]/Q
                         net (fo=1, routed)           0.056     1.166    lesion_i/video/hdmi_in/frontend/dvi2rgb_0/U0/TMDS_ClockingX/MMCM_LockSync/oSyncStages[0]
    SLICE_X113Y89        FDRE                                         r  lesion_i/video/hdmi_in/frontend/dvi2rgb_0/U0/TMDS_ClockingX/MMCM_LockSync/oSyncStages_reg[1]/D
  -------------------------------------------------------------------    -------------------

                         (clock clk_fpga_2 rise edge)
                                                      0.000     0.000 r  
    PS7_X0Y0             PS7                          0.000     0.000 r  lesion_i/ps7_0/inst/PS7_i/FCLKCLK[2]
                         net (fo=1, routed)           0.337     0.337    lesion_i/ps7_0/inst/FCLK_CLK_unbuffered[2]
    BUFGCTRL_X0Y18       BUFG (Prop_bufg_I_O)         0.029     0.366 r  lesion_i/ps7_0/inst/buffer_fclk_clk_2.FCLK_CLK_2_BUFG/O
                         net (fo=157, routed)         0.906     1.272    lesion_i/video/hdmi_in/frontend/dvi2rgb_0/U0/TMDS_ClockingX/MMCM_LockSync/RefClk
    SLICE_X113Y89        FDRE                                         r  lesion_i/video/hdmi_in/frontend/dvi2rgb_0/U0/TMDS_ClockingX/MMCM_LockSync/oSyncStages_reg[1]/C
                         clock pessimism             -0.302     0.970    
    SLICE_X113Y89        FDRE (Hold_fdre_C_D)         0.075     1.045    lesion_i/video/hdmi_in/frontend/dvi2rgb_0/U0/TMDS_ClockingX/MMCM_LockSync/oSyncStages_reg[1]
  -------------------------------------------------------------------
                         required time                         -1.045    
                         arrival time                           1.166    
  -------------------------------------------------------------------
                         slack                                  0.122    





Pulse Width Checks
--------------------------------------------------------------------------------------
Clock Name:         clk_fpga_2
Waveform(ns):       { 0.000 2.500 }
Period(ns):         5.000
Sources:            { lesion_i/ps7_0/inst/PS7_i/FCLKCLK[2] }

Check Type        Corner  Lib Pin            Reference Pin  Required(ns)  Actual(ns)  Slack(ns)  Location         Pin
Min Period        n/a     IDELAYCTRL/REFCLK  n/a            3.225         5.000       1.775      IDELAYCTRL_X1Y1  lesion_i/video/hdmi_in/frontend/dvi2rgb_0/U0/TMDS_ClockingX/IDelayCtrlX/REFCLK
Max Period        n/a     IDELAYCTRL/REFCLK  n/a            5.264         5.000       0.264      IDELAYCTRL_X1Y1  lesion_i/video/hdmi_in/frontend/dvi2rgb_0/U0/TMDS_ClockingX/IDelayCtrlX/REFCLK
Low Pulse Width   Slow    FDRE/C             n/a            0.500         2.500       2.000      SLICE_X110Y62    lesion_i/video/hdmi_in/frontend/dvi2rgb_0/U0/DataDecoders[0].DecoderX/rTimeoutCnt_reg[0]/C
High Pulse Width  Slow    FDRE/C             n/a            0.500         2.500       2.000      SLICE_X110Y62    lesion_i/video/hdmi_in/frontend/dvi2rgb_0/U0/DataDecoders[0].DecoderX/rTimeoutCnt_reg[0]/C



---------------------------------------------------------------------------------------------------
From Clock:  hdmi_in_clk_p
  To Clock:  hdmi_in_clk_p

Setup :           NA  Failing Endpoints,  Worst Slack           NA  ,  Total Violation           NA
Hold  :           NA  Failing Endpoints,  Worst Slack           NA  ,  Total Violation           NA
PW    :            0  Failing Endpoints,  Worst Slack        2.166ns,  Total Violation        0.000ns
---------------------------------------------------------------------------------------------------


Pulse Width Checks
--------------------------------------------------------------------------------------
Clock Name:         hdmi_in_clk_p
Waveform(ns):       { 0.000 4.167 }
Period(ns):         8.333
Sources:            { hdmi_in_clk_p }

Check Type        Corner  Lib Pin            Reference Pin  Required(ns)  Actual(ns)  Slack(ns)  Location         Pin
Min Period        n/a     MMCME2_ADV/CLKIN1  n/a            1.249         8.333       7.084      MMCME2_ADV_X1Y1  lesion_i/video/hdmi_in/frontend/dvi2rgb_0/U0/TMDS_ClockingX/DVI_ClkGenerator/CLKIN1
Max Period        n/a     MMCME2_ADV/CLKIN1  n/a            100.000       8.333       91.667     MMCME2_ADV_X1Y1  lesion_i/video/hdmi_in/frontend/dvi2rgb_0/U0/TMDS_ClockingX/DVI_ClkGenerator/CLKIN1
Low Pulse Width   Slow    MMCME2_ADV/CLKIN1  n/a            2.000         4.166       2.166      MMCME2_ADV_X1Y1  lesion_i/video/hdmi_in/frontend/dvi2rgb_0/U0/TMDS_ClockingX/DVI_ClkGenerator/CLKIN1
High Pulse Width  Slow    MMCME2_ADV/CLKIN1  n/a            2.000         4.167       2.167      MMCME2_ADV_X1Y1  lesion_i/video/hdmi_in/frontend/dvi2rgb_0/U0/TMDS_ClockingX/DVI_ClkGenerator/CLKIN1



---------------------------------------------------------------------------------------------------
From Clock:  CLKFBIN
  To Clock:  CLKFBIN

Setup :           NA  Failing Endpoints,  Worst Slack           NA  ,  Total Violation           NA
Hold  :           NA  Failing Endpoints,  Worst Slack           NA  ,  Total Violation           NA
PW    :            0  Failing Endpoints,  Worst Slack        7.084ns,  Total Violation        0.000ns
---------------------------------------------------------------------------------------------------


Pulse Width Checks
--------------------------------------------------------------------------------------
Clock Name:         CLKFBIN
Waveform(ns):       { 0.000 4.167 }
Period(ns):         8.333
Sources:            { lesion_i/video/hdmi_in/frontend/dvi2rgb_0/U0/TMDS_ClockingX/DVI_ClkGenerator/CLKFBOUT }

Check Type  Corner  Lib Pin              Reference Pin  Required(ns)  Actual(ns)  Slack(ns)  Location         Pin
Min Period  n/a     MMCME2_ADV/CLKFBOUT  n/a            1.249         8.333       7.084      MMCME2_ADV_X1Y1  lesion_i/video/hdmi_in/frontend/dvi2rgb_0/U0/TMDS_ClockingX/DVI_ClkGenerator/CLKFBOUT
Max Period  n/a     MMCME2_ADV/CLKFBIN   n/a            100.000       8.333       91.667     MMCME2_ADV_X1Y1  lesion_i/video/hdmi_in/frontend/dvi2rgb_0/U0/TMDS_ClockingX/DVI_ClkGenerator/CLKFBIN



---------------------------------------------------------------------------------------------------
From Clock:  CLK_OUT_5x_hdmi_clk
  To Clock:  CLK_OUT_5x_hdmi_clk

Setup :           NA  Failing Endpoints,  Worst Slack           NA  ,  Total Violation           NA
Hold  :           NA  Failing Endpoints,  Worst Slack           NA  ,  Total Violation           NA
PW    :            0  Failing Endpoints,  Worst Slack        0.000ns,  Total Violation        0.000ns
---------------------------------------------------------------------------------------------------


Pulse Width Checks
--------------------------------------------------------------------------------------
Clock Name:         CLK_OUT_5x_hdmi_clk
Waveform(ns):       { 0.000 0.833 }
Period(ns):         1.667
Sources:            { lesion_i/video/hdmi_in/frontend/dvi2rgb_0/U0/TMDS_ClockingX/DVI_ClkGenerator/CLKOUT0 }

Check Type  Corner  Lib Pin             Reference Pin  Required(ns)  Actual(ns)  Slack(ns)  Location         Pin
Min Period  n/a     ISERDESE2/CLK       n/a            1.667         1.667       0.000      ILOGIC_X1Y68     lesion_i/video/hdmi_in/frontend/dvi2rgb_0/U0/DataDecoders[0].DecoderX/InputSERDES_X/DeserializerMaster/CLK
Max Period  n/a     MMCME2_ADV/CLKOUT0  n/a            213.360       1.667       211.693    MMCME2_ADV_X1Y1  lesion_i/video/hdmi_in/frontend/dvi2rgb_0/U0/TMDS_ClockingX/DVI_ClkGenerator/CLKOUT0



---------------------------------------------------------------------------------------------------
From Clock:  hdmi_in_PixelClk
  To Clock:  hdmi_in_PixelClk

Setup :            0  Failing Endpoints,  Worst Slack        0.948ns,  Total Violation        0.000ns
Hold  :            0  Failing Endpoints,  Worst Slack        0.059ns,  Total Violation        0.000ns
PW    :            0  Failing Endpoints,  Worst Slack        2.083ns,  Total Violation        0.000ns
---------------------------------------------------------------------------------------------------


Max Delay Paths
--------------------------------------------------------------------------------------
Slack (MET) :             0.948ns  (required time - arrival time)
  Source:                 lesion_wrapper/lesion/video_imp_15QDWM9/hdmi_in_imp_WH11TZ/frontend_imp_1R3YJ4E/lesion_vtc_in_0/<hidden>/<hidden>/<hidden>
                            (rising edge-triggered cell FDRE clocked by hdmi_in_PixelClk  {rise@0.000ns fall@3.333ns period=8.333ns})
  Destination:            lesion_wrapper/lesion/video_imp_15QDWM9/hdmi_in_imp_WH11TZ/frontend_imp_1R3YJ4E/lesion_vtc_in_0/<hidden>/<hidden>/<hidden>
                            (rising edge-triggered cell FDRE clocked by hdmi_in_PixelClk  {rise@0.000ns fall@3.333ns period=8.333ns})
  Path Group:             hdmi_in_PixelClk
  Path Type:              Setup (Max at Slow Process Corner)
  Requirement:            8.333ns  (hdmi_in_PixelClk rise@8.333ns - hdmi_in_PixelClk rise@0.000ns)
  Data Path Delay:        7.405ns  (logic 0.715ns (9.656%)  route 6.690ns (90.344%))
  Logic Levels:           1  (LUT3=1)
  Clock Path Skew:        0.049ns (DCD - SCD + CPR)
    Destination Clock Delay (DCD):    4.952ns = ( 13.285 - 8.333 ) 
    Source Clock Delay      (SCD):    5.290ns
    Clock Pessimism Removal (CPR):    0.387ns
  Clock Uncertainty:      0.060ns  ((TSJ^2 + DJ^2)^1/2) / 2 + PE
    Total System Jitter     (TSJ):    0.071ns
    Discrete Jitter          (DJ):    0.097ns
    Phase Error              (PE):    0.000ns

    Location             Delay type                Incr(ns)  Path(ns)    Netlist Resource(s)
  -------------------------------------------------------------------    -------------------
                         (clock hdmi_in_PixelClk rise edge)
                                                      0.000     0.000 r  
    N18                                               0.000     0.000 r  hdmi_in_clk_p (IN)
                         net (fo=0)                   0.000     0.000    lesion_i/video/hdmi_in/frontend/dvi2rgb_0/U0/TMDS_ClockingX/TMDS_Clk_p
    N18                  IBUFDS (Prop_ibufds_I_O)     0.930     0.930 r  lesion_i/video/hdmi_in/frontend/dvi2rgb_0/U0/TMDS_ClockingX/InputBuffer/O
                         net (fo=1, routed)           1.285     2.215    lesion_i/video/hdmi_in/frontend/dvi2rgb_0/U0/TMDS_ClockingX/CLK_IN_hdmi_clk
    MMCME2_ADV_X1Y1      MMCME2_ADV (Prop_mmcme2_adv_CLKIN1_CLKOUT0)
                                                      0.089     2.304 r  lesion_i/video/hdmi_in/frontend/dvi2rgb_0/U0/TMDS_ClockingX/DVI_ClkGenerator/CLKOUT0
                         net (fo=2, routed)           1.063     3.367    lesion_i/video/hdmi_in/frontend/dvi2rgb_0/U0/TMDS_ClockingX/CLK_OUT_5x_hdmi_clk
    BUFR_X1Y5            BUFR (Prop_bufr_I_O)         1.031     4.398 r  lesion_i/video/hdmi_in/frontend/dvi2rgb_0/U0/TMDS_ClockingX/PixelClkBuffer/O
                         net (fo=3140, routed)        0.892     5.290    lesion_wrapper/lesion/video_imp_15QDWM9/hdmi_in_imp_WH11TZ/frontend_imp_1R3YJ4E/lesion_vtc_in_0/<hidden>/<hidden>/<hidden>
    SLICE_X91Y99         FDRE                                         r  lesion_wrapper/lesion/video_imp_15QDWM9/hdmi_in_imp_WH11TZ/frontend_imp_1R3YJ4E/lesion_vtc_in_0/<hidden>/<hidden>/<hidden>
  -------------------------------------------------------------------    -------------------
    SLICE_X91Y99         FDRE (Prop_fdre_C_Q)         0.419     5.709 r  lesion_wrapper/lesion/video_imp_15QDWM9/hdmi_in_imp_WH11TZ/frontend_imp_1R3YJ4E/lesion_vtc_in_0/<hidden>/<hidden>/<hidden>
                         net (fo=514, routed)         6.690    12.399    lesion_wrapper/lesion/video_imp_15QDWM9/hdmi_in_imp_WH11TZ/frontend_imp_1R3YJ4E/lesion_vtc_in_0/<hidden>/<hidden>/<hidden>
    SLICE_X52Y77         LUT3 (Prop_lut3_I1_O)        0.296    12.695 r  lesion_wrapper/lesion/video_imp_15QDWM9/hdmi_in_imp_WH11TZ/frontend_imp_1R3YJ4E/lesion_vtc_in_0/<hidden>/<hidden>/<hidden>
                         net (fo=1, routed)           0.000    12.695    lesion_wrapper/lesion/video_imp_15QDWM9/hdmi_in_imp_WH11TZ/frontend_imp_1R3YJ4E/lesion_vtc_in_0/<hidden>/<hidden>/<hidden>
    SLICE_X52Y77         FDRE                                         r  lesion_wrapper/lesion/video_imp_15QDWM9/hdmi_in_imp_WH11TZ/frontend_imp_1R3YJ4E/lesion_vtc_in_0/<hidden>/<hidden>/<hidden>
  -------------------------------------------------------------------    -------------------

                         (clock hdmi_in_PixelClk rise edge)
                                                      8.333     8.333 r  
    N18                                               0.000     8.333 r  hdmi_in_clk_p (IN)
                         net (fo=0)                   0.000     8.333    lesion_i/video/hdmi_in/frontend/dvi2rgb_0/U0/TMDS_ClockingX/TMDS_Clk_p
    N18                  IBUFDS (Prop_ibufds_I_O)     0.887     9.220 r  lesion_i/video/hdmi_in/frontend/dvi2rgb_0/U0/TMDS_ClockingX/InputBuffer/O
                         net (fo=1, routed)           1.162    10.382    lesion_i/video/hdmi_in/frontend/dvi2rgb_0/U0/TMDS_ClockingX/CLK_IN_hdmi_clk
    MMCME2_ADV_X1Y1      MMCME2_ADV (Prop_mmcme2_adv_CLKIN1_CLKOUT0)
                                                      0.084    10.466 r  lesion_i/video/hdmi_in/frontend/dvi2rgb_0/U0/TMDS_ClockingX/DVI_ClkGenerator/CLKOUT0
                         net (fo=2, routed)           0.960    11.426    lesion_i/video/hdmi_in/frontend/dvi2rgb_0/U0/TMDS_ClockingX/CLK_OUT_5x_hdmi_clk
    BUFR_X1Y5            BUFR (Prop_bufr_I_O)         0.918    12.344 r  lesion_i/video/hdmi_in/frontend/dvi2rgb_0/U0/TMDS_ClockingX/PixelClkBuffer/O
                         net (fo=3140, routed)        0.941    13.285    lesion_wrapper/lesion/video_imp_15QDWM9/hdmi_in_imp_WH11TZ/frontend_imp_1R3YJ4E/lesion_vtc_in_0/<hidden>/<hidden>/<hidden>
    SLICE_X52Y77         FDRE                                         r  lesion_wrapper/lesion/video_imp_15QDWM9/hdmi_in_imp_WH11TZ/frontend_imp_1R3YJ4E/lesion_vtc_in_0/<hidden>/<hidden>/<hidden>
                         clock pessimism              0.387    13.672    
                         clock uncertainty           -0.060    13.612    
    SLICE_X52Y77         FDRE (Setup_fdre_C_D)        0.031    13.643    lesion_wrapper/lesion/video_imp_15QDWM9/hdmi_in_imp_WH11TZ/frontend_imp_1R3YJ4E/lesion_vtc_in_0/<hidden>/<hidden>/<hidden>
  -------------------------------------------------------------------
                         required time                         13.643    
                         arrival time                         -12.695    
  -------------------------------------------------------------------
                         slack                                  0.948    





Min Delay Paths
--------------------------------------------------------------------------------------
Slack (MET) :             0.059ns  (arrival time - required time)
  Source:                 lesion_i/video/hdmi_in/frontend/dvi2rgb_0/U0/DataDecoders[2].DecoderX/ChannelBondX/pWrA_reg[0]/C
                            (rising edge-triggered cell FDRE clocked by hdmi_in_PixelClk  {rise@0.000ns fall@3.333ns period=8.333ns})
  Destination:            lesion_i/video/hdmi_in/frontend/dvi2rgb_0/U0/DataDecoders[2].DecoderX/ChannelBondX/pFIFO_reg_0_31_0_5/RAMA/WADR0
                            (rising edge-triggered cell RAMD32 clocked by hdmi_in_PixelClk  {rise@0.000ns fall@3.333ns period=8.333ns})
  Path Group:             hdmi_in_PixelClk
  Path Type:              Hold (Min at Fast Process Corner)
  Requirement:            0.000ns  (hdmi_in_PixelClk rise@0.000ns - hdmi_in_PixelClk rise@0.000ns)
  Data Path Delay:        0.382ns  (logic 0.141ns (36.951%)  route 0.241ns (63.049%))
  Logic Levels:           0  
  Clock Path Skew:        0.013ns (DCD - SCD - CPR)
    Destination Clock Delay (DCD):    2.151ns
    Source Clock Delay      (SCD):    1.826ns
    Clock Pessimism Removal (CPR):    0.311ns

    Location             Delay type                Incr(ns)  Path(ns)    Netlist Resource(s)
  -------------------------------------------------------------------    -------------------
                         (clock hdmi_in_PixelClk rise edge)
                                                      0.000     0.000 r  
    N18                                               0.000     0.000 r  hdmi_in_clk_p (IN)
                         net (fo=0)                   0.000     0.000    lesion_i/video/hdmi_in/frontend/dvi2rgb_0/U0/TMDS_ClockingX/TMDS_Clk_p
    N18                  IBUFDS (Prop_ibufds_I_O)     0.451     0.451 r  lesion_i/video/hdmi_in/frontend/dvi2rgb_0/U0/TMDS_ClockingX/InputBuffer/O
                         net (fo=1, routed)           0.440     0.891    lesion_i/video/hdmi_in/frontend/dvi2rgb_0/U0/TMDS_ClockingX/CLK_IN_hdmi_clk
    MMCME2_ADV_X1Y1      MMCME2_ADV (Prop_mmcme2_adv_CLKIN1_CLKOUT0)
                                                      0.051     0.942 r  lesion_i/video/hdmi_in/frontend/dvi2rgb_0/U0/TMDS_ClockingX/DVI_ClkGenerator/CLKOUT0
                         net (fo=2, routed)           0.363     1.305    lesion_i/video/hdmi_in/frontend/dvi2rgb_0/U0/TMDS_ClockingX/CLK_OUT_5x_hdmi_clk
    BUFR_X1Y5            BUFR (Prop_bufr_I_O)         0.270     1.575 r  lesion_i/video/hdmi_in/frontend/dvi2rgb_0/U0/TMDS_ClockingX/PixelClkBuffer/O
                         net (fo=3140, routed)        0.251     1.826    lesion_i/video/hdmi_in/frontend/dvi2rgb_0/U0/DataDecoders[2].DecoderX/ChannelBondX/pDataFIFO_reg[0]_0
    SLICE_X113Y73        FDRE                                         r  lesion_i/video/hdmi_in/frontend/dvi2rgb_0/U0/DataDecoders[2].DecoderX/ChannelBondX/pWrA_reg[0]/C
  -------------------------------------------------------------------    -------------------
    SLICE_X113Y73        FDRE (Prop_fdre_C_Q)         0.141     1.967 r  lesion_i/video/hdmi_in/frontend/dvi2rgb_0/U0/DataDecoders[2].DecoderX/ChannelBondX/pWrA_reg[0]/Q
                         net (fo=21, routed)          0.241     2.208    lesion_i/video/hdmi_in/frontend/dvi2rgb_0/U0/DataDecoders[2].DecoderX/ChannelBondX/pFIFO_reg_0_31_0_5/ADDRD0
    SLICE_X112Y73        RAMD32                                       r  lesion_i/video/hdmi_in/frontend/dvi2rgb_0/U0/DataDecoders[2].DecoderX/ChannelBondX/pFIFO_reg_0_31_0_5/RAMA/WADR0
  -------------------------------------------------------------------    -------------------

                         (clock hdmi_in_PixelClk rise edge)
                                                      0.000     0.000 r  
    N18                                               0.000     0.000 r  hdmi_in_clk_p (IN)
                         net (fo=0)                   0.000     0.000    lesion_i/video/hdmi_in/frontend/dvi2rgb_0/U0/TMDS_ClockingX/TMDS_Clk_p
    N18                  IBUFDS (Prop_ibufds_I_O)     0.499     0.499 r  lesion_i/video/hdmi_in/frontend/dvi2rgb_0/U0/TMDS_ClockingX/InputBuffer/O
                         net (fo=1, routed)           0.480     0.979    lesion_i/video/hdmi_in/frontend/dvi2rgb_0/U0/TMDS_ClockingX/CLK_IN_hdmi_clk
    MMCME2_ADV_X1Y1      MMCME2_ADV (Prop_mmcme2_adv_CLKIN1_CLKOUT0)
                                                      0.054     1.033 r  lesion_i/video/hdmi_in/frontend/dvi2rgb_0/U0/TMDS_ClockingX/DVI_ClkGenerator/CLKOUT0
                         net (fo=2, routed)           0.402     1.435    lesion_i/video/hdmi_in/frontend/dvi2rgb_0/U0/TMDS_ClockingX/CLK_OUT_5x_hdmi_clk
    BUFR_X1Y5            BUFR (Prop_bufr_I_O)         0.431     1.866 r  lesion_i/video/hdmi_in/frontend/dvi2rgb_0/U0/TMDS_ClockingX/PixelClkBuffer/O
                         net (fo=3140, routed)        0.285     2.151    lesion_i/video/hdmi_in/frontend/dvi2rgb_0/U0/DataDecoders[2].DecoderX/ChannelBondX/pFIFO_reg_0_31_0_5/WCLK
    SLICE_X112Y73        RAMD32                                       r  lesion_i/video/hdmi_in/frontend/dvi2rgb_0/U0/DataDecoders[2].DecoderX/ChannelBondX/pFIFO_reg_0_31_0_5/RAMA/CLK
                         clock pessimism             -0.311     1.839    
    SLICE_X112Y73        RAMD32 (Hold_ramd32_CLK_WADR0)
                                                      0.310     2.149    lesion_i/video/hdmi_in/frontend/dvi2rgb_0/U0/DataDecoders[2].DecoderX/ChannelBondX/pFIFO_reg_0_31_0_5/RAMA
  -------------------------------------------------------------------
                         required time                         -2.149    
                         arrival time                           2.208    
  -------------------------------------------------------------------
                         slack                                  0.059    





Pulse Width Checks
--------------------------------------------------------------------------------------
Clock Name:         hdmi_in_PixelClk
Waveform(ns):       { 0.000 3.333 }
Period(ns):         8.333
Sources:            { lesion_i/video/hdmi_in/frontend/dvi2rgb_0/U0/TMDS_ClockingX/PixelClkBuffer/O }

Check Type        Corner  Lib Pin             Reference Pin  Required(ns)  Actual(ns)  Slack(ns)  Location       Pin
Min Period        n/a     RAMB36E1/CLKARDCLK  n/a            2.576         8.333       5.757      RAMB36_X4Y18   lesion_i/video/hdmi_in/frontend/v_vid_in_axi4s_0/inst/COUPLER_INST/generate_async_fifo.FIFO_INST/XPM_FIFO_ASYNC_INST/gnuram_async_fifo.xpm_fifo_base_inst/gen_sdpram.xpm_memory_base_inst/gen_wr_a.gen_word_narrow.mem_reg_0/CLKARDCLK
Low Pulse Width   Slow    RAMD32/CLK          n/a            1.250         5.000       3.750      SLICE_X108Y72  lesion_i/video/hdmi_in/frontend/dvi2rgb_0/U0/DataDecoders[0].DecoderX/ChannelBondX/pFIFO_reg_0_31_0_5/RAMA/CLK
High Pulse Width  Slow    RAMD32/CLK          n/a            1.250         3.333       2.083      SLICE_X108Y72  lesion_i/video/hdmi_in/frontend/dvi2rgb_0/U0/DataDecoders[0].DecoderX/ChannelBondX/pFIFO_reg_0_31_0_5/RAMA/CLK



---------------------------------------------------------------------------------------------------
From Clock:  axi_dynclk_0_PXL_CLK_O
  To Clock:  clk_fpga_0

Setup :            0  Failing Endpoints,  Worst Slack        8.428ns,  Total Violation        0.000ns
Hold  :           NA  Failing Endpoints,  Worst Slack           NA  ,  Total Violation           NA
---------------------------------------------------------------------------------------------------


Max Delay Paths
--------------------------------------------------------------------------------------
Slack (MET) :             8.428ns  (required time - arrival time)
  Source:                 lesion_wrapper/lesion/video_imp_15QDWM9/hdmi_out_imp_1SB5NOD/frontend_imp_DZ8CGD/lesion_vtc_out_0/<hidden>/<hidden>
                            (rising edge-triggered cell FDRE clocked by axi_dynclk_0_PXL_CLK_O  {rise@0.000ns fall@4.000ns period=10.000ns})
  Destination:            lesion_wrapper/lesion/video_imp_15QDWM9/hdmi_out_imp_1SB5NOD/frontend_imp_DZ8CGD/lesion_vtc_out_0/<hidden>/<hidden>/<hidden>
                            (rising edge-triggered cell FDRE clocked by clk_fpga_0  {rise@0.000ns fall@5.000ns period=10.000ns})
  Path Group:             clk_fpga_0
  Path Type:              Setup (Max at Slow Process Corner)
  Requirement:            10.000ns  (MaxDelay Path 10.000ns)
  Data Path Delay:        1.479ns  (logic 0.456ns (30.832%)  route 1.023ns (69.168%))
  Logic Levels:           0  
  Timing Exception:       MaxDelay Path 10.000ns -datapath_only

    Location             Delay type                Incr(ns)  Path(ns)    Netlist Resource(s)
  -------------------------------------------------------------------    -------------------
    SLICE_X84Y128                                     0.000     0.000 r  lesion_wrapper/lesion/video_imp_15QDWM9/hdmi_out_imp_1SB5NOD/frontend_imp_DZ8CGD/lesion_vtc_out_0/<hidden>/<hidden>
    SLICE_X84Y128        FDRE (Prop_fdre_C_Q)         0.456     0.456 r  lesion_wrapper/lesion/video_imp_15QDWM9/hdmi_out_imp_1SB5NOD/frontend_imp_DZ8CGD/lesion_vtc_out_0/<hidden>/<hidden>
                         net (fo=1, routed)           1.023     1.479    lesion_wrapper/lesion/video_imp_15QDWM9/hdmi_out_imp_1SB5NOD/frontend_imp_DZ8CGD/lesion_vtc_out_0/<hidden>/<hidden>/<hidden>
    SLICE_X85Y119        FDRE                                         r  lesion_wrapper/lesion/video_imp_15QDWM9/hdmi_out_imp_1SB5NOD/frontend_imp_DZ8CGD/lesion_vtc_out_0/<hidden>/<hidden>/<hidden>
  -------------------------------------------------------------------    -------------------

                         max delay                   10.000    10.000    
    SLICE_X85Y119        FDRE (Setup_fdre_C_D)       -0.093     9.907    lesion_wrapper/lesion/video_imp_15QDWM9/hdmi_out_imp_1SB5NOD/frontend_imp_DZ8CGD/lesion_vtc_out_0/<hidden>/<hidden>/<hidden>
  -------------------------------------------------------------------
                         required time                          9.907    
                         arrival time                          -1.479    
  -------------------------------------------------------------------
                         slack                                  8.428    





---------------------------------------------------------------------------------------------------
From Clock:  clk_fpga_1
  To Clock:  clk_fpga_0

Setup :            0  Failing Endpoints,  Worst Slack       28.258ns,  Total Violation        0.000ns
Hold  :           NA  Failing Endpoints,  Worst Slack           NA  ,  Total Violation           NA
---------------------------------------------------------------------------------------------------


Max Delay Paths
--------------------------------------------------------------------------------------
Slack (MET) :             28.258ns  (required time - arrival time)
  Source:                 lesion_i/video/axi_interconnect_0/m06_couplers/auto_cc/inst/gen_clock_conv.gen_async_lite_conv.clock_conv_lite_resp_r/handshake/src_hsdata_ff_reg[27]/C
                            (rising edge-triggered cell FDRE clocked by clk_fpga_1  {rise@0.000ns fall@3.500ns period=7.000ns})
  Destination:            lesion_i/video/axi_interconnect_0/m06_couplers/auto_cc/inst/gen_clock_conv.gen_async_lite_conv.clock_conv_lite_resp_r/handshake/dest_hsdata_ff_reg[27]/D
                            (rising edge-triggered cell FDRE clocked by clk_fpga_0  {rise@0.000ns fall@5.000ns period=10.000ns})
  Path Group:             clk_fpga_0
  Path Type:              Setup (Max at Slow Process Corner)
  Requirement:            30.000ns  (MaxDelay Path 30.000ns)
  Data Path Delay:        1.714ns  (logic 0.518ns (30.216%)  route 1.196ns (69.784%))
  Logic Levels:           0  
  Timing Exception:       MaxDelay Path 30.000ns -datapath_only

    Location             Delay type                Incr(ns)  Path(ns)    Netlist Resource(s)
  -------------------------------------------------------------------    -------------------
    SLICE_X66Y138                                     0.000     0.000 r  lesion_i/video/axi_interconnect_0/m06_couplers/auto_cc/inst/gen_clock_conv.gen_async_lite_conv.clock_conv_lite_resp_r/handshake/src_hsdata_ff_reg[27]/C
    SLICE_X66Y138        FDRE (Prop_fdre_C_Q)         0.518     0.518 r  lesion_i/video/axi_interconnect_0/m06_couplers/auto_cc/inst/gen_clock_conv.gen_async_lite_conv.clock_conv_lite_resp_r/handshake/src_hsdata_ff_reg[27]/Q
                         net (fo=1, routed)           1.196     1.714    lesion_i/video/axi_interconnect_0/m06_couplers/auto_cc/inst/gen_clock_conv.gen_async_lite_conv.clock_conv_lite_resp_r/handshake/src_hsdata_ff[27]
    SLICE_X66Y137        FDRE                                         r  lesion_i/video/axi_interconnect_0/m06_couplers/auto_cc/inst/gen_clock_conv.gen_async_lite_conv.clock_conv_lite_resp_r/handshake/dest_hsdata_ff_reg[27]/D
  -------------------------------------------------------------------    -------------------

                         max delay                   30.000    30.000    
    SLICE_X66Y137        FDRE (Setup_fdre_C_D)       -0.028    29.972    lesion_i/video/axi_interconnect_0/m06_couplers/auto_cc/inst/gen_clock_conv.gen_async_lite_conv.clock_conv_lite_resp_r/handshake/dest_hsdata_ff_reg[27]
  -------------------------------------------------------------------
                         required time                         29.972    
                         arrival time                          -1.714    
  -------------------------------------------------------------------
                         slack                                 28.258    





---------------------------------------------------------------------------------------------------
From Clock:  hdmi_in_PixelClk
  To Clock:  clk_fpga_0

Setup :            0  Failing Endpoints,  Worst Slack        5.721ns,  Total Violation        0.000ns
Hold  :           NA  Failing Endpoints,  Worst Slack           NA  ,  Total Violation           NA
---------------------------------------------------------------------------------------------------


Max Delay Paths
--------------------------------------------------------------------------------------
Slack (MET) :             5.721ns  (required time - arrival time)
  Source:                 lesion_wrapper/lesion/video_imp_15QDWM9/hdmi_in_imp_WH11TZ/frontend_imp_1R3YJ4E/lesion_vtc_in_0/<hidden>/<hidden>
                            (rising edge-triggered cell FDRE clocked by hdmi_in_PixelClk  {rise@0.000ns fall@3.333ns period=8.333ns})
  Destination:            lesion_wrapper/lesion/video_imp_15QDWM9/hdmi_in_imp_WH11TZ/frontend_imp_1R3YJ4E/lesion_vtc_in_0/<hidden>/<hidden>/<hidden>
                            (rising edge-triggered cell FDRE clocked by clk_fpga_0  {rise@0.000ns fall@5.000ns period=10.000ns})
  Path Group:             clk_fpga_0
  Path Type:              Setup (Max at Slow Process Corner)
  Requirement:            8.334ns  (MaxDelay Path 8.334ns)
  Data Path Delay:        2.518ns  (logic 0.456ns (18.113%)  route 2.062ns (81.887%))
  Logic Levels:           0  
  Timing Exception:       MaxDelay Path 8.334ns -datapath_only

    Location             Delay type                Incr(ns)  Path(ns)    Netlist Resource(s)
  -------------------------------------------------------------------    -------------------
    SLICE_X53Y74                                      0.000     0.000 r  lesion_wrapper/lesion/video_imp_15QDWM9/hdmi_in_imp_WH11TZ/frontend_imp_1R3YJ4E/lesion_vtc_in_0/<hidden>/<hidden>
    SLICE_X53Y74         FDRE (Prop_fdre_C_Q)         0.456     0.456 r  lesion_wrapper/lesion/video_imp_15QDWM9/hdmi_in_imp_WH11TZ/frontend_imp_1R3YJ4E/lesion_vtc_in_0/<hidden>/<hidden>
                         net (fo=1, routed)           2.062     2.518    lesion_wrapper/lesion/video_imp_15QDWM9/hdmi_in_imp_WH11TZ/frontend_imp_1R3YJ4E/lesion_vtc_in_0/<hidden>/<hidden>/<hidden>
    SLICE_X81Y106        FDRE                                         r  lesion_wrapper/lesion/video_imp_15QDWM9/hdmi_in_imp_WH11TZ/frontend_imp_1R3YJ4E/lesion_vtc_in_0/<hidden>/<hidden>/<hidden>
  -------------------------------------------------------------------    -------------------

                         max delay                    8.334     8.334    
    SLICE_X81Y106        FDRE (Setup_fdre_C_D)       -0.095     8.239    lesion_wrapper/lesion/video_imp_15QDWM9/hdmi_in_imp_WH11TZ/frontend_imp_1R3YJ4E/lesion_vtc_in_0/<hidden>/<hidden>/<hidden>
  -------------------------------------------------------------------
                         required time                          8.239    
                         arrival time                          -2.518    
  -------------------------------------------------------------------
                         slack                                  5.721    





---------------------------------------------------------------------------------------------------
From Clock:  clk_fpga_0
  To Clock:  axi_dynclk_0_PXL_CLK_O

Setup :            0  Failing Endpoints,  Worst Slack        8.680ns,  Total Violation        0.000ns
Hold  :           NA  Failing Endpoints,  Worst Slack           NA  ,  Total Violation           NA
---------------------------------------------------------------------------------------------------


Max Delay Paths
--------------------------------------------------------------------------------------
Slack (MET) :             8.680ns  (required time - arrival time)
  Source:                 lesion_wrapper/lesion/video_imp_15QDWM9/hdmi_out_imp_1SB5NOD/frontend_imp_DZ8CGD/lesion_vtc_out_0/<hidden>/<hidden>
                            (rising edge-triggered cell FDRE clocked by clk_fpga_0  {rise@0.000ns fall@5.000ns period=10.000ns})
  Destination:            lesion_wrapper/lesion/video_imp_15QDWM9/hdmi_out_imp_1SB5NOD/frontend_imp_DZ8CGD/lesion_vtc_out_0/<hidden>/<hidden>/<hidden>
                            (rising edge-triggered cell FDRE clocked by axi_dynclk_0_PXL_CLK_O  {rise@0.000ns fall@4.000ns period=10.000ns})
  Path Group:             axi_dynclk_0_PXL_CLK_O
  Path Type:              Setup (Max at Slow Process Corner)
  Requirement:            10.000ns  (MaxDelay Path 10.000ns)
  Data Path Delay:        1.225ns  (logic 0.456ns (37.214%)  route 0.769ns (62.786%))
  Logic Levels:           0  
  Timing Exception:       MaxDelay Path 10.000ns -datapath_only

    Location             Delay type                Incr(ns)  Path(ns)    Netlist Resource(s)
  -------------------------------------------------------------------    -------------------
    SLICE_X97Y118                                     0.000     0.000 r  lesion_wrapper/lesion/video_imp_15QDWM9/hdmi_out_imp_1SB5NOD/frontend_imp_DZ8CGD/lesion_vtc_out_0/<hidden>/<hidden>
    SLICE_X97Y118        FDRE (Prop_fdre_C_Q)         0.456     0.456 r  lesion_wrapper/lesion/video_imp_15QDWM9/hdmi_out_imp_1SB5NOD/frontend_imp_DZ8CGD/lesion_vtc_out_0/<hidden>/<hidden>
                         net (fo=1, routed)           0.769     1.225    lesion_wrapper/lesion/video_imp_15QDWM9/hdmi_out_imp_1SB5NOD/frontend_imp_DZ8CGD/lesion_vtc_out_0/<hidden>/<hidden>/<hidden>
    SLICE_X95Y118        FDRE                                         r  lesion_wrapper/lesion/video_imp_15QDWM9/hdmi_out_imp_1SB5NOD/frontend_imp_DZ8CGD/lesion_vtc_out_0/<hidden>/<hidden>/<hidden>
  -------------------------------------------------------------------    -------------------

                         max delay                   10.000    10.000    
    SLICE_X95Y118        FDRE (Setup_fdre_C_D)       -0.095     9.905    lesion_wrapper/lesion/video_imp_15QDWM9/hdmi_out_imp_1SB5NOD/frontend_imp_DZ8CGD/lesion_vtc_out_0/<hidden>/<hidden>/<hidden>
  -------------------------------------------------------------------
                         required time                          9.905    
                         arrival time                          -1.225    
  -------------------------------------------------------------------
                         slack                                  8.680    





---------------------------------------------------------------------------------------------------
From Clock:  clk_fpga_1
  To Clock:  axi_dynclk_0_PXL_CLK_O

Setup :            0  Failing Endpoints,  Worst Slack        5.464ns,  Total Violation        0.000ns
Hold  :           NA  Failing Endpoints,  Worst Slack           NA  ,  Total Violation           NA
---------------------------------------------------------------------------------------------------


Max Delay Paths
--------------------------------------------------------------------------------------
Slack (MET) :             5.464ns  (required time - arrival time)
  Source:                 lesion_i/video/hdmi_out/frontend/v_axi4s_vid_out_0/inst/COUPLER_INST/generate_async_fifo.FIFO_INST/XPM_FIFO_ASYNC_INST/gnuram_async_fifo.xpm_fifo_base_inst/gen_cdc_pntr.wr_pntr_cdc_inst/src_gray_ff_reg[1]/C
                            (rising edge-triggered cell FDRE clocked by clk_fpga_1  {rise@0.000ns fall@3.500ns period=7.000ns})
  Destination:            lesion_i/video/hdmi_out/frontend/v_axi4s_vid_out_0/inst/COUPLER_INST/generate_async_fifo.FIFO_INST/XPM_FIFO_ASYNC_INST/gnuram_async_fifo.xpm_fifo_base_inst/gen_cdc_pntr.wr_pntr_cdc_inst/dest_graysync_ff_reg[0][1]/D
                            (rising edge-triggered cell FDRE clocked by axi_dynclk_0_PXL_CLK_O  {rise@0.000ns fall@4.000ns period=10.000ns})
  Path Group:             axi_dynclk_0_PXL_CLK_O
  Path Type:              Setup (Max at Slow Process Corner)
  Requirement:            7.000ns  (MaxDelay Path 7.000ns)
  Data Path Delay:        1.269ns  (logic 0.478ns (37.663%)  route 0.791ns (62.337%))
  Logic Levels:           0  
  Timing Exception:       MaxDelay Path 7.000ns -datapath_only

    Location             Delay type                Incr(ns)  Path(ns)    Netlist Resource(s)
  -------------------------------------------------------------------    -------------------
    SLICE_X96Y131                                     0.000     0.000 r  lesion_i/video/hdmi_out/frontend/v_axi4s_vid_out_0/inst/COUPLER_INST/generate_async_fifo.FIFO_INST/XPM_FIFO_ASYNC_INST/gnuram_async_fifo.xpm_fifo_base_inst/gen_cdc_pntr.wr_pntr_cdc_inst/src_gray_ff_reg[1]/C
    SLICE_X96Y131        FDRE (Prop_fdre_C_Q)         0.478     0.478 r  lesion_i/video/hdmi_out/frontend/v_axi4s_vid_out_0/inst/COUPLER_INST/generate_async_fifo.FIFO_INST/XPM_FIFO_ASYNC_INST/gnuram_async_fifo.xpm_fifo_base_inst/gen_cdc_pntr.wr_pntr_cdc_inst/src_gray_ff_reg[1]/Q
                         net (fo=1, routed)           0.791     1.269    lesion_i/video/hdmi_out/frontend/v_axi4s_vid_out_0/inst/COUPLER_INST/generate_async_fifo.FIFO_INST/XPM_FIFO_ASYNC_INST/gnuram_async_fifo.xpm_fifo_base_inst/gen_cdc_pntr.wr_pntr_cdc_inst/async_path[1]
    SLICE_X95Y130        FDRE                                         r  lesion_i/video/hdmi_out/frontend/v_axi4s_vid_out_0/inst/COUPLER_INST/generate_async_fifo.FIFO_INST/XPM_FIFO_ASYNC_INST/gnuram_async_fifo.xpm_fifo_base_inst/gen_cdc_pntr.wr_pntr_cdc_inst/dest_graysync_ff_reg[0][1]/D
  -------------------------------------------------------------------    -------------------

                         max delay                    7.000     7.000    
    SLICE_X95Y130        FDRE (Setup_fdre_C_D)       -0.267     6.733    lesion_i/video/hdmi_out/frontend/v_axi4s_vid_out_0/inst/COUPLER_INST/generate_async_fifo.FIFO_INST/XPM_FIFO_ASYNC_INST/gnuram_async_fifo.xpm_fifo_base_inst/gen_cdc_pntr.wr_pntr_cdc_inst/dest_graysync_ff_reg[0][1]
  -------------------------------------------------------------------
                         required time                          6.733    
                         arrival time                          -1.269    
  -------------------------------------------------------------------
                         slack                                  5.464    





---------------------------------------------------------------------------------------------------
From Clock:  clk_fpga_0
  To Clock:  clk_fpga_1

Setup :            0  Failing Endpoints,  Worst Slack       19.298ns,  Total Violation        0.000ns
Hold  :           NA  Failing Endpoints,  Worst Slack           NA  ,  Total Violation           NA
---------------------------------------------------------------------------------------------------


Max Delay Paths
--------------------------------------------------------------------------------------
Slack (MET) :             19.298ns  (required time - arrival time)
  Source:                 lesion_i/video/axi_interconnect_0/m06_couplers/auto_cc/inst/gen_clock_conv.gen_async_lite_conv.clock_conv_lite_fwd_aw/handshake/src_hsdata_ff_reg[4]/C
                            (rising edge-triggered cell FDRE clocked by clk_fpga_0  {rise@0.000ns fall@5.000ns period=10.000ns})
  Destination:            lesion_i/video/axi_interconnect_0/m06_couplers/auto_cc/inst/gen_clock_conv.gen_async_lite_conv.clock_conv_lite_fwd_aw/handshake/dest_hsdata_ff_reg[4]/D
                            (rising edge-triggered cell FDRE clocked by clk_fpga_1  {rise@0.000ns fall@3.500ns period=7.000ns})
  Path Group:             clk_fpga_1
  Path Type:              Setup (Max at Slow Process Corner)
  Requirement:            21.000ns  (MaxDelay Path 21.000ns)
  Data Path Delay:        1.674ns  (logic 0.456ns (27.241%)  route 1.218ns (72.759%))
  Logic Levels:           0  
  Timing Exception:       MaxDelay Path 21.000ns -datapath_only

    Location             Delay type                Incr(ns)  Path(ns)    Netlist Resource(s)
  -------------------------------------------------------------------    -------------------
    SLICE_X113Y134                                    0.000     0.000 r  lesion_i/video/axi_interconnect_0/m06_couplers/auto_cc/inst/gen_clock_conv.gen_async_lite_conv.clock_conv_lite_fwd_aw/handshake/src_hsdata_ff_reg[4]/C
    SLICE_X113Y134       FDRE (Prop_fdre_C_Q)         0.456     0.456 r  lesion_i/video/axi_interconnect_0/m06_couplers/auto_cc/inst/gen_clock_conv.gen_async_lite_conv.clock_conv_lite_fwd_aw/handshake/src_hsdata_ff_reg[4]/Q
                         net (fo=1, routed)           1.218     1.674    lesion_i/video/axi_interconnect_0/m06_couplers/auto_cc/inst/gen_clock_conv.gen_async_lite_conv.clock_conv_lite_fwd_aw/handshake/src_hsdata_ff[4]
    SLICE_X112Y133       FDRE                                         r  lesion_i/video/axi_interconnect_0/m06_couplers/auto_cc/inst/gen_clock_conv.gen_async_lite_conv.clock_conv_lite_fwd_aw/handshake/dest_hsdata_ff_reg[4]/D
  -------------------------------------------------------------------    -------------------

                         max delay                   21.000    21.000    
    SLICE_X112Y133       FDRE (Setup_fdre_C_D)       -0.028    20.972    lesion_i/video/axi_interconnect_0/m06_couplers/auto_cc/inst/gen_clock_conv.gen_async_lite_conv.clock_conv_lite_fwd_aw/handshake/dest_hsdata_ff_reg[4]
  -------------------------------------------------------------------
                         required time                         20.972    
                         arrival time                          -1.674    
  -------------------------------------------------------------------
                         slack                                 19.298    





---------------------------------------------------------------------------------------------------
From Clock:  axi_dynclk_0_PXL_CLK_O
  To Clock:  clk_fpga_1

Setup :            0  Failing Endpoints,  Worst Slack        8.433ns,  Total Violation        0.000ns
Hold  :           NA  Failing Endpoints,  Worst Slack           NA  ,  Total Violation           NA
---------------------------------------------------------------------------------------------------


Max Delay Paths
--------------------------------------------------------------------------------------
Slack (MET) :             8.433ns  (required time - arrival time)
  Source:                 lesion_i/video/hdmi_out/frontend/v_axi4s_vid_out_0/inst/COUPLER_INST/generate_async_fifo.FIFO_INST/XPM_FIFO_ASYNC_INST/gnuram_async_fifo.xpm_fifo_base_inst/gen_cdc_pntr.rd_pntr_cdc_dc_inst/src_gray_ff_reg[3]/C
                            (rising edge-triggered cell FDRE clocked by axi_dynclk_0_PXL_CLK_O  {rise@0.000ns fall@4.000ns period=10.000ns})
  Destination:            lesion_i/video/hdmi_out/frontend/v_axi4s_vid_out_0/inst/COUPLER_INST/generate_async_fifo.FIFO_INST/XPM_FIFO_ASYNC_INST/gnuram_async_fifo.xpm_fifo_base_inst/gen_cdc_pntr.rd_pntr_cdc_dc_inst/dest_graysync_ff_reg[0][3]/D
                            (rising edge-triggered cell FDRE clocked by clk_fpga_1  {rise@0.000ns fall@3.500ns period=7.000ns})
  Path Group:             clk_fpga_1
  Path Type:              Setup (Max at Slow Process Corner)
  Requirement:            10.000ns  (MaxDelay Path 10.000ns)
  Data Path Delay:        1.302ns  (logic 0.419ns (32.190%)  route 0.883ns (67.810%))
  Logic Levels:           0  
  Timing Exception:       MaxDelay Path 10.000ns -datapath_only

    Location             Delay type                Incr(ns)  Path(ns)    Netlist Resource(s)
  -------------------------------------------------------------------    -------------------
    SLICE_X101Y131                                    0.000     0.000 r  lesion_i/video/hdmi_out/frontend/v_axi4s_vid_out_0/inst/COUPLER_INST/generate_async_fifo.FIFO_INST/XPM_FIFO_ASYNC_INST/gnuram_async_fifo.xpm_fifo_base_inst/gen_cdc_pntr.rd_pntr_cdc_dc_inst/src_gray_ff_reg[3]/C
    SLICE_X101Y131       FDRE (Prop_fdre_C_Q)         0.419     0.419 r  lesion_i/video/hdmi_out/frontend/v_axi4s_vid_out_0/inst/COUPLER_INST/generate_async_fifo.FIFO_INST/XPM_FIFO_ASYNC_INST/gnuram_async_fifo.xpm_fifo_base_inst/gen_cdc_pntr.rd_pntr_cdc_dc_inst/src_gray_ff_reg[3]/Q
                         net (fo=1, routed)           0.883     1.302    lesion_i/video/hdmi_out/frontend/v_axi4s_vid_out_0/inst/COUPLER_INST/generate_async_fifo.FIFO_INST/XPM_FIFO_ASYNC_INST/gnuram_async_fifo.xpm_fifo_base_inst/gen_cdc_pntr.rd_pntr_cdc_dc_inst/async_path[3]
    SLICE_X99Y131        FDRE                                         r  lesion_i/video/hdmi_out/frontend/v_axi4s_vid_out_0/inst/COUPLER_INST/generate_async_fifo.FIFO_INST/XPM_FIFO_ASYNC_INST/gnuram_async_fifo.xpm_fifo_base_inst/gen_cdc_pntr.rd_pntr_cdc_dc_inst/dest_graysync_ff_reg[0][3]/D
  -------------------------------------------------------------------    -------------------

                         max delay                   10.000    10.000    
    SLICE_X99Y131        FDRE (Setup_fdre_C_D)       -0.265     9.735    lesion_i/video/hdmi_out/frontend/v_axi4s_vid_out_0/inst/COUPLER_INST/generate_async_fifo.FIFO_INST/XPM_FIFO_ASYNC_INST/gnuram_async_fifo.xpm_fifo_base_inst/gen_cdc_pntr.rd_pntr_cdc_dc_inst/dest_graysync_ff_reg[0][3]
  -------------------------------------------------------------------
                         required time                          9.735    
                         arrival time                          -1.302    
  -------------------------------------------------------------------
                         slack                                  8.433    





---------------------------------------------------------------------------------------------------
From Clock:  hdmi_in_PixelClk
  To Clock:  clk_fpga_1

Setup :            0  Failing Endpoints,  Worst Slack        6.767ns,  Total Violation        0.000ns
Hold  :           NA  Failing Endpoints,  Worst Slack           NA  ,  Total Violation           NA
---------------------------------------------------------------------------------------------------


Max Delay Paths
--------------------------------------------------------------------------------------
Slack (MET) :             6.767ns  (required time - arrival time)
  Source:                 lesion_i/video/hdmi_in/frontend/v_vid_in_axi4s_0/inst/COUPLER_INST/generate_async_fifo.FIFO_INST/XPM_FIFO_ASYNC_INST/gnuram_async_fifo.xpm_fifo_base_inst/gen_cdc_pntr.wr_pntr_cdc_inst/src_gray_ff_reg[6]/C
                            (rising edge-triggered cell FDRE clocked by hdmi_in_PixelClk  {rise@0.000ns fall@3.333ns period=8.333ns})
  Destination:            lesion_i/video/hdmi_in/frontend/v_vid_in_axi4s_0/inst/COUPLER_INST/generate_async_fifo.FIFO_INST/XPM_FIFO_ASYNC_INST/gnuram_async_fifo.xpm_fifo_base_inst/gen_cdc_pntr.wr_pntr_cdc_inst/dest_graysync_ff_reg[0][6]/D
                            (rising edge-triggered cell FDRE clocked by clk_fpga_1  {rise@0.000ns fall@3.500ns period=7.000ns})
  Path Group:             clk_fpga_1
  Path Type:              Setup (Max at Slow Process Corner)
  Requirement:            8.334ns  (MaxDelay Path 8.334ns)
  Data Path Delay:        1.472ns  (logic 0.518ns (35.192%)  route 0.954ns (64.808%))
  Logic Levels:           0  
  Timing Exception:       MaxDelay Path 8.334ns -datapath_only

    Location             Delay type                Incr(ns)  Path(ns)    Netlist Resource(s)
  -------------------------------------------------------------------    -------------------
    SLICE_X90Y93                                      0.000     0.000 r  lesion_i/video/hdmi_in/frontend/v_vid_in_axi4s_0/inst/COUPLER_INST/generate_async_fifo.FIFO_INST/XPM_FIFO_ASYNC_INST/gnuram_async_fifo.xpm_fifo_base_inst/gen_cdc_pntr.wr_pntr_cdc_inst/src_gray_ff_reg[6]/C
    SLICE_X90Y93         FDRE (Prop_fdre_C_Q)         0.518     0.518 r  lesion_i/video/hdmi_in/frontend/v_vid_in_axi4s_0/inst/COUPLER_INST/generate_async_fifo.FIFO_INST/XPM_FIFO_ASYNC_INST/gnuram_async_fifo.xpm_fifo_base_inst/gen_cdc_pntr.wr_pntr_cdc_inst/src_gray_ff_reg[6]/Q
                         net (fo=1, routed)           0.954     1.472    lesion_i/video/hdmi_in/frontend/v_vid_in_axi4s_0/inst/COUPLER_INST/generate_async_fifo.FIFO_INST/XPM_FIFO_ASYNC_INST/gnuram_async_fifo.xpm_fifo_base_inst/gen_cdc_pntr.wr_pntr_cdc_inst/async_path[6]
    SLICE_X89Y93         FDRE                                         r  lesion_i/video/hdmi_in/frontend/v_vid_in_axi4s_0/inst/COUPLER_INST/generate_async_fifo.FIFO_INST/XPM_FIFO_ASYNC_INST/gnuram_async_fifo.xpm_fifo_base_inst/gen_cdc_pntr.wr_pntr_cdc_inst/dest_graysync_ff_reg[0][6]/D
  -------------------------------------------------------------------    -------------------

                         max delay                    8.334     8.334    
    SLICE_X89Y93         FDRE (Setup_fdre_C_D)       -0.095     8.239    lesion_i/video/hdmi_in/frontend/v_vid_in_axi4s_0/inst/COUPLER_INST/generate_async_fifo.FIFO_INST/XPM_FIFO_ASYNC_INST/gnuram_async_fifo.xpm_fifo_base_inst/gen_cdc_pntr.wr_pntr_cdc_inst/dest_graysync_ff_reg[0][6]
  -------------------------------------------------------------------
                         required time                          8.239    
                         arrival time                          -1.472    
  -------------------------------------------------------------------
                         slack                                  6.767    





---------------------------------------------------------------------------------------------------
From Clock:  clk_fpga_0
  To Clock:  hdmi_in_PixelClk

Setup :            0  Failing Endpoints,  Worst Slack        8.226ns,  Total Violation        0.000ns
Hold  :           NA  Failing Endpoints,  Worst Slack           NA  ,  Total Violation           NA
---------------------------------------------------------------------------------------------------


Max Delay Paths
--------------------------------------------------------------------------------------
Slack (MET) :             8.226ns  (required time - arrival time)
  Source:                 lesion_wrapper/lesion/video_imp_15QDWM9/hdmi_in_imp_WH11TZ/frontend_imp_1R3YJ4E/lesion_vtc_in_0/<hidden>/<hidden>
                            (rising edge-triggered cell FDRE clocked by clk_fpga_0  {rise@0.000ns fall@5.000ns period=10.000ns})
  Destination:            lesion_wrapper/lesion/video_imp_15QDWM9/hdmi_in_imp_WH11TZ/frontend_imp_1R3YJ4E/lesion_vtc_in_0/<hidden>/<hidden>/<hidden>
                            (rising edge-triggered cell FDRE clocked by hdmi_in_PixelClk  {rise@0.000ns fall@3.333ns period=8.333ns})
  Path Group:             hdmi_in_PixelClk
  Path Type:              Setup (Max at Slow Process Corner)
  Requirement:            10.000ns  (MaxDelay Path 10.000ns)
  Data Path Delay:        1.681ns  (logic 0.456ns (27.130%)  route 1.225ns (72.870%))
  Logic Levels:           0  
  Timing Exception:       MaxDelay Path 10.000ns -datapath_only

    Location             Delay type                Incr(ns)  Path(ns)    Netlist Resource(s)
  -------------------------------------------------------------------    -------------------
    SLICE_X89Y101                                     0.000     0.000 r  lesion_wrapper/lesion/video_imp_15QDWM9/hdmi_in_imp_WH11TZ/frontend_imp_1R3YJ4E/lesion_vtc_in_0/<hidden>/<hidden>
    SLICE_X89Y101        FDRE (Prop_fdre_C_Q)         0.456     0.456 r  lesion_wrapper/lesion/video_imp_15QDWM9/hdmi_in_imp_WH11TZ/frontend_imp_1R3YJ4E/lesion_vtc_in_0/<hidden>/<hidden>
                         net (fo=1, routed)           1.225     1.681    lesion_wrapper/lesion/video_imp_15QDWM9/hdmi_in_imp_WH11TZ/frontend_imp_1R3YJ4E/lesion_vtc_in_0/<hidden>/<hidden>/<hidden>
    SLICE_X87Y85         FDRE                                         r  lesion_wrapper/lesion/video_imp_15QDWM9/hdmi_in_imp_WH11TZ/frontend_imp_1R3YJ4E/lesion_vtc_in_0/<hidden>/<hidden>/<hidden>
  -------------------------------------------------------------------    -------------------

                         max delay                   10.000    10.000    
    SLICE_X87Y85         FDRE (Setup_fdre_C_D)       -0.093     9.907    lesion_wrapper/lesion/video_imp_15QDWM9/hdmi_in_imp_WH11TZ/frontend_imp_1R3YJ4E/lesion_vtc_in_0/<hidden>/<hidden>/<hidden>
  -------------------------------------------------------------------
                         required time                          9.907    
                         arrival time                          -1.681    
  -------------------------------------------------------------------
                         slack                                  8.226    





---------------------------------------------------------------------------------------------------
From Clock:  clk_fpga_1
  To Clock:  hdmi_in_PixelClk

Setup :            0  Failing Endpoints,  Worst Slack        5.442ns,  Total Violation        0.000ns
Hold  :           NA  Failing Endpoints,  Worst Slack           NA  ,  Total Violation           NA
---------------------------------------------------------------------------------------------------


Max Delay Paths
--------------------------------------------------------------------------------------
Slack (MET) :             5.442ns  (required time - arrival time)
  Source:                 lesion_i/video/hdmi_in/frontend/v_vid_in_axi4s_0/inst/COUPLER_INST/generate_async_fifo.FIFO_INST/XPM_FIFO_ASYNC_INST/gnuram_async_fifo.xpm_fifo_base_inst/gen_cdc_pntr.rd_pntr_cdc_inst/src_gray_ff_reg[3]/C
                            (rising edge-triggered cell FDRE clocked by clk_fpga_1  {rise@0.000ns fall@3.500ns period=7.000ns})
  Destination:            lesion_i/video/hdmi_in/frontend/v_vid_in_axi4s_0/inst/COUPLER_INST/generate_async_fifo.FIFO_INST/XPM_FIFO_ASYNC_INST/gnuram_async_fifo.xpm_fifo_base_inst/gen_cdc_pntr.rd_pntr_cdc_inst/dest_graysync_ff_reg[0][3]/D
                            (rising edge-triggered cell FDRE clocked by hdmi_in_PixelClk  {rise@0.000ns fall@3.333ns period=8.333ns})
  Path Group:             hdmi_in_PixelClk
  Path Type:              Setup (Max at Slow Process Corner)
  Requirement:            7.000ns  (MaxDelay Path 7.000ns)
  Data Path Delay:        1.342ns  (logic 0.478ns (35.615%)  route 0.864ns (64.385%))
  Logic Levels:           0  
  Timing Exception:       MaxDelay Path 7.000ns -datapath_only

    Location             Delay type                Incr(ns)  Path(ns)    Netlist Resource(s)
  -------------------------------------------------------------------    -------------------
    SLICE_X90Y90                                      0.000     0.000 r  lesion_i/video/hdmi_in/frontend/v_vid_in_axi4s_0/inst/COUPLER_INST/generate_async_fifo.FIFO_INST/XPM_FIFO_ASYNC_INST/gnuram_async_fifo.xpm_fifo_base_inst/gen_cdc_pntr.rd_pntr_cdc_inst/src_gray_ff_reg[3]/C
    SLICE_X90Y90         FDRE (Prop_fdre_C_Q)         0.478     0.478 r  lesion_i/video/hdmi_in/frontend/v_vid_in_axi4s_0/inst/COUPLER_INST/generate_async_fifo.FIFO_INST/XPM_FIFO_ASYNC_INST/gnuram_async_fifo.xpm_fifo_base_inst/gen_cdc_pntr.rd_pntr_cdc_inst/src_gray_ff_reg[3]/Q
                         net (fo=1, routed)           0.864     1.342    lesion_i/video/hdmi_in/frontend/v_vid_in_axi4s_0/inst/COUPLER_INST/generate_async_fifo.FIFO_INST/XPM_FIFO_ASYNC_INST/gnuram_async_fifo.xpm_fifo_base_inst/gen_cdc_pntr.rd_pntr_cdc_inst/async_path[3]
    SLICE_X90Y89         FDRE                                         r  lesion_i/video/hdmi_in/frontend/v_vid_in_axi4s_0/inst/COUPLER_INST/generate_async_fifo.FIFO_INST/XPM_FIFO_ASYNC_INST/gnuram_async_fifo.xpm_fifo_base_inst/gen_cdc_pntr.rd_pntr_cdc_inst/dest_graysync_ff_reg[0][3]/D
  -------------------------------------------------------------------    -------------------

                         max delay                    7.000     7.000    
    SLICE_X90Y89         FDRE (Setup_fdre_C_D)       -0.216     6.784    lesion_i/video/hdmi_in/frontend/v_vid_in_axi4s_0/inst/COUPLER_INST/generate_async_fifo.FIFO_INST/XPM_FIFO_ASYNC_INST/gnuram_async_fifo.xpm_fifo_base_inst/gen_cdc_pntr.rd_pntr_cdc_inst/dest_graysync_ff_reg[0][3]
  -------------------------------------------------------------------
                         required time                          6.784    
                         arrival time                          -1.342    
  -------------------------------------------------------------------
                         slack                                  5.442    





---------------------------------------------------------------------------------------------------
Path Group:  **async_default**
From Clock:  clk_fpga_0
  To Clock:  clk_fpga_0

Setup :            0  Failing Endpoints,  Worst Slack        5.384ns,  Total Violation        0.000ns
Hold  :            0  Failing Endpoints,  Worst Slack        0.520ns,  Total Violation        0.000ns
---------------------------------------------------------------------------------------------------


Max Delay Paths
--------------------------------------------------------------------------------------
Slack (MET) :             5.384ns  (required time - arrival time)
  Source:                 lesion_wrapper/lesion/lesion_memory_0/s00_couplers_imp_RUVM7X/lesion_memory_imp_auto_pc_0/lesion_memory_imp_auto_pc_0_axi_protocol_converter_v2_1_37_axi_protocol_converter/lesion_memory_imp_auto_pc_0_axi_protocol_converter_v2_1_37_axi3_conv/lesion_memory_imp_auto_pc_0_axi_protocol_converter_v2_1_37_a_axi3_conv__parameterized0/lesion_memory_imp_auto_pc_0_axi_data_fifo_v2_1_36_axic_fifo__parameterized0/lesion_memory_imp_auto_pc_0_axi_data_fifo_v2_1_36_fifo_gen__parameterized0/<hidden>/<hidden>/<hidden>/<hidden>/<hidden>
                            (rising edge-triggered cell FDRE clocked by clk_fpga_0  {rise@0.000ns fall@5.000ns period=10.000ns})
  Destination:            lesion_wrapper/lesion/lesion_memory_0/s00_couplers_imp_RUVM7X/lesion_memory_imp_auto_pc_0/lesion_memory_imp_auto_pc_0_axi_protocol_converter_v2_1_37_axi_protocol_converter/lesion_memory_imp_auto_pc_0_axi_protocol_converter_v2_1_37_axi3_conv/lesion_memory_imp_auto_pc_0_axi_protocol_converter_v2_1_37_a_axi3_conv__parameterized0/lesion_memory_imp_auto_pc_0_axi_data_fifo_v2_1_36_axic_fifo__parameterized0/lesion_memory_imp_auto_pc_0_axi_data_fifo_v2_1_36_fifo_gen__parameterized0/<hidden>/<hidden>/<hidden>/<hidden>/<hidden>/<hidden>
                            (recovery check against rising-edge clock clk_fpga_0  {rise@0.000ns fall@5.000ns period=10.000ns})
  Path Group:             **async_default**
  Path Type:              Recovery (Max at Slow Process Corner)
  Requirement:            10.000ns  (clk_fpga_0 rise@10.000ns - clk_fpga_0 rise@0.000ns)
  Data Path Delay:        4.165ns  (logic 0.580ns (13.926%)  route 3.585ns (86.074%))
  Logic Levels:           1  (LUT3=1)
  Clock Path Skew:        0.108ns (DCD - SCD + CPR)
    Destination Clock Delay (DCD):    2.827ns = ( 12.827 - 10.000 ) 
    Source Clock Delay      (SCD):    2.949ns
    Clock Pessimism Removal (CPR):    0.230ns
  Clock Uncertainty:      0.154ns  ((TSJ^2 + TIJ^2)^1/2 + DJ) / 2 + PE
    Total System Jitter     (TSJ):    0.071ns
    Total Input Jitter      (TIJ):    0.300ns
    Discrete Jitter          (DJ):    0.000ns
    Phase Error              (PE):    0.000ns

    Location             Delay type                Incr(ns)  Path(ns)    Netlist Resource(s)
  -------------------------------------------------------------------    -------------------
                         (clock clk_fpga_0 rise edge)
                                                      0.000     0.000 r  
    PS7_X0Y0             PS7                          0.000     0.000 r  lesion_i/ps7_0/inst/PS7_i/FCLKCLK[0]
                         net (fo=1, routed)           1.193     1.193    lesion_i/ps7_0/inst/FCLK_CLK_unbuffered[0]
    BUFGCTRL_X0Y16       BUFG (Prop_bufg_I_O)         0.101     1.294 r  lesion_i/ps7_0/inst/buffer_fclk_clk_0.FCLK_CLK_0_BUFG/O
                         net (fo=24933, routed)       1.655     2.949    lesion_wrapper/lesion/lesion_memory_0/s00_couplers_imp_RUVM7X/lesion_memory_imp_auto_pc_0/lesion_memory_imp_auto_pc_0_axi_protocol_converter_v2_1_37_axi_protocol_converter/lesion_memory_imp_auto_pc_0_axi_protocol_converter_v2_1_37_axi3_conv/lesion_memory_imp_auto_pc_0_axi_protocol_converter_v2_1_37_a_axi3_conv__parameterized0/lesion_memory_imp_auto_pc_0_axi_data_fifo_v2_1_36_axic_fifo__parameterized0/lesion_memory_imp_auto_pc_0_axi_data_fifo_v2_1_36_fifo_gen__parameterized0/<hidden>/<hidden>/<hidden>/<hidden>/<hidden>
    SLICE_X45Y29         FDRE                                         r  lesion_wrapper/lesion/lesion_memory_0/s00_couplers_imp_RUVM7X/lesion_memory_imp_auto_pc_0/lesion_memory_imp_auto_pc_0_axi_protocol_converter_v2_1_37_axi_protocol_converter/lesion_memory_imp_auto_pc_0_axi_protocol_converter_v2_1_37_axi3_conv/lesion_memory_imp_auto_pc_0_axi_protocol_converter_v2_1_37_a_axi3_conv__parameterized0/lesion_memory_imp_auto_pc_0_axi_data_fifo_v2_1_36_axic_fifo__parameterized0/lesion_memory_imp_auto_pc_0_axi_data_fifo_v2_1_36_fifo_gen__parameterized0/<hidden>/<hidden>/<hidden>/<hidden>/<hidden>
  -------------------------------------------------------------------    -------------------
    SLICE_X45Y29         FDRE (Prop_fdre_C_Q)         0.456     3.405 f  lesion_wrapper/lesion/lesion_memory_0/s00_couplers_imp_RUVM7X/lesion_memory_imp_auto_pc_0/lesion_memory_imp_auto_pc_0_axi_protocol_converter_v2_1_37_axi_protocol_converter/lesion_memory_imp_auto_pc_0_axi_protocol_converter_v2_1_37_axi3_conv/lesion_memory_imp_auto_pc_0_axi_protocol_converter_v2_1_37_a_axi3_conv__parameterized0/lesion_memory_imp_auto_pc_0_axi_data_fifo_v2_1_36_axic_fifo__parameterized0/lesion_memory_imp_auto_pc_0_axi_data_fifo_v2_1_36_fifo_gen__parameterized0/<hidden>/<hidden>/<hidden>/<hidden>/<hidden>
                         net (fo=2, routed)           0.815     4.220    lesion_wrapper/lesion/lesion_memory_0/s00_couplers_imp_RUVM7X/lesion_memory_imp_auto_pc_0/lesion_memory_imp_auto_pc_0_axi_protocol_converter_v2_1_37_axi_protocol_converter/lesion_memory_imp_auto_pc_0_axi_protocol_converter_v2_1_37_axi3_conv/lesion_memory_imp_auto_pc_0_axi_protocol_converter_v2_1_37_a_axi3_conv__parameterized0/lesion_memory_imp_auto_pc_0_axi_data_fifo_v2_1_36_axic_fifo__parameterized0/lesion_memory_imp_auto_pc_0_axi_data_fifo_v2_1_36_fifo_gen__parameterized0/<hidden>/<hidden>/<hidden>/<hidden>/<hidden>
    SLICE_X42Y29         LUT3 (Prop_lut3_I1_O)        0.124     4.344 f  lesion_wrapper/lesion/lesion_memory_0/s00_couplers_imp_RUVM7X/lesion_memory_imp_auto_pc_0/lesion_memory_imp_auto_pc_0_axi_protocol_converter_v2_1_37_axi_protocol_converter/lesion_memory_imp_auto_pc_0_axi_protocol_converter_v2_1_37_axi3_conv/lesion_memory_imp_auto_pc_0_axi_protocol_converter_v2_1_37_a_axi3_conv__parameterized0/lesion_memory_imp_auto_pc_0_axi_data_fifo_v2_1_36_axic_fifo__parameterized0/lesion_memory_imp_auto_pc_0_axi_data_fifo_v2_1_36_fifo_gen__parameterized0/<hidden>/<hidden>/<hidden>/<hidden>/<hidden>
                         net (fo=33, routed)          2.770     7.114    lesion_wrapper/lesion/lesion_memory_0/s00_couplers_imp_RUVM7X/lesion_memory_imp_auto_pc_0/lesion_memory_imp_auto_pc_0_axi_protocol_converter_v2_1_37_axi_protocol_converter/lesion_memory_imp_auto_pc_0_axi_protocol_converter_v2_1_37_axi3_conv/lesion_memory_imp_auto_pc_0_axi_protocol_converter_v2_1_37_a_axi3_conv__parameterized0/lesion_memory_imp_auto_pc_0_axi_data_fifo_v2_1_36_axic_fifo__parameterized0/lesion_memory_imp_auto_pc_0_axi_data_fifo_v2_1_36_fifo_gen__parameterized0/<hidden>/<hidden>/<hidden>/<hidden>/<hidden>/<hidden>
    SLICE_X1Y30          FDCE                                         f  lesion_wrapper/lesion/lesion_memory_0/s00_couplers_imp_RUVM7X/lesion_memory_imp_auto_pc_0/lesion_memory_imp_auto_pc_0_axi_protocol_converter_v2_1_37_axi_protocol_converter/lesion_memory_imp_auto_pc_0_axi_protocol_converter_v2_1_37_axi3_conv/lesion_memory_imp_auto_pc_0_axi_protocol_converter_v2_1_37_a_axi3_conv__parameterized0/lesion_memory_imp_auto_pc_0_axi_data_fifo_v2_1_36_axic_fifo__parameterized0/lesion_memory_imp_auto_pc_0_axi_data_fifo_v2_1_36_fifo_gen__parameterized0/<hidden>/<hidden>/<hidden>/<hidden>/<hidden>/<hidden>
  -------------------------------------------------------------------    -------------------

                         (clock clk_fpga_0 rise edge)
                                                     10.000    10.000 r  
    PS7_X0Y0             PS7                          0.000    10.000 r  lesion_i/ps7_0/inst/PS7_i/FCLKCLK[0]
                         net (fo=1, routed)           1.088    11.088    lesion_i/ps7_0/inst/FCLK_CLK_unbuffered[0]
    BUFGCTRL_X0Y16       BUFG (Prop_bufg_I_O)         0.091    11.179 r  lesion_i/ps7_0/inst/buffer_fclk_clk_0.FCLK_CLK_0_BUFG/O
                         net (fo=24933, routed)       1.648    12.827    lesion_wrapper/lesion/lesion_memory_0/s00_couplers_imp_RUVM7X/lesion_memory_imp_auto_pc_0/lesion_memory_imp_auto_pc_0_axi_protocol_converter_v2_1_37_axi_protocol_converter/lesion_memory_imp_auto_pc_0_axi_protocol_converter_v2_1_37_axi3_conv/lesion_memory_imp_auto_pc_0_axi_protocol_converter_v2_1_37_a_axi3_conv__parameterized0/lesion_memory_imp_auto_pc_0_axi_data_fifo_v2_1_36_axic_fifo__parameterized0/lesion_memory_imp_auto_pc_0_axi_data_fifo_v2_1_36_fifo_gen__parameterized0/<hidden>/<hidden>/<hidden>/<hidden>/<hidden>/<hidden>
    SLICE_X1Y30          FDCE                                         r  lesion_wrapper/lesion/lesion_memory_0/s00_couplers_imp_RUVM7X/lesion_memory_imp_auto_pc_0/lesion_memory_imp_auto_pc_0_axi_protocol_converter_v2_1_37_axi_protocol_converter/lesion_memory_imp_auto_pc_0_axi_protocol_converter_v2_1_37_axi3_conv/lesion_memory_imp_auto_pc_0_axi_protocol_converter_v2_1_37_a_axi3_conv__parameterized0/lesion_memory_imp_auto_pc_0_axi_data_fifo_v2_1_36_axic_fifo__parameterized0/lesion_memory_imp_auto_pc_0_axi_data_fifo_v2_1_36_fifo_gen__parameterized0/<hidden>/<hidden>/<hidden>/<hidden>/<hidden>/<hidden>
                         clock pessimism              0.230    13.057    
                         clock uncertainty           -0.154    12.903    
    SLICE_X1Y30          FDCE (Recov_fdce_C_CLR)     -0.405    12.498    lesion_wrapper/lesion/lesion_memory_0/s00_couplers_imp_RUVM7X/lesion_memory_imp_auto_pc_0/lesion_memory_imp_auto_pc_0_axi_protocol_converter_v2_1_37_axi_protocol_converter/lesion_memory_imp_auto_pc_0_axi_protocol_converter_v2_1_37_axi3_conv/lesion_memory_imp_auto_pc_0_axi_protocol_converter_v2_1_37_a_axi3_conv__parameterized0/lesion_memory_imp_auto_pc_0_axi_data_fifo_v2_1_36_axic_fifo__parameterized0/lesion_memory_imp_auto_pc_0_axi_data_fifo_v2_1_36_fifo_gen__parameterized0/<hidden>/<hidden>/<hidden>/<hidden>/<hidden>/<hidden>
  -------------------------------------------------------------------
                         required time                         12.498    
                         arrival time                          -7.114    
  -------------------------------------------------------------------
                         slack                                  5.384    





Min Delay Paths
--------------------------------------------------------------------------------------
Slack (MET) :             0.520ns  (arrival time - required time)
  Source:                 lesion_wrapper/lesion/lesion_memory_0/s00_couplers_imp_RUVM7X/lesion_memory_imp_auto_pc_0/lesion_memory_imp_auto_pc_0_axi_protocol_converter_v2_1_37_axi_protocol_converter/lesion_memory_imp_auto_pc_0_axi_protocol_converter_v2_1_37_axi3_conv/lesion_memory_imp_auto_pc_0_axi_protocol_converter_v2_1_37_a_axi3_conv/lesion_memory_imp_auto_pc_0_axi_data_fifo_v2_1_36_axic_fifo/lesion_memory_imp_auto_pc_0_axi_data_fifo_v2_1_36_fifo_gen_1/<hidden>/<hidden>/<hidden>/<hidden>/<hidden>
                            (rising edge-triggered cell FDRE clocked by clk_fpga_0  {rise@0.000ns fall@5.000ns period=10.000ns})
  Destination:            lesion_wrapper/lesion/lesion_memory_0/s00_couplers_imp_RUVM7X/lesion_memory_imp_auto_pc_0/lesion_memory_imp_auto_pc_0_axi_protocol_converter_v2_1_37_axi_protocol_converter/lesion_memory_imp_auto_pc_0_axi_protocol_converter_v2_1_37_axi3_conv/lesion_memory_imp_auto_pc_0_axi_protocol_converter_v2_1_37_a_axi3_conv/lesion_memory_imp_auto_pc_0_axi_data_fifo_v2_1_36_axic_fifo/lesion_memory_imp_auto_pc_0_axi_data_fifo_v2_1_36_fifo_gen_1/<hidden>/<hidden>/<hidden>/<hidden>/<hidden>/<hidden>
                            (removal check against rising-edge clock clk_fpga_0  {rise@0.000ns fall@5.000ns period=10.000ns})
  Path Group:             **async_default**
  Path Type:              Removal (Min at Fast Process Corner)
  Requirement:            0.000ns  (clk_fpga_0 rise@0.000ns - clk_fpga_0 rise@0.000ns)
  Data Path Delay:        0.680ns  (logic 0.186ns (27.352%)  route 0.494ns (72.648%))
  Logic Levels:           1  (LUT3=1)
  Clock Path Skew:        0.252ns (DCD - SCD - CPR)
    Destination Clock Delay (DCD):    1.176ns
    Source Clock Delay      (SCD):    0.889ns
    Clock Pessimism Removal (CPR):    0.035ns

    Location             Delay type                Incr(ns)  Path(ns)    Netlist Resource(s)
  -------------------------------------------------------------------    -------------------
                         (clock clk_fpga_0 rise edge)
                                                      0.000     0.000 r  
    PS7_X0Y0             PS7                          0.000     0.000 r  lesion_i/ps7_0/inst/PS7_i/FCLKCLK[0]
                         net (fo=1, routed)           0.310     0.310    lesion_i/ps7_0/inst/FCLK_CLK_unbuffered[0]
    BUFGCTRL_X0Y16       BUFG (Prop_bufg_I_O)         0.026     0.336 r  lesion_i/ps7_0/inst/buffer_fclk_clk_0.FCLK_CLK_0_BUFG/O
                         net (fo=24933, routed)       0.553     0.889    lesion_wrapper/lesion/lesion_memory_0/s00_couplers_imp_RUVM7X/lesion_memory_imp_auto_pc_0/lesion_memory_imp_auto_pc_0_axi_protocol_converter_v2_1_37_axi_protocol_converter/lesion_memory_imp_auto_pc_0_axi_protocol_converter_v2_1_37_axi3_conv/lesion_memory_imp_auto_pc_0_axi_protocol_converter_v2_1_37_a_axi3_conv/lesion_memory_imp_auto_pc_0_axi_data_fifo_v2_1_36_axic_fifo/lesion_memory_imp_auto_pc_0_axi_data_fifo_v2_1_36_fifo_gen_1/<hidden>/<hidden>/<hidden>/<hidden>/<hidden>
    SLICE_X45Y29         FDRE                                         r  lesion_wrapper/lesion/lesion_memory_0/s00_couplers_imp_RUVM7X/lesion_memory_imp_auto_pc_0/lesion_memory_imp_auto_pc_0_axi_protocol_converter_v2_1_37_axi_protocol_converter/lesion_memory_imp_auto_pc_0_axi_protocol_converter_v2_1_37_axi3_conv/lesion_memory_imp_auto_pc_0_axi_protocol_converter_v2_1_37_a_axi3_conv/lesion_memory_imp_auto_pc_0_axi_data_fifo_v2_1_36_axic_fifo/lesion_memory_imp_auto_pc_0_axi_data_fifo_v2_1_36_fifo_gen_1/<hidden>/<hidden>/<hidden>/<hidden>/<hidden>
  -------------------------------------------------------------------    -------------------
    SLICE_X45Y29         FDRE (Prop_fdre_C_Q)         0.141     1.030 f  lesion_wrapper/lesion/lesion_memory_0/s00_couplers_imp_RUVM7X/lesion_memory_imp_auto_pc_0/lesion_memory_imp_auto_pc_0_axi_protocol_converter_v2_1_37_axi_protocol_converter/lesion_memory_imp_auto_pc_0_axi_protocol_converter_v2_1_37_axi3_conv/lesion_memory_imp_auto_pc_0_axi_protocol_converter_v2_1_37_a_axi3_conv/lesion_memory_imp_auto_pc_0_axi_data_fifo_v2_1_36_axic_fifo/lesion_memory_imp_auto_pc_0_axi_data_fifo_v2_1_36_fifo_gen_1/<hidden>/<hidden>/<hidden>/<hidden>/<hidden>
                         net (fo=3, routed)           0.136     1.166    lesion_wrapper/lesion/lesion_memory_0/s00_couplers_imp_RUVM7X/lesion_memory_imp_auto_pc_0/lesion_memory_imp_auto_pc_0_axi_protocol_converter_v2_1_37_axi_protocol_converter/lesion_memory_imp_auto_pc_0_axi_protocol_converter_v2_1_37_axi3_conv/lesion_memory_imp_auto_pc_0_axi_protocol_converter_v2_1_37_a_axi3_conv/lesion_memory_imp_auto_pc_0_axi_data_fifo_v2_1_36_axic_fifo/lesion_memory_imp_auto_pc_0_axi_data_fifo_v2_1_36_fifo_gen_1/<hidden>/<hidden>/<hidden>/<hidden>/<hidden>
    SLICE_X42Y29         LUT3 (Prop_lut3_I1_O)        0.045     1.211 f  lesion_wrapper/lesion/lesion_memory_0/s00_couplers_imp_RUVM7X/lesion_memory_imp_auto_pc_0/lesion_memory_imp_auto_pc_0_axi_protocol_converter_v2_1_37_axi_protocol_converter/lesion_memory_imp_auto_pc_0_axi_protocol_converter_v2_1_37_axi3_conv/lesion_memory_imp_auto_pc_0_axi_protocol_converter_v2_1_37_a_axi3_conv/lesion_memory_imp_auto_pc_0_axi_data_fifo_v2_1_36_axic_fifo/lesion_memory_imp_auto_pc_0_axi_data_fifo_v2_1_36_fifo_gen_1/<hidden>/<hidden>/<hidden>/<hidden>/<hidden>
                         net (fo=32, routed)          0.358     1.569    lesion_wrapper/lesion/lesion_memory_0/s00_couplers_imp_RUVM7X/lesion_memory_imp_auto_pc_0/lesion_memory_imp_auto_pc_0_axi_protocol_converter_v2_1_37_axi_protocol_converter/lesion_memory_imp_auto_pc_0_axi_protocol_converter_v2_1_37_axi3_conv/lesion_memory_imp_auto_pc_0_axi_protocol_converter_v2_1_37_a_axi3_conv/lesion_memory_imp_auto_pc_0_axi_data_fifo_v2_1_36_axic_fifo/lesion_memory_imp_auto_pc_0_axi_data_fifo_v2_1_36_fifo_gen_1/<hidden>/<hidden>/<hidden>/<hidden>/<hidden>/<hidden>
    SLICE_X51Y26         FDCE                                         f  lesion_wrapper/lesion/lesion_memory_0/s00_couplers_imp_RUVM7X/lesion_memory_imp_auto_pc_0/lesion_memory_imp_auto_pc_0_axi_protocol_converter_v2_1_37_axi_protocol_converter/lesion_memory_imp_auto_pc_0_axi_protocol_converter_v2_1_37_axi3_conv/lesion_memory_imp_auto_pc_0_axi_protocol_converter_v2_1_37_a_axi3_conv/lesion_memory_imp_auto_pc_0_axi_data_fifo_v2_1_36_axic_fifo/lesion_memory_imp_auto_pc_0_axi_data_fifo_v2_1_36_fifo_gen_1/<hidden>/<hidden>/<hidden>/<hidden>/<hidden>/<hidden>
  -------------------------------------------------------------------    -------------------

                         (clock clk_fpga_0 rise edge)
                                                      0.000     0.000 r  
    PS7_X0Y0             PS7                          0.000     0.000 r  lesion_i/ps7_0/inst/PS7_i/FCLKCLK[0]
                         net (fo=1, routed)           0.337     0.337    lesion_i/ps7_0/inst/FCLK_CLK_unbuffered[0]
    BUFGCTRL_X0Y16       BUFG (Prop_bufg_I_O)         0.029     0.366 r  lesion_i/ps7_0/inst/buffer_fclk_clk_0.FCLK_CLK_0_BUFG/O
                         net (fo=24933, routed)       0.810     1.176    lesion_wrapper/lesion/lesion_memory_0/s00_couplers_imp_RUVM7X/lesion_memory_imp_auto_pc_0/lesion_memory_imp_auto_pc_0_axi_protocol_converter_v2_1_37_axi_protocol_converter/lesion_memory_imp_auto_pc_0_axi_protocol_converter_v2_1_37_axi3_conv/lesion_memory_imp_auto_pc_0_axi_protocol_converter_v2_1_37_a_axi3_conv/lesion_memory_imp_auto_pc_0_axi_data_fifo_v2_1_36_axic_fifo/lesion_memory_imp_auto_pc_0_axi_data_fifo_v2_1_36_fifo_gen_1/<hidden>/<hidden>/<hidden>/<hidden>/<hidden>/<hidden>
    SLICE_X51Y26         FDCE                                         r  lesion_wrapper/lesion/lesion_memory_0/s00_couplers_imp_RUVM7X/lesion_memory_imp_auto_pc_0/lesion_memory_imp_auto_pc_0_axi_protocol_converter_v2_1_37_axi_protocol_converter/lesion_memory_imp_auto_pc_0_axi_protocol_converter_v2_1_37_axi3_conv/lesion_memory_imp_auto_pc_0_axi_protocol_converter_v2_1_37_a_axi3_conv/lesion_memory_imp_auto_pc_0_axi_data_fifo_v2_1_36_axic_fifo/lesion_memory_imp_auto_pc_0_axi_data_fifo_v2_1_36_fifo_gen_1/<hidden>/<hidden>/<hidden>/<hidden>/<hidden>/<hidden>
                         clock pessimism             -0.035     1.141    
    SLICE_X51Y26         FDCE (Remov_fdce_C_CLR)     -0.092     1.049    lesion_wrapper/lesion/lesion_memory_0/s00_couplers_imp_RUVM7X/lesion_memory_imp_auto_pc_0/lesion_memory_imp_auto_pc_0_axi_protocol_converter_v2_1_37_axi_protocol_converter/lesion_memory_imp_auto_pc_0_axi_protocol_converter_v2_1_37_axi3_conv/lesion_memory_imp_auto_pc_0_axi_protocol_converter_v2_1_37_a_axi3_conv/lesion_memory_imp_auto_pc_0_axi_data_fifo_v2_1_36_axic_fifo/lesion_memory_imp_auto_pc_0_axi_data_fifo_v2_1_36_fifo_gen_1/<hidden>/<hidden>/<hidden>/<hidden>/<hidden>/<hidden>
  -------------------------------------------------------------------
                         required time                         -1.049    
                         arrival time                           1.569    
  -------------------------------------------------------------------
                         slack                                  0.520    





---------------------------------------------------------------------------------------------------
Path Group:  **async_default**
From Clock:  clk_fpga_1
  To Clock:  clk_fpga_1

Setup :            0  Failing Endpoints,  Worst Slack        3.112ns,  Total Violation        0.000ns
Hold  :            0  Failing Endpoints,  Worst Slack        0.536ns,  Total Violation        0.000ns
---------------------------------------------------------------------------------------------------


Max Delay Paths
--------------------------------------------------------------------------------------
Slack (MET) :             3.112ns  (required time - arrival time)
  Source:                 lesion_wrapper/lesion/video_imp_15QDWM9/lesion_axi_mem_intercon_0/s00_couplers_imp_1A8C7Z7/lesion_axi_mem_intercon_imp_auto_pc_0/lesion_axi_mem_intercon_imp_auto_pc_0_axi_protocol_converter_v2_1_37_axi_protocol_converter/lesion_axi_mem_intercon_imp_auto_pc_0_axi_protocol_converter_v2_1_37_axi3_conv/lesion_axi_mem_intercon_imp_auto_pc_0_axi_protocol_converter_v2_1_37_a_axi3_conv/lesion_axi_mem_intercon_imp_auto_pc_0_axi_data_fifo_v2_1_36_axic_fifo_0/lesion_axi_mem_intercon_imp_auto_pc_0_axi_data_fifo_v2_1_36_fifo_gen/<hidden>/<hidden>/<hidden>/<hidden>/<hidden>/<hidden>
                            (rising edge-triggered cell FDPE clocked by clk_fpga_1  {rise@0.000ns fall@3.500ns period=7.000ns})
  Destination:            lesion_wrapper/lesion/video_imp_15QDWM9/lesion_axi_mem_intercon_0/s00_couplers_imp_1A8C7Z7/lesion_axi_mem_intercon_imp_auto_pc_0/lesion_axi_mem_intercon_imp_auto_pc_0_axi_protocol_converter_v2_1_37_axi_protocol_converter/lesion_axi_mem_intercon_imp_auto_pc_0_axi_protocol_converter_v2_1_37_axi3_conv/lesion_axi_mem_intercon_imp_auto_pc_0_axi_protocol_converter_v2_1_37_a_axi3_conv/lesion_axi_mem_intercon_imp_auto_pc_0_axi_data_fifo_v2_1_36_axic_fifo_0/lesion_axi_mem_intercon_imp_auto_pc_0_axi_data_fifo_v2_1_36_fifo_gen/<hidden>/<hidden>/<hidden>/<hidden>/<hidden>/<hidden>
                            (recovery check against rising-edge clock clk_fpga_1  {rise@0.000ns fall@3.500ns period=7.000ns})
  Path Group:             **async_default**
  Path Type:              Recovery (Max at Slow Process Corner)
  Requirement:            7.000ns  (clk_fpga_1 rise@7.000ns - clk_fpga_1 rise@0.000ns)
  Data Path Delay:        3.315ns  (logic 0.718ns (21.662%)  route 2.597ns (78.338%))
  Logic Levels:           1  (LUT3=1)
  Clock Path Skew:        -0.058ns (DCD - SCD + CPR)
    Destination Clock Delay (DCD):    2.646ns = ( 9.646 - 7.000 ) 
    Source Clock Delay      (SCD):    2.933ns
    Clock Pessimism Removal (CPR):    0.229ns
  Clock Uncertainty:      0.111ns  ((TSJ^2 + TIJ^2)^1/2 + DJ) / 2 + PE
    Total System Jitter     (TSJ):    0.071ns
    Total Input Jitter      (TIJ):    0.210ns
    Discrete Jitter          (DJ):    0.000ns
    Phase Error              (PE):    0.000ns

    Location             Delay type                Incr(ns)  Path(ns)    Netlist Resource(s)
  -------------------------------------------------------------------    -------------------
                         (clock clk_fpga_1 rise edge)
                                                      0.000     0.000 r  
    PS7_X0Y0             PS7                          0.000     0.000 r  lesion_i/ps7_0/inst/PS7_i/FCLKCLK[1]
                         net (fo=1, routed)           1.193     1.193    lesion_i/ps7_0/inst/FCLK_CLK_unbuffered[1]
    BUFGCTRL_X0Y17       BUFG (Prop_bufg_I_O)         0.101     1.294 r  lesion_i/ps7_0/inst/buffer_fclk_clk_1.FCLK_CLK_1_BUFG/O
                         net (fo=7661, routed)        1.639     2.933    lesion_wrapper/lesion/video_imp_15QDWM9/lesion_axi_mem_intercon_0/s00_couplers_imp_1A8C7Z7/lesion_axi_mem_intercon_imp_auto_pc_0/lesion_axi_mem_intercon_imp_auto_pc_0_axi_protocol_converter_v2_1_37_axi_protocol_converter/lesion_axi_mem_intercon_imp_auto_pc_0_axi_protocol_converter_v2_1_37_axi3_conv/lesion_axi_mem_intercon_imp_auto_pc_0_axi_protocol_converter_v2_1_37_a_axi3_conv/lesion_axi_mem_intercon_imp_auto_pc_0_axi_data_fifo_v2_1_36_axic_fifo_0/lesion_axi_mem_intercon_imp_auto_pc_0_axi_data_fifo_v2_1_36_fifo_gen/<hidden>/<hidden>/<hidden>/<hidden>/<hidden>/<hidden>
    SLICE_X35Y79         FDPE                                         r  lesion_wrapper/lesion/video_imp_15QDWM9/lesion_axi_mem_intercon_0/s00_couplers_imp_1A8C7Z7/lesion_axi_mem_intercon_imp_auto_pc_0/lesion_axi_mem_intercon_imp_auto_pc_0_axi_protocol_converter_v2_1_37_axi_protocol_converter/lesion_axi_mem_intercon_imp_auto_pc_0_axi_protocol_converter_v2_1_37_axi3_conv/lesion_axi_mem_intercon_imp_auto_pc_0_axi_protocol_converter_v2_1_37_a_axi3_conv/lesion_axi_mem_intercon_imp_auto_pc_0_axi_data_fifo_v2_1_36_axic_fifo_0/lesion_axi_mem_intercon_imp_auto_pc_0_axi_data_fifo_v2_1_36_fifo_gen/<hidden>/<hidden>/<hidden>/<hidden>/<hidden>/<hidden>
  -------------------------------------------------------------------    -------------------
    SLICE_X35Y79         FDPE (Prop_fdpe_C_Q)         0.419     3.352 f  lesion_wrapper/lesion/video_imp_15QDWM9/lesion_axi_mem_intercon_0/s00_couplers_imp_1A8C7Z7/lesion_axi_mem_intercon_imp_auto_pc_0/lesion_axi_mem_intercon_imp_auto_pc_0_axi_protocol_converter_v2_1_37_axi_protocol_converter/lesion_axi_mem_intercon_imp_auto_pc_0_axi_protocol_converter_v2_1_37_axi3_conv/lesion_axi_mem_intercon_imp_auto_pc_0_axi_protocol_converter_v2_1_37_a_axi3_conv/lesion_axi_mem_intercon_imp_auto_pc_0_axi_data_fifo_v2_1_36_axic_fifo_0/lesion_axi_mem_intercon_imp_auto_pc_0_axi_data_fifo_v2_1_36_fifo_gen/<hidden>/<hidden>/<hidden>/<hidden>/<hidden>/<hidden>
                         net (fo=3, routed)           0.845     4.197    lesion_wrapper/lesion/video_imp_15QDWM9/lesion_axi_mem_intercon_0/s00_couplers_imp_1A8C7Z7/lesion_axi_mem_intercon_imp_auto_pc_0/lesion_axi_mem_intercon_imp_auto_pc_0_axi_protocol_converter_v2_1_37_axi_protocol_converter/lesion_axi_mem_intercon_imp_auto_pc_0_axi_protocol_converter_v2_1_37_axi3_conv/lesion_axi_mem_intercon_imp_auto_pc_0_axi_protocol_converter_v2_1_37_a_axi3_conv/lesion_axi_mem_intercon_imp_auto_pc_0_axi_data_fifo_v2_1_36_axic_fifo_0/lesion_axi_mem_intercon_imp_auto_pc_0_axi_data_fifo_v2_1_36_fifo_gen/<hidden>/<hidden>/<hidden>/<hidden>/<hidden>
    SLICE_X36Y79         LUT3 (Prop_lut3_I2_O)        0.299     4.496 f  lesion_wrapper/lesion/video_imp_15QDWM9/lesion_axi_mem_intercon_0/s00_couplers_imp_1A8C7Z7/lesion_axi_mem_intercon_imp_auto_pc_0/lesion_axi_mem_intercon_imp_auto_pc_0_axi_protocol_converter_v2_1_37_axi_protocol_converter/lesion_axi_mem_intercon_imp_auto_pc_0_axi_protocol_converter_v2_1_37_axi3_conv/lesion_axi_mem_intercon_imp_auto_pc_0_axi_protocol_converter_v2_1_37_a_axi3_conv/lesion_axi_mem_intercon_imp_auto_pc_0_axi_data_fifo_v2_1_36_axic_fifo_0/lesion_axi_mem_intercon_imp_auto_pc_0_axi_data_fifo_v2_1_36_fifo_gen/<hidden>/<hidden>/<hidden>/<hidden>/<hidden>
                         net (fo=32, routed)          1.752     6.248    lesion_wrapper/lesion/video_imp_15QDWM9/lesion_axi_mem_intercon_0/s00_couplers_imp_1A8C7Z7/lesion_axi_mem_intercon_imp_auto_pc_0/lesion_axi_mem_intercon_imp_auto_pc_0_axi_protocol_converter_v2_1_37_axi_protocol_converter/lesion_axi_mem_intercon_imp_auto_pc_0_axi_protocol_converter_v2_1_37_axi3_conv/lesion_axi_mem_intercon_imp_auto_pc_0_axi_protocol_converter_v2_1_37_a_axi3_conv/lesion_axi_mem_intercon_imp_auto_pc_0_axi_data_fifo_v2_1_36_axic_fifo_0/lesion_axi_mem_intercon_imp_auto_pc_0_axi_data_fifo_v2_1_36_fifo_gen/<hidden>/<hidden>/<hidden>/<hidden>/<hidden>/<hidden>
    SLICE_X37Y78         FDCE                                         f  lesion_wrapper/lesion/video_imp_15QDWM9/lesion_axi_mem_intercon_0/s00_couplers_imp_1A8C7Z7/lesion_axi_mem_intercon_imp_auto_pc_0/lesion_axi_mem_intercon_imp_auto_pc_0_axi_protocol_converter_v2_1_37_axi_protocol_converter/lesion_axi_mem_intercon_imp_auto_pc_0_axi_protocol_converter_v2_1_37_axi3_conv/lesion_axi_mem_intercon_imp_auto_pc_0_axi_protocol_converter_v2_1_37_a_axi3_conv/lesion_axi_mem_intercon_imp_auto_pc_0_axi_data_fifo_v2_1_36_axic_fifo_0/lesion_axi_mem_intercon_imp_auto_pc_0_axi_data_fifo_v2_1_36_fifo_gen/<hidden>/<hidden>/<hidden>/<hidden>/<hidden>/<hidden>
  -------------------------------------------------------------------    -------------------

                         (clock clk_fpga_1 rise edge)
                                                      7.000     7.000 r  
    PS7_X0Y0             PS7                          0.000     7.000 r  lesion_i/ps7_0/inst/PS7_i/FCLKCLK[1]
                         net (fo=1, routed)           1.088     8.088    lesion_i/ps7_0/inst/FCLK_CLK_unbuffered[1]
    BUFGCTRL_X0Y17       BUFG (Prop_bufg_I_O)         0.091     8.179 r  lesion_i/ps7_0/inst/buffer_fclk_clk_1.FCLK_CLK_1_BUFG/O
                         net (fo=7661, routed)        1.467     9.646    lesion_wrapper/lesion/video_imp_15QDWM9/lesion_axi_mem_intercon_0/s00_couplers_imp_1A8C7Z7/lesion_axi_mem_intercon_imp_auto_pc_0/lesion_axi_mem_intercon_imp_auto_pc_0_axi_protocol_converter_v2_1_37_axi_protocol_converter/lesion_axi_mem_intercon_imp_auto_pc_0_axi_protocol_converter_v2_1_37_axi3_conv/lesion_axi_mem_intercon_imp_auto_pc_0_axi_protocol_converter_v2_1_37_a_axi3_conv/lesion_axi_mem_intercon_imp_auto_pc_0_axi_data_fifo_v2_1_36_axic_fifo_0/lesion_axi_mem_intercon_imp_auto_pc_0_axi_data_fifo_v2_1_36_fifo_gen/<hidden>/<hidden>/<hidden>/<hidden>/<hidden>/<hidden>
    SLICE_X37Y78         FDCE                                         r  lesion_wrapper/lesion/video_imp_15QDWM9/lesion_axi_mem_intercon_0/s00_couplers_imp_1A8C7Z7/lesion_axi_mem_intercon_imp_auto_pc_0/lesion_axi_mem_intercon_imp_auto_pc_0_axi_protocol_converter_v2_1_37_axi_protocol_converter/lesion_axi_mem_intercon_imp_auto_pc_0_axi_protocol_converter_v2_1_37_axi3_conv/lesion_axi_mem_intercon_imp_auto_pc_0_axi_protocol_converter_v2_1_37_a_axi3_conv/lesion_axi_mem_intercon_imp_auto_pc_0_axi_data_fifo_v2_1_36_axic_fifo_0/lesion_axi_mem_intercon_imp_auto_pc_0_axi_data_fifo_v2_1_36_fifo_gen/<hidden>/<hidden>/<hidden>/<hidden>/<hidden>/<hidden>
                         clock pessimism              0.229     9.875    
                         clock uncertainty           -0.111     9.764    
    SLICE_X37Y78         FDCE (Recov_fdce_C_CLR)     -0.405     9.359    lesion_wrapper/lesion/video_imp_15QDWM9/lesion_axi_mem_intercon_0/s00_couplers_imp_1A8C7Z7/lesion_axi_mem_intercon_imp_auto_pc_0/lesion_axi_mem_intercon_imp_auto_pc_0_axi_protocol_converter_v2_1_37_axi_protocol_converter/lesion_axi_mem_intercon_imp_auto_pc_0_axi_protocol_converter_v2_1_37_axi3_conv/lesion_axi_mem_intercon_imp_auto_pc_0_axi_protocol_converter_v2_1_37_a_axi3_conv/lesion_axi_mem_intercon_imp_auto_pc_0_axi_data_fifo_v2_1_36_axic_fifo_0/lesion_axi_mem_intercon_imp_auto_pc_0_axi_data_fifo_v2_1_36_fifo_gen/<hidden>/<hidden>/<hidden>/<hidden>/<hidden>/<hidden>
  -------------------------------------------------------------------
                         required time                          9.359    
                         arrival time                          -6.248    
  -------------------------------------------------------------------
                         slack                                  3.112    





Min Delay Paths
--------------------------------------------------------------------------------------
Slack (MET) :             0.536ns  (arrival time - required time)
  Source:                 lesion_wrapper/lesion/video_imp_15QDWM9/lesion_axi_mem_intercon_0/s01_couplers_imp_2HKLIQ/lesion_axi_mem_intercon_imp_auto_pc_1/lesion_axi_mem_intercon_imp_auto_pc_1_axi_protocol_converter_v2_1_37_axi_protocol_converter/lesion_axi_mem_intercon_imp_auto_pc_1_axi_protocol_converter_v2_1_37_axi3_conv/lesion_axi_mem_intercon_imp_auto_pc_1_axi_protocol_converter_v2_1_37_a_axi3_conv/lesion_axi_mem_intercon_imp_auto_pc_1_axi_data_fifo_v2_1_36_axic_fifo/lesion_axi_mem_intercon_imp_auto_pc_1_axi_data_fifo_v2_1_36_fifo_gen/<hidden>/<hidden>/<hidden>/<hidden>/<hidden>
                            (rising edge-triggered cell FDRE clocked by clk_fpga_1  {rise@0.000ns fall@3.500ns period=7.000ns})
  Destination:            lesion_wrapper/lesion/video_imp_15QDWM9/lesion_axi_mem_intercon_0/s01_couplers_imp_2HKLIQ/lesion_axi_mem_intercon_imp_auto_pc_1/lesion_axi_mem_intercon_imp_auto_pc_1_axi_protocol_converter_v2_1_37_axi_protocol_converter/lesion_axi_mem_intercon_imp_auto_pc_1_axi_protocol_converter_v2_1_37_axi3_conv/lesion_axi_mem_intercon_imp_auto_pc_1_axi_protocol_converter_v2_1_37_a_axi3_conv/lesion_axi_mem_intercon_imp_auto_pc_1_axi_data_fifo_v2_1_36_axic_fifo/lesion_axi_mem_intercon_imp_auto_pc_1_axi_data_fifo_v2_1_36_fifo_gen/<hidden>/<hidden>/<hidden>/<hidden>/<hidden>/<hidden>
                            (removal check against rising-edge clock clk_fpga_1  {rise@0.000ns fall@3.500ns period=7.000ns})
  Path Group:             **async_default**
  Path Type:              Removal (Min at Fast Process Corner)
  Requirement:            0.000ns  (clk_fpga_1 rise@0.000ns - clk_fpga_1 rise@0.000ns)
  Data Path Delay:        0.481ns  (logic 0.186ns (38.675%)  route 0.295ns (61.325%))
  Logic Levels:           1  (LUT3=1)
  Clock Path Skew:        0.016ns (DCD - SCD - CPR)
    Destination Clock Delay (DCD):    1.275ns
    Source Clock Delay      (SCD):    0.973ns
    Clock Pessimism Removal (CPR):    0.286ns

    Location             Delay type                Incr(ns)  Path(ns)    Netlist Resource(s)
  -------------------------------------------------------------------    -------------------
                         (clock clk_fpga_1 rise edge)
                                                      0.000     0.000 r  
    PS7_X0Y0             PS7                          0.000     0.000 r  lesion_i/ps7_0/inst/PS7_i/FCLKCLK[1]
                         net (fo=1, routed)           0.310     0.310    lesion_i/ps7_0/inst/FCLK_CLK_unbuffered[1]
    BUFGCTRL_X0Y17       BUFG (Prop_bufg_I_O)         0.026     0.336 r  lesion_i/ps7_0/inst/buffer_fclk_clk_1.FCLK_CLK_1_BUFG/O
                         net (fo=7661, routed)        0.637     0.973    lesion_wrapper/lesion/video_imp_15QDWM9/lesion_axi_mem_intercon_0/s01_couplers_imp_2HKLIQ/lesion_axi_mem_intercon_imp_auto_pc_1/lesion_axi_mem_intercon_imp_auto_pc_1_axi_protocol_converter_v2_1_37_axi_protocol_converter/lesion_axi_mem_intercon_imp_auto_pc_1_axi_protocol_converter_v2_1_37_axi3_conv/lesion_axi_mem_intercon_imp_auto_pc_1_axi_protocol_converter_v2_1_37_a_axi3_conv/lesion_axi_mem_intercon_imp_auto_pc_1_axi_data_fifo_v2_1_36_axic_fifo/lesion_axi_mem_intercon_imp_auto_pc_1_axi_data_fifo_v2_1_36_fifo_gen/<hidden>/<hidden>/<hidden>/<hidden>/<hidden>
    SLICE_X45Y109        FDRE                                         r  lesion_wrapper/lesion/video_imp_15QDWM9/lesion_axi_mem_intercon_0/s01_couplers_imp_2HKLIQ/lesion_axi_mem_intercon_imp_auto_pc_1/lesion_axi_mem_intercon_imp_auto_pc_1_axi_protocol_converter_v2_1_37_axi_protocol_converter/lesion_axi_mem_intercon_imp_auto_pc_1_axi_protocol_converter_v2_1_37_axi3_conv/lesion_axi_mem_intercon_imp_auto_pc_1_axi_protocol_converter_v2_1_37_a_axi3_conv/lesion_axi_mem_intercon_imp_auto_pc_1_axi_data_fifo_v2_1_36_axic_fifo/lesion_axi_mem_intercon_imp_auto_pc_1_axi_data_fifo_v2_1_36_fifo_gen/<hidden>/<hidden>/<hidden>/<hidden>/<hidden>
  -------------------------------------------------------------------    -------------------
    SLICE_X45Y109        FDRE (Prop_fdre_C_Q)         0.141     1.114 f  lesion_wrapper/lesion/video_imp_15QDWM9/lesion_axi_mem_intercon_0/s01_couplers_imp_2HKLIQ/lesion_axi_mem_intercon_imp_auto_pc_1/lesion_axi_mem_intercon_imp_auto_pc_1_axi_protocol_converter_v2_1_37_axi_protocol_converter/lesion_axi_mem_intercon_imp_auto_pc_1_axi_protocol_converter_v2_1_37_axi3_conv/lesion_axi_mem_intercon_imp_auto_pc_1_axi_protocol_converter_v2_1_37_a_axi3_conv/lesion_axi_mem_intercon_imp_auto_pc_1_axi_data_fifo_v2_1_36_axic_fifo/lesion_axi_mem_intercon_imp_auto_pc_1_axi_data_fifo_v2_1_36_fifo_gen/<hidden>/<hidden>/<hidden>/<hidden>/<hidden>
                         net (fo=2, routed)           0.170     1.284    lesion_wrapper/lesion/video_imp_15QDWM9/lesion_axi_mem_intercon_0/s01_couplers_imp_2HKLIQ/lesion_axi_mem_intercon_imp_auto_pc_1/lesion_axi_mem_intercon_imp_auto_pc_1_axi_protocol_converter_v2_1_37_axi_protocol_converter/lesion_axi_mem_intercon_imp_auto_pc_1_axi_protocol_converter_v2_1_37_axi3_conv/lesion_axi_mem_intercon_imp_auto_pc_1_axi_protocol_converter_v2_1_37_a_axi3_conv/lesion_axi_mem_intercon_imp_auto_pc_1_axi_data_fifo_v2_1_36_axic_fifo/lesion_axi_mem_intercon_imp_auto_pc_1_axi_data_fifo_v2_1_36_fifo_gen/<hidden>/<hidden>/<hidden>/<hidden>/<hidden>
    SLICE_X45Y109        LUT3 (Prop_lut3_I1_O)        0.045     1.329 f  lesion_wrapper/lesion/video_imp_15QDWM9/lesion_axi_mem_intercon_0/s01_couplers_imp_2HKLIQ/lesion_axi_mem_intercon_imp_auto_pc_1/lesion_axi_mem_intercon_imp_auto_pc_1_axi_protocol_converter_v2_1_37_axi_protocol_converter/lesion_axi_mem_intercon_imp_auto_pc_1_axi_protocol_converter_v2_1_37_axi3_conv/lesion_axi_mem_intercon_imp_auto_pc_1_axi_protocol_converter_v2_1_37_a_axi3_conv/lesion_axi_mem_intercon_imp_auto_pc_1_axi_data_fifo_v2_1_36_axic_fifo/lesion_axi_mem_intercon_imp_auto_pc_1_axi_data_fifo_v2_1_36_fifo_gen/<hidden>/<hidden>/<hidden>/<hidden>/<hidden>
                         net (fo=33, routed)          0.125     1.454    lesion_wrapper/lesion/video_imp_15QDWM9/lesion_axi_mem_intercon_0/s01_couplers_imp_2HKLIQ/lesion_axi_mem_intercon_imp_auto_pc_1/lesion_axi_mem_intercon_imp_auto_pc_1_axi_protocol_converter_v2_1_37_axi_protocol_converter/lesion_axi_mem_intercon_imp_auto_pc_1_axi_protocol_converter_v2_1_37_axi3_conv/lesion_axi_mem_intercon_imp_auto_pc_1_axi_protocol_converter_v2_1_37_a_axi3_conv/lesion_axi_mem_intercon_imp_auto_pc_1_axi_data_fifo_v2_1_36_axic_fifo/lesion_axi_mem_intercon_imp_auto_pc_1_axi_data_fifo_v2_1_36_fifo_gen/<hidden>/<hidden>/<hidden>/<hidden>/<hidden>/<hidden>
    SLICE_X46Y109        FDPE                                         f  lesion_wrapper/lesion/video_imp_15QDWM9/lesion_axi_mem_intercon_0/s01_couplers_imp_2HKLIQ/lesion_axi_mem_intercon_imp_auto_pc_1/lesion_axi_mem_intercon_imp_auto_pc_1_axi_protocol_converter_v2_1_37_axi_protocol_converter/lesion_axi_mem_intercon_imp_auto_pc_1_axi_protocol_converter_v2_1_37_axi3_conv/lesion_axi_mem_intercon_imp_auto_pc_1_axi_protocol_converter_v2_1_37_a_axi3_conv/lesion_axi_mem_intercon_imp_auto_pc_1_axi_data_fifo_v2_1_36_axic_fifo/lesion_axi_mem_intercon_imp_auto_pc_1_axi_data_fifo_v2_1_36_fifo_gen/<hidden>/<hidden>/<hidden>/<hidden>/<hidden>/<hidden>
  -------------------------------------------------------------------    -------------------

                         (clock clk_fpga_1 rise edge)
                                                      0.000     0.000 r  
    PS7_X0Y0             PS7                          0.000     0.000 r  lesion_i/ps7_0/inst/PS7_i/FCLKCLK[1]
                         net (fo=1, routed)           0.337     0.337    lesion_i/ps7_0/inst/FCLK_CLK_unbuffered[1]
    BUFGCTRL_X0Y17       BUFG (Prop_bufg_I_O)         0.029     0.366 r  lesion_i/ps7_0/inst/buffer_fclk_clk_1.FCLK_CLK_1_BUFG/O
                         net (fo=7661, routed)        0.909     1.275    lesion_wrapper/lesion/video_imp_15QDWM9/lesion_axi_mem_intercon_0/s01_couplers_imp_2HKLIQ/lesion_axi_mem_intercon_imp_auto_pc_1/lesion_axi_mem_intercon_imp_auto_pc_1_axi_protocol_converter_v2_1_37_axi_protocol_converter/lesion_axi_mem_intercon_imp_auto_pc_1_axi_protocol_converter_v2_1_37_axi3_conv/lesion_axi_mem_intercon_imp_auto_pc_1_axi_protocol_converter_v2_1_37_a_axi3_conv/lesion_axi_mem_intercon_imp_auto_pc_1_axi_data_fifo_v2_1_36_axic_fifo/lesion_axi_mem_intercon_imp_auto_pc_1_axi_data_fifo_v2_1_36_fifo_gen/<hidden>/<hidden>/<hidden>/<hidden>/<hidden>/<hidden>
    SLICE_X46Y109        FDPE                                         r  lesion_wrapper/lesion/video_imp_15QDWM9/lesion_axi_mem_intercon_0/s01_couplers_imp_2HKLIQ/lesion_axi_mem_intercon_imp_auto_pc_1/lesion_axi_mem_intercon_imp_auto_pc_1_axi_protocol_converter_v2_1_37_axi_protocol_converter/lesion_axi_mem_intercon_imp_auto_pc_1_axi_protocol_converter_v2_1_37_axi3_conv/lesion_axi_mem_intercon_imp_auto_pc_1_axi_protocol_converter_v2_1_37_a_axi3_conv/lesion_axi_mem_intercon_imp_auto_pc_1_axi_data_fifo_v2_1_36_axic_fifo/lesion_axi_mem_intercon_imp_auto_pc_1_axi_data_fifo_v2_1_36_fifo_gen/<hidden>/<hidden>/<hidden>/<hidden>/<hidden>/<hidden>
                         clock pessimism             -0.286     0.989    
    SLICE_X46Y109        FDPE (Remov_fdpe_C_PRE)     -0.071     0.918    lesion_wrapper/lesion/video_imp_15QDWM9/lesion_axi_mem_intercon_0/s01_couplers_imp_2HKLIQ/lesion_axi_mem_intercon_imp_auto_pc_1/lesion_axi_mem_intercon_imp_auto_pc_1_axi_protocol_converter_v2_1_37_axi_protocol_converter/lesion_axi_mem_intercon_imp_auto_pc_1_axi_protocol_converter_v2_1_37_axi3_conv/lesion_axi_mem_intercon_imp_auto_pc_1_axi_protocol_converter_v2_1_37_a_axi3_conv/lesion_axi_mem_intercon_imp_auto_pc_1_axi_data_fifo_v2_1_36_axic_fifo/lesion_axi_mem_intercon_imp_auto_pc_1_axi_data_fifo_v2_1_36_fifo_gen/<hidden>/<hidden>/<hidden>/<hidden>/<hidden>/<hidden>
  -------------------------------------------------------------------
                         required time                         -0.918    
                         arrival time                           1.454    
  -------------------------------------------------------------------
                         slack                                  0.536    





---------------------------------------------------------------------------------------------------
Path Group:  **async_default**
From Clock:  clk_fpga_2
  To Clock:  clk_fpga_2

Setup :            0  Failing Endpoints,  Worst Slack        3.289ns,  Total Violation        0.000ns
Hold  :            0  Failing Endpoints,  Worst Slack        0.456ns,  Total Violation        0.000ns
---------------------------------------------------------------------------------------------------


Max Delay Paths
--------------------------------------------------------------------------------------
Slack (MET) :             3.289ns  (required time - arrival time)
  Source:                 lesion_i/video/hdmi_in/frontend/dvi2rgb_0/U0/TMDS_ClockingX/LockLostReset/SyncAsyncx/oSyncStages_reg[1]/C
                            (rising edge-triggered cell FDPE clocked by clk_fpga_2  {rise@0.000ns fall@2.500ns period=5.000ns})
  Destination:            lesion_i/video/hdmi_in/frontend/dvi2rgb_0/U0/TMDS_ClockingX/rMMCM_Reset_q_reg[0]/PRE
                            (recovery check against rising-edge clock clk_fpga_2  {rise@0.000ns fall@2.500ns period=5.000ns})
  Path Group:             **async_default**
  Path Type:              Recovery (Max at Slow Process Corner)
  Requirement:            5.000ns  (clk_fpga_2 rise@5.000ns - clk_fpga_2 rise@0.000ns)
  Data Path Delay:        1.076ns  (logic 0.478ns (44.419%)  route 0.598ns (55.581%))
  Logic Levels:           0  
  Clock Path Skew:        -0.022ns (DCD - SCD + CPR)
    Destination Clock Delay (DCD):    2.860ns = ( 7.860 - 5.000 ) 
    Source Clock Delay      (SCD):    3.154ns
    Clock Pessimism Removal (CPR):    0.272ns
  Clock Uncertainty:      0.083ns  ((TSJ^2 + TIJ^2)^1/2 + DJ) / 2 + PE
    Total System Jitter     (TSJ):    0.071ns
    Total Input Jitter      (TIJ):    0.150ns
    Discrete Jitter          (DJ):    0.000ns
    Phase Error              (PE):    0.000ns

    Location             Delay type                Incr(ns)  Path(ns)    Netlist Resource(s)
  -------------------------------------------------------------------    -------------------
                         (clock clk_fpga_2 rise edge)
                                                      0.000     0.000 r  
    PS7_X0Y0             PS7                          0.000     0.000 r  lesion_i/ps7_0/inst/PS7_i/FCLKCLK[2]
                         net (fo=1, routed)           1.193     1.193    lesion_i/ps7_0/inst/FCLK_CLK_unbuffered[2]
    BUFGCTRL_X0Y18       BUFG (Prop_bufg_I_O)         0.101     1.294 r  lesion_i/ps7_0/inst/buffer_fclk_clk_2.FCLK_CLK_2_BUFG/O
                         net (fo=157, routed)         1.860     3.154    lesion_i/video/hdmi_in/frontend/dvi2rgb_0/U0/TMDS_ClockingX/LockLostReset/SyncAsyncx/RefClk
    SLICE_X112Y85        FDPE                                         r  lesion_i/video/hdmi_in/frontend/dvi2rgb_0/U0/TMDS_ClockingX/LockLostReset/SyncAsyncx/oSyncStages_reg[1]/C
  -------------------------------------------------------------------    -------------------
    SLICE_X112Y85        FDPE (Prop_fdpe_C_Q)         0.478     3.632 f  lesion_i/video/hdmi_in/frontend/dvi2rgb_0/U0/TMDS_ClockingX/LockLostReset/SyncAsyncx/oSyncStages_reg[1]/Q
                         net (fo=8, routed)           0.598     4.230    lesion_i/video/hdmi_in/frontend/dvi2rgb_0/U0/TMDS_ClockingX/rLockLostRst
    SLICE_X113Y85        FDPE                                         f  lesion_i/video/hdmi_in/frontend/dvi2rgb_0/U0/TMDS_ClockingX/rMMCM_Reset_q_reg[0]/PRE
  -------------------------------------------------------------------    -------------------

                         (clock clk_fpga_2 rise edge)
                                                      5.000     5.000 r  
    PS7_X0Y0             PS7                          0.000     5.000 r  lesion_i/ps7_0/inst/PS7_i/FCLKCLK[2]
                         net (fo=1, routed)           1.088     6.088    lesion_i/ps7_0/inst/FCLK_CLK_unbuffered[2]
    BUFGCTRL_X0Y18       BUFG (Prop_bufg_I_O)         0.091     6.179 r  lesion_i/ps7_0/inst/buffer_fclk_clk_2.FCLK_CLK_2_BUFG/O
                         net (fo=157, routed)         1.681     7.860    lesion_i/video/hdmi_in/frontend/dvi2rgb_0/U0/TMDS_ClockingX/RefClk
    SLICE_X113Y85        FDPE                                         r  lesion_i/video/hdmi_in/frontend/dvi2rgb_0/U0/TMDS_ClockingX/rMMCM_Reset_q_reg[0]/C
                         clock pessimism              0.272     8.132    
                         clock uncertainty           -0.083     8.049    
    SLICE_X113Y85        FDPE (Recov_fdpe_C_PRE)     -0.530     7.519    lesion_i/video/hdmi_in/frontend/dvi2rgb_0/U0/TMDS_ClockingX/rMMCM_Reset_q_reg[0]
  -------------------------------------------------------------------
                         required time                          7.519    
                         arrival time                          -4.230    
  -------------------------------------------------------------------
                         slack                                  3.289    





Min Delay Paths
--------------------------------------------------------------------------------------
Slack (MET) :             0.456ns  (arrival time - required time)
  Source:                 lesion_i/video/hdmi_in/frontend/dvi2rgb_0/U0/TMDS_ClockingX/RdyLostReset/SyncAsyncx/oSyncStages_reg[1]/C
                            (rising edge-triggered cell FDPE clocked by clk_fpga_2  {rise@0.000ns fall@2.500ns period=5.000ns})
  Destination:            lesion_i/video/hdmi_in/frontend/dvi2rgb_0/U0/TMDS_ClockingX/aLocked_reg/CLR
                            (removal check against rising-edge clock clk_fpga_2  {rise@0.000ns fall@2.500ns period=5.000ns})
  Path Group:             **async_default**
  Path Type:              Removal (Min at Fast Process Corner)
  Requirement:            0.000ns  (clk_fpga_2 rise@0.000ns - clk_fpga_2 rise@0.000ns)
  Data Path Delay:        0.326ns  (logic 0.148ns (45.379%)  route 0.178ns (54.621%))
  Logic Levels:           0  
  Clock Path Skew:        0.015ns (DCD - SCD - CPR)
    Destination Clock Delay (DCD):    1.274ns
    Source Clock Delay      (SCD):    0.973ns
    Clock Pessimism Removal (CPR):    0.286ns

    Location             Delay type                Incr(ns)  Path(ns)    Netlist Resource(s)
  -------------------------------------------------------------------    -------------------
                         (clock clk_fpga_2 rise edge)
                                                      0.000     0.000 r  
    PS7_X0Y0             PS7                          0.000     0.000 r  lesion_i/ps7_0/inst/PS7_i/FCLKCLK[2]
                         net (fo=1, routed)           0.310     0.310    lesion_i/ps7_0/inst/FCLK_CLK_unbuffered[2]
    BUFGCTRL_X0Y18       BUFG (Prop_bufg_I_O)         0.026     0.336 r  lesion_i/ps7_0/inst/buffer_fclk_clk_2.FCLK_CLK_2_BUFG/O
                         net (fo=157, routed)         0.637     0.973    lesion_i/video/hdmi_in/frontend/dvi2rgb_0/U0/TMDS_ClockingX/RdyLostReset/SyncAsyncx/RefClk
    SLICE_X112Y97        FDPE                                         r  lesion_i/video/hdmi_in/frontend/dvi2rgb_0/U0/TMDS_ClockingX/RdyLostReset/SyncAsyncx/oSyncStages_reg[1]/C
  -------------------------------------------------------------------    -------------------
    SLICE_X112Y97        FDPE (Prop_fdpe_C_Q)         0.148     1.121 f  lesion_i/video/hdmi_in/frontend/dvi2rgb_0/U0/TMDS_ClockingX/RdyLostReset/SyncAsyncx/oSyncStages_reg[1]/Q
                         net (fo=1, routed)           0.178     1.299    lesion_i/video/hdmi_in/frontend/dvi2rgb_0/U0/TMDS_ClockingX/rRdyRst
    SLICE_X113Y96        FDCE                                         f  lesion_i/video/hdmi_in/frontend/dvi2rgb_0/U0/TMDS_ClockingX/aLocked_reg/CLR
  -------------------------------------------------------------------    -------------------

                         (clock clk_fpga_2 rise edge)
                                                      0.000     0.000 r  
    PS7_X0Y0             PS7                          0.000     0.000 r  lesion_i/ps7_0/inst/PS7_i/FCLKCLK[2]
                         net (fo=1, routed)           0.337     0.337    lesion_i/ps7_0/inst/FCLK_CLK_unbuffered[2]
    BUFGCTRL_X0Y18       BUFG (Prop_bufg_I_O)         0.029     0.366 r  lesion_i/ps7_0/inst/buffer_fclk_clk_2.FCLK_CLK_2_BUFG/O
                         net (fo=157, routed)         0.908     1.274    lesion_i/video/hdmi_in/frontend/dvi2rgb_0/U0/TMDS_ClockingX/RefClk
    SLICE_X113Y96        FDCE                                         r  lesion_i/video/hdmi_in/frontend/dvi2rgb_0/U0/TMDS_ClockingX/aLocked_reg/C
                         clock pessimism             -0.286     0.988    
    SLICE_X113Y96        FDCE (Remov_fdce_C_CLR)     -0.145     0.843    lesion_i/video/hdmi_in/frontend/dvi2rgb_0/U0/TMDS_ClockingX/aLocked_reg
  -------------------------------------------------------------------
                         required time                         -0.843    
                         arrival time                           1.299    
  -------------------------------------------------------------------
                         slack                                  0.456    





---------------------------------------------------------------------------------------------------
Path Group:  **async_default**
From Clock:  hdmi_in_PixelClk
  To Clock:  hdmi_in_PixelClk

Setup :            0  Failing Endpoints,  Worst Slack        4.965ns,  Total Violation        0.000ns
Hold  :            0  Failing Endpoints,  Worst Slack        1.070ns,  Total Violation        0.000ns
---------------------------------------------------------------------------------------------------


Max Delay Paths
--------------------------------------------------------------------------------------
Slack (MET) :             4.965ns  (required time - arrival time)
  Source:                 lesion_i/video/hdmi_in/frontend/dvi2rgb_0/U0/LockLostReset/SyncAsyncx/oSyncStages_reg[1]/C
                            (rising edge-triggered cell FDPE clocked by hdmi_in_PixelClk  {rise@0.000ns fall@3.333ns period=8.333ns})
  Destination:            lesion_i/video/hdmi_in/frontend/dvi2rgb_0/U0/DataDecoders[0].DecoderX/pAlignRst_reg/PRE
                            (recovery check against rising-edge clock hdmi_in_PixelClk  {rise@0.000ns fall@3.333ns period=8.333ns})
  Path Group:             **async_default**
  Path Type:              Recovery (Max at Slow Process Corner)
  Requirement:            8.333ns  (hdmi_in_PixelClk rise@8.333ns - hdmi_in_PixelClk rise@0.000ns)
  Data Path Delay:        2.717ns  (logic 0.419ns (15.419%)  route 2.298ns (84.581%))
  Logic Levels:           0  
  Clock Path Skew:        -0.057ns (DCD - SCD + CPR)
    Destination Clock Delay (DCD):    4.766ns = ( 13.099 - 8.333 ) 
    Source Clock Delay      (SCD):    5.210ns
    Clock Pessimism Removal (CPR):    0.387ns
  Clock Uncertainty:      0.060ns  ((TSJ^2 + DJ^2)^1/2) / 2 + PE
    Total System Jitter     (TSJ):    0.071ns
    Discrete Jitter          (DJ):    0.097ns
    Phase Error              (PE):    0.000ns

    Location             Delay type                Incr(ns)  Path(ns)    Netlist Resource(s)
  -------------------------------------------------------------------    -------------------
                         (clock hdmi_in_PixelClk rise edge)
                                                      0.000     0.000 r  
    N18                                               0.000     0.000 r  hdmi_in_clk_p (IN)
                         net (fo=0)                   0.000     0.000    lesion_i/video/hdmi_in/frontend/dvi2rgb_0/U0/TMDS_ClockingX/TMDS_Clk_p
    N18                  IBUFDS (Prop_ibufds_I_O)     0.930     0.930 r  lesion_i/video/hdmi_in/frontend/dvi2rgb_0/U0/TMDS_ClockingX/InputBuffer/O
                         net (fo=1, routed)           1.285     2.215    lesion_i/video/hdmi_in/frontend/dvi2rgb_0/U0/TMDS_ClockingX/CLK_IN_hdmi_clk
    MMCME2_ADV_X1Y1      MMCME2_ADV (Prop_mmcme2_adv_CLKIN1_CLKOUT0)
                                                      0.089     2.304 r  lesion_i/video/hdmi_in/frontend/dvi2rgb_0/U0/TMDS_ClockingX/DVI_ClkGenerator/CLKOUT0
                         net (fo=2, routed)           1.063     3.367    lesion_i/video/hdmi_in/frontend/dvi2rgb_0/U0/TMDS_ClockingX/CLK_OUT_5x_hdmi_clk
    BUFR_X1Y5            BUFR (Prop_bufr_I_O)         1.031     4.398 r  lesion_i/video/hdmi_in/frontend/dvi2rgb_0/U0/TMDS_ClockingX/PixelClkBuffer/O
                         net (fo=3140, routed)        0.812     5.210    lesion_i/video/hdmi_in/frontend/dvi2rgb_0/U0/LockLostReset/SyncAsyncx/oSyncStages_reg[1]_0
    SLICE_X111Y81        FDPE                                         r  lesion_i/video/hdmi_in/frontend/dvi2rgb_0/U0/LockLostReset/SyncAsyncx/oSyncStages_reg[1]/C
  -------------------------------------------------------------------    -------------------
    SLICE_X111Y81        FDPE (Prop_fdpe_C_Q)         0.419     5.629 f  lesion_i/video/hdmi_in/frontend/dvi2rgb_0/U0/LockLostReset/SyncAsyncx/oSyncStages_reg[1]/Q
                         net (fo=27, routed)          2.298     7.928    lesion_i/video/hdmi_in/frontend/dvi2rgb_0/U0/DataDecoders[0].DecoderX/AS[0]
    SLICE_X109Y66        FDPE                                         f  lesion_i/video/hdmi_in/frontend/dvi2rgb_0/U0/DataDecoders[0].DecoderX/pAlignRst_reg/PRE
  -------------------------------------------------------------------    -------------------

                         (clock hdmi_in_PixelClk rise edge)
                                                      8.333     8.333 r  
    N18                                               0.000     8.333 r  hdmi_in_clk_p (IN)
                         net (fo=0)                   0.000     8.333    lesion_i/video/hdmi_in/frontend/dvi2rgb_0/U0/TMDS_ClockingX/TMDS_Clk_p
    N18                  IBUFDS (Prop_ibufds_I_O)     0.887     9.220 r  lesion_i/video/hdmi_in/frontend/dvi2rgb_0/U0/TMDS_ClockingX/InputBuffer/O
                         net (fo=1, routed)           1.162    10.382    lesion_i/video/hdmi_in/frontend/dvi2rgb_0/U0/TMDS_ClockingX/CLK_IN_hdmi_clk
    MMCME2_ADV_X1Y1      MMCME2_ADV (Prop_mmcme2_adv_CLKIN1_CLKOUT0)
                                                      0.084    10.466 r  lesion_i/video/hdmi_in/frontend/dvi2rgb_0/U0/TMDS_ClockingX/DVI_ClkGenerator/CLKOUT0
                         net (fo=2, routed)           0.960    11.426    lesion_i/video/hdmi_in/frontend/dvi2rgb_0/U0/TMDS_ClockingX/CLK_OUT_5x_hdmi_clk
    BUFR_X1Y5            BUFR (Prop_bufr_I_O)         0.918    12.344 r  lesion_i/video/hdmi_in/frontend/dvi2rgb_0/U0/TMDS_ClockingX/PixelClkBuffer/O
                         net (fo=3140, routed)        0.755    13.099    lesion_i/video/hdmi_in/frontend/dvi2rgb_0/U0/DataDecoders[0].DecoderX/iIn_q_reg
    SLICE_X109Y66        FDPE                                         r  lesion_i/video/hdmi_in/frontend/dvi2rgb_0/U0/DataDecoders[0].DecoderX/pAlignRst_reg/C
                         clock pessimism              0.387    13.486    
                         clock uncertainty           -0.060    13.426    
    SLICE_X109Y66        FDPE (Recov_fdpe_C_PRE)     -0.534    12.892    lesion_i/video/hdmi_in/frontend/dvi2rgb_0/U0/DataDecoders[0].DecoderX/pAlignRst_reg
  -------------------------------------------------------------------
                         required time                         12.892    
                         arrival time                          -7.928    
  -------------------------------------------------------------------
                         slack                                  4.965    





Min Delay Paths
--------------------------------------------------------------------------------------
Slack (MET) :             1.070ns  (arrival time - required time)
  Source:                 lesion_i/video/hdmi_in/frontend/dvi2rgb_0/U0/LockLostReset/SyncAsyncx/oSyncStages_reg[1]/C
                            (rising edge-triggered cell FDPE clocked by hdmi_in_PixelClk  {rise@0.000ns fall@3.333ns period=8.333ns})
  Destination:            lesion_i/video/hdmi_in/frontend/dvi2rgb_0/U0/DataDecoders[1].DecoderX/pAlignRst_reg/PRE
                            (removal check against rising-edge clock hdmi_in_PixelClk  {rise@0.000ns fall@3.333ns period=8.333ns})
  Path Group:             **async_default**
  Path Type:              Removal (Min at Fast Process Corner)
  Requirement:            0.000ns  (hdmi_in_PixelClk rise@0.000ns - hdmi_in_PixelClk rise@0.000ns)
  Data Path Delay:        0.955ns  (logic 0.128ns (13.402%)  route 0.827ns (86.598%))
  Logic Levels:           0  
  Clock Path Skew:        0.034ns (DCD - SCD - CPR)
    Destination Clock Delay (DCD):    2.156ns
    Source Clock Delay      (SCD):    1.831ns
    Clock Pessimism Removal (CPR):    0.290ns

    Location             Delay type                Incr(ns)  Path(ns)    Netlist Resource(s)
  -------------------------------------------------------------------    -------------------
                         (clock hdmi_in_PixelClk rise edge)
                                                      0.000     0.000 r  
    N18                                               0.000     0.000 r  hdmi_in_clk_p (IN)
                         net (fo=0)                   0.000     0.000    lesion_i/video/hdmi_in/frontend/dvi2rgb_0/U0/TMDS_ClockingX/TMDS_Clk_p
    N18                  IBUFDS (Prop_ibufds_I_O)     0.451     0.451 r  lesion_i/video/hdmi_in/frontend/dvi2rgb_0/U0/TMDS_ClockingX/InputBuffer/O
                         net (fo=1, routed)           0.440     0.891    lesion_i/video/hdmi_in/frontend/dvi2rgb_0/U0/TMDS_ClockingX/CLK_IN_hdmi_clk
    MMCME2_ADV_X1Y1      MMCME2_ADV (Prop_mmcme2_adv_CLKIN1_CLKOUT0)
                                                      0.051     0.942 r  lesion_i/video/hdmi_in/frontend/dvi2rgb_0/U0/TMDS_ClockingX/DVI_ClkGenerator/CLKOUT0
                         net (fo=2, routed)           0.363     1.305    lesion_i/video/hdmi_in/frontend/dvi2rgb_0/U0/TMDS_ClockingX/CLK_OUT_5x_hdmi_clk
    BUFR_X1Y5            BUFR (Prop_bufr_I_O)         0.270     1.575 r  lesion_i/video/hdmi_in/frontend/dvi2rgb_0/U0/TMDS_ClockingX/PixelClkBuffer/O
                         net (fo=3140, routed)        0.256     1.831    lesion_i/video/hdmi_in/frontend/dvi2rgb_0/U0/LockLostReset/SyncAsyncx/oSyncStages_reg[1]_0
    SLICE_X111Y81        FDPE                                         r  lesion_i/video/hdmi_in/frontend/dvi2rgb_0/U0/LockLostReset/SyncAsyncx/oSyncStages_reg[1]/C
  -------------------------------------------------------------------    -------------------
    SLICE_X111Y81        FDPE (Prop_fdpe_C_Q)         0.128     1.959 f  lesion_i/video/hdmi_in/frontend/dvi2rgb_0/U0/LockLostReset/SyncAsyncx/oSyncStages_reg[1]/Q
                         net (fo=27, routed)          0.827     2.787    lesion_i/video/hdmi_in/frontend/dvi2rgb_0/U0/DataDecoders[1].DecoderX/AS[0]
    SLICE_X111Y69        FDPE                                         f  lesion_i/video/hdmi_in/frontend/dvi2rgb_0/U0/DataDecoders[1].DecoderX/pAlignRst_reg/PRE
  -------------------------------------------------------------------    -------------------

                         (clock hdmi_in_PixelClk rise edge)
                                                      0.000     0.000 r  
    N18                                               0.000     0.000 r  hdmi_in_clk_p (IN)
                         net (fo=0)                   0.000     0.000    lesion_i/video/hdmi_in/frontend/dvi2rgb_0/U0/TMDS_ClockingX/TMDS_Clk_p
    N18                  IBUFDS (Prop_ibufds_I_O)     0.499     0.499 r  lesion_i/video/hdmi_in/frontend/dvi2rgb_0/U0/TMDS_ClockingX/InputBuffer/O
                         net (fo=1, routed)           0.480     0.979    lesion_i/video/hdmi_in/frontend/dvi2rgb_0/U0/TMDS_ClockingX/CLK_IN_hdmi_clk
    MMCME2_ADV_X1Y1      MMCME2_ADV (Prop_mmcme2_adv_CLKIN1_CLKOUT0)
                                                      0.054     1.033 r  lesion_i/video/hdmi_in/frontend/dvi2rgb_0/U0/TMDS_ClockingX/DVI_ClkGenerator/CLKOUT0
                         net (fo=2, routed)           0.402     1.435    lesion_i/video/hdmi_in/frontend/dvi2rgb_0/U0/TMDS_ClockingX/CLK_OUT_5x_hdmi_clk
    BUFR_X1Y5            BUFR (Prop_bufr_I_O)         0.431     1.866 r  lesion_i/video/hdmi_in/frontend/dvi2rgb_0/U0/TMDS_ClockingX/PixelClkBuffer/O
                         net (fo=3140, routed)        0.290     2.156    lesion_i/video/hdmi_in/frontend/dvi2rgb_0/U0/DataDecoders[1].DecoderX/iIn_q_reg
    SLICE_X111Y69        FDPE                                         r  lesion_i/video/hdmi_in/frontend/dvi2rgb_0/U0/DataDecoders[1].DecoderX/pAlignRst_reg/C
                         clock pessimism             -0.290     1.865    
    SLICE_X111Y69        FDPE (Remov_fdpe_C_PRE)     -0.149     1.716    lesion_i/video/hdmi_in/frontend/dvi2rgb_0/U0/DataDecoders[1].DecoderX/pAlignRst_reg
  -------------------------------------------------------------------
                         required time                         -1.716    
                         arrival time                           2.787    
  -------------------------------------------------------------------
                         slack                                  1.070    





