Copyright 1986-2022 Xilinx, Inc. All Rights Reserved. Copyright 2022-2025 Advanced Micro Devices, Inc. All Rights Reserved.
---------------------------------------------------------------------------------------------------------------------------------------------
| Tool Version : Vivado v.2025.2 (win64) Build 6299465 Fri Nov 14 19:35:11 GMT 2025
| Date         : Wed Sep 30 20:17:18 2026
| Host         : WIN-9V8PKT2UNH4 running 64-bit major release  (build 9200)
| Command      : report_drc -file C:/temp/lesion_hdmi_full/build/drc.rpt
| Design       : lesion_wrapper
| Device       : xc7z020clg400-1
| Speed File   : -1
| Design State : Fully Routed
---------------------------------------------------------------------------------------------------------------------------------------------

Report DRC

Table of Contents
-----------------
1. REPORT SUMMARY
2. REPORT DETAILS

1. REPORT SUMMARY
-----------------
            Netlist: netlist
          Floorplan: checkpoint_linked
      Design limits: <entire design considered>
           Ruledeck: default
             Max checks: <unlimited>
             Checks found: 173
+-----------+----------+----------------------------+--------+
| Rule      | Severity | Description                | Checks |
+-----------+----------+----------------------------+--------+
| DPIP-1    | Warning  | Input pipelining           | 49     |
| DPOP-1    | Warning  | PREG Output pipelining     | 29     |
| DPOP-2    | Warning  | MREG Output pipelining     | 78     |
| PDCN-1569 | Warning  | LUT equation term check    | 9      |
| REQP-1840 | Warning  | RAMB18 async control check | 6      |
| RTSTAT-10 | Warning  | No routable loads          | 1      |
| REQP-181  | Advisory | writefirst                 | 1      |
+-----------+----------+----------------------------+--------+

2. REPORT DETAILS
-----------------
DPIP-1#1 Warning
Input pipelining  
DSP lesion_i/lesion_accel_0/inst/grp_convolution_fu_955/grp_convolution_Pipeline_VITIS_LOOP_53_14_VITIS_LOOP_54_15_VITIS_LOOP_55_16_fu_829/add_ln65_15_reg_3923_reg input lesion_i/lesion_accel_0/inst/grp_convolution_fu_955/grp_convolution_Pipeline_VITIS_LOOP_53_14_VITIS_LOOP_54_15_VITIS_LOOP_55_16_fu_829/add_ln65_15_reg_3923_reg/A[29:0] is not pipelined. Pipelining DSP48 input will improve performance.
Related violations: <none>

DPIP-1#2 Warning
Input pipelining  
DSP lesion_i/lesion_accel_0/inst/grp_convolution_fu_955/grp_convolution_Pipeline_VITIS_LOOP_53_14_VITIS_LOOP_54_15_VITIS_LOOP_55_16_fu_829/add_ln65_15_reg_3923_reg input lesion_i/lesion_accel_0/inst/grp_convolution_fu_955/grp_convolution_Pipeline_VITIS_LOOP_53_14_VITIS_LOOP_54_15_VITIS_LOOP_55_16_fu_829/add_ln65_15_reg_3923_reg/B[17:0] is not pipelined. Pipelining DSP48 input will improve performance.
Related violations: <none>

DPIP-1#3 Warning
Input pipelining  
DSP lesion_i/lesion_accel_0/inst/grp_convolution_fu_955/grp_convolution_Pipeline_VITIS_LOOP_53_14_VITIS_LOOP_54_15_VITIS_LOOP_55_16_fu_829/add_ln65_31_reg_3933_reg input lesion_i/lesion_accel_0/inst/grp_convolution_fu_955/grp_convolution_Pipeline_VITIS_LOOP_53_14_VITIS_LOOP_54_15_VITIS_LOOP_55_16_fu_829/add_ln65_31_reg_3933_reg/A[29:0] is not pipelined. Pipelining DSP48 input will improve performance.
Related violations: <none>

DPIP-1#4 Warning
Input pipelining  
DSP lesion_i/lesion_accel_0/inst/grp_convolution_fu_955/grp_convolution_Pipeline_VITIS_LOOP_53_14_VITIS_LOOP_54_15_VITIS_LOOP_55_16_fu_829/add_ln65_31_reg_3933_reg input lesion_i/lesion_accel_0/inst/grp_convolution_fu_955/grp_convolution_Pipeline_VITIS_LOOP_53_14_VITIS_LOOP_54_15_VITIS_LOOP_55_16_fu_829/add_ln65_31_reg_3933_reg/B[17:0] is not pipelined. Pipelining DSP48 input will improve performance.
Related violations: <none>

DPIP-1#5 Warning
Input pipelining  
DSP lesion_i/lesion_accel_0/inst/grp_convolution_fu_955/grp_convolution_Pipeline_VITIS_LOOP_53_14_VITIS_LOOP_54_15_VITIS_LOOP_55_16_fu_829/mac_muladd_8s_8s_32s_32_4_1_U199/lesion_accel_mac_muladd_8s_8s_32s_32_4_1_DSP48_0_U/p_reg_reg input lesion_i/lesion_accel_0/inst/grp_convolution_fu_955/grp_convolution_Pipeline_VITIS_LOOP_53_14_VITIS_LOOP_54_15_VITIS_LOOP_55_16_fu_829/mac_muladd_8s_8s_32s_32_4_1_U199/lesion_accel_mac_muladd_8s_8s_32s_32_4_1_DSP48_0_U/p_reg_reg/C[47:0] is not pipelined. Pipelining DSP48 input will improve performance.
Related violations: <none>

DPIP-1#6 Warning
Input pipelining  
DSP lesion_i/lesion_accel_0/inst/grp_convolution_fu_955/grp_convolution_Pipeline_VITIS_LOOP_53_14_VITIS_LOOP_54_15_VITIS_LOOP_55_16_fu_829/mac_muladd_8s_8s_32s_32_4_1_U201/lesion_accel_mac_muladd_8s_8s_32s_32_4_1_DSP48_0_U/p_reg_reg input lesion_i/lesion_accel_0/inst/grp_convolution_fu_955/grp_convolution_Pipeline_VITIS_LOOP_53_14_VITIS_LOOP_54_15_VITIS_LOOP_55_16_fu_829/mac_muladd_8s_8s_32s_32_4_1_U201/lesion_accel_mac_muladd_8s_8s_32s_32_4_1_DSP48_0_U/p_reg_reg/C[47:0] is not pipelined. Pipelining DSP48 input will improve performance.
Related violations: <none>

DPIP-1#7 Warning
Input pipelining  
DSP lesion_i/lesion_accel_0/inst/grp_convolution_fu_955/grp_convolution_Pipeline_VITIS_LOOP_53_14_VITIS_LOOP_54_15_VITIS_LOOP_55_16_fu_829/mac_muladd_8s_8s_32s_32_4_1_U203/lesion_accel_mac_muladd_8s_8s_32s_32_4_1_DSP48_0_U/p_reg_reg input lesion_i/lesion_accel_0/inst/grp_convolution_fu_955/grp_convolution_Pipeline_VITIS_LOOP_53_14_VITIS_LOOP_54_15_VITIS_LOOP_55_16_fu_829/mac_muladd_8s_8s_32s_32_4_1_U203/lesion_accel_mac_muladd_8s_8s_32s_32_4_1_DSP48_0_U/p_reg_reg/C[47:0] is not pipelined. Pipelining DSP48 input will improve performance.
Related violations: <none>

DPIP-1#8 Warning
Input pipelining  
DSP lesion_i/lesion_accel_0/inst/grp_convolution_fu_955/grp_convolution_Pipeline_VITIS_LOOP_53_14_VITIS_LOOP_54_15_VITIS_LOOP_55_16_fu_829/mac_muladd_8s_8s_32s_32_4_1_U205/lesion_accel_mac_muladd_8s_8s_32s_32_4_1_DSP48_0_U/p_reg_reg input lesion_i/lesion_accel_0/inst/grp_convolution_fu_955/grp_convolution_Pipeline_VITIS_LOOP_53_14_VITIS_LOOP_54_15_VITIS_LOOP_55_16_fu_829/mac_muladd_8s_8s_32s_32_4_1_U205/lesion_accel_mac_muladd_8s_8s_32s_32_4_1_DSP48_0_U/p_reg_reg/C[47:0] is not pipelined. Pipelining DSP48 input will improve performance.
Related violations: <none>

DPIP-1#9 Warning
Input pipelining  
DSP lesion_i/lesion_accel_0/inst/grp_convolution_fu_955/grp_convolution_Pipeline_VITIS_LOOP_53_14_VITIS_LOOP_54_15_VITIS_LOOP_55_16_fu_829/mac_muladd_8s_8s_32s_32_4_1_U207/lesion_accel_mac_muladd_8s_8s_32s_32_4_1_DSP48_0_U/p_reg_reg input lesion_i/lesion_accel_0/inst/grp_convolution_fu_955/grp_convolution_Pipeline_VITIS_LOOP_53_14_VITIS_LOOP_54_15_VITIS_LOOP_55_16_fu_829/mac_muladd_8s_8s_32s_32_4_1_U207/lesion_accel_mac_muladd_8s_8s_32s_32_4_1_DSP48_0_U/p_reg_reg/C[47:0] is not pipelined. Pipelining DSP48 input will improve performance.
Related violations: <none>

DPIP-1#10 Warning
Input pipelining  
DSP lesion_i/lesion_accel_0/inst/grp_convolution_fu_955/grp_convolution_Pipeline_VITIS_LOOP_53_14_VITIS_LOOP_54_15_VITIS_LOOP_55_16_fu_829/mac_muladd_8s_8s_32s_32_4_1_U209/lesion_accel_mac_muladd_8s_8s_32s_32_4_1_DSP48_0_U/p_reg_reg input lesion_i/lesion_accel_0/inst/grp_convolution_fu_955/grp_convolution_Pipeline_VITIS_LOOP_53_14_VITIS_LOOP_54_15_VITIS_LOOP_55_16_fu_829/mac_muladd_8s_8s_32s_32_4_1_U209/lesion_accel_mac_muladd_8s_8s_32s_32_4_1_DSP48_0_U/p_reg_reg/C[47:0] is not pipelined. Pipelining DSP48 input will improve performance.
Related violations: <none>

DPIP-1#11 Warning
Input pipelining  
DSP lesion_i/lesion_accel_0/inst/grp_convolution_fu_955/grp_convolution_Pipeline_VITIS_LOOP_53_14_VITIS_LOOP_54_15_VITIS_LOOP_55_16_fu_829/mac_muladd_8s_8s_32s_32_4_1_U211/lesion_accel_mac_muladd_8s_8s_32s_32_4_1_DSP48_0_U/p_reg_reg input lesion_i/lesion_accel_0/inst/grp_convolution_fu_955/grp_convolution_Pipeline_VITIS_LOOP_53_14_VITIS_LOOP_54_15_VITIS_LOOP_55_16_fu_829/mac_muladd_8s_8s_32s_32_4_1_U211/lesion_accel_mac_muladd_8s_8s_32s_32_4_1_DSP48_0_U/p_reg_reg/C[47:0] is not pipelined. Pipelining DSP48 input will improve performance.
Related violations: <none>

DPIP-1#12 Warning
Input pipelining  
DSP lesion_i/lesion_accel_0/inst/grp_convolution_fu_955/grp_convolution_Pipeline_VITIS_LOOP_53_14_VITIS_LOOP_54_15_VITIS_LOOP_55_16_fu_829/mac_muladd_8s_8s_32s_32_4_1_U213/lesion_accel_mac_muladd_8s_8s_32s_32_4_1_DSP48_0_U/p_reg_reg input lesion_i/lesion_accel_0/inst/grp_convolution_fu_955/grp_convolution_Pipeline_VITIS_LOOP_53_14_VITIS_LOOP_54_15_VITIS_LOOP_55_16_fu_829/mac_muladd_8s_8s_32s_32_4_1_U213/lesion_accel_mac_muladd_8s_8s_32s_32_4_1_DSP48_0_U/p_reg_reg/C[47:0] is not pipelined. Pipelining DSP48 input will improve performance.
Related violations: <none>

DPIP-1#13 Warning
Input pipelining  
DSP lesion_i/lesion_accel_0/inst/mul_31ns_31ns_62_2_1_U344/buff0_reg input lesion_i/lesion_accel_0/inst/mul_31ns_31ns_62_2_1_U344/buff0_reg/A[29:0] is not pipelined. Pipelining DSP48 input will improve performance.
Related violations: <none>

DPIP-1#14 Warning
Input pipelining  
DSP lesion_i/lesion_accel_0/inst/mul_31ns_31ns_62_2_1_U344/buff0_reg input lesion_i/lesion_accel_0/inst/mul_31ns_31ns_62_2_1_U344/buff0_reg/B[17:0] is not pipelined. Pipelining DSP48 input will improve performance.
Related violations: <none>

DPIP-1#15 Warning
Input pipelining  
DSP lesion_i/lesion_accel_0/inst/mul_31ns_31ns_62_2_1_U344/buff0_reg__0 input lesion_i/lesion_accel_0/inst/mul_31ns_31ns_62_2_1_U344/buff0_reg__0/B[17:0] is not pipelined. Pipelining DSP48 input will improve performance.
Related violations: <none>

DPIP-1#16 Warning
Input pipelining  
DSP lesion_i/lesion_accel_0/inst/mul_31ns_31ns_62_2_1_U344/tmp_product input lesion_i/lesion_accel_0/inst/mul_31ns_31ns_62_2_1_U344/tmp_product/A[29:0] is not pipelined. Pipelining DSP48 input will improve performance.
Related violations: <none>

DPIP-1#17 Warning
Input pipelining  
DSP lesion_i/lesion_accel_0/inst/mul_31ns_31ns_62_2_1_U344/tmp_product input lesion_i/lesion_accel_0/inst/mul_31ns_31ns_62_2_1_U344/tmp_product/B[17:0] is not pipelined. Pipelining DSP48 input will improve performance.
Related violations: <none>

DPIP-1#18 Warning
Input pipelining  
DSP lesion_i/lesion_accel_0/inst/mul_31ns_31ns_62_2_1_U344/tmp_product__0 input lesion_i/lesion_accel_0/inst/mul_31ns_31ns_62_2_1_U344/tmp_product__0/A[29:0] is not pipelined. Pipelining DSP48 input will improve performance.
Related violations: <none>

DPIP-1#19 Warning
Input pipelining  
DSP lesion_i/lesion_accel_0/inst/mul_31ns_31ns_62_2_1_U344/tmp_product__0 input lesion_i/lesion_accel_0/inst/mul_31ns_31ns_62_2_1_U344/tmp_product__0/B[17:0] is not pipelined. Pipelining DSP48 input will improve performance.
Related violations: <none>

DPIP-1#20 Warning
Input pipelining  
DSP lesion_i/lesion_accel_0/inst/mul_31ns_32ns_63_2_1_U346/buff0_reg input lesion_i/lesion_accel_0/inst/mul_31ns_32ns_63_2_1_U346/buff0_reg/A[29:0] is not pipelined. Pipelining DSP48 input will improve performance.
Related violations: <none>

DPIP-1#21 Warning
Input pipelining  
DSP lesion_i/lesion_accel_0/inst/mul_31ns_32ns_63_2_1_U346/buff0_reg__0 input lesion_i/lesion_accel_0/inst/mul_31ns_32ns_63_2_1_U346/buff0_reg__0/B[17:0] is not pipelined. Pipelining DSP48 input will improve performance.
Related violations: <none>

DPIP-1#22 Warning
Input pipelining  
DSP lesion_i/lesion_accel_0/inst/mul_31ns_32ns_63_2_1_U346/tmp_product input lesion_i/lesion_accel_0/inst/mul_31ns_32ns_63_2_1_U346/tmp_product/A[29:0] is not pipelined. Pipelining DSP48 input will improve performance.
Related violations: <none>

DPIP-1#23 Warning
Input pipelining  
DSP lesion_i/lesion_accel_0/inst/mul_31ns_32ns_63_2_1_U346/tmp_product input lesion_i/lesion_accel_0/inst/mul_31ns_32ns_63_2_1_U346/tmp_product/B[17:0] is not pipelined. Pipelining DSP48 input will improve performance.
Related violations: <none>

DPIP-1#24 Warning
Input pipelining  
DSP lesion_i/lesion_accel_0/inst/mul_31ns_32ns_63_2_1_U346/tmp_product__0 input lesion_i/lesion_accel_0/inst/mul_31ns_32ns_63_2_1_U346/tmp_product__0/A[29:0] is not pipelined. Pipelining DSP48 input will improve performance.
Related violations: <none>

DPIP-1#25 Warning
Input pipelining  
DSP lesion_i/lesion_accel_0/inst/mul_31ns_32ns_63_2_1_U346/tmp_product__0 input lesion_i/lesion_accel_0/inst/mul_31ns_32ns_63_2_1_U346/tmp_product__0/B[17:0] is not pipelined. Pipelining DSP48 input will improve performance.
Related violations: <none>

DPIP-1#26 Warning
Input pipelining  
DSP lesion_i/lesion_accel_0/inst/mul_32ns_32s_62_2_1_U350/buff0_reg input lesion_i/lesion_accel_0/inst/mul_32ns_32s_62_2_1_U350/buff0_reg/A[29:0] is not pipelined. Pipelining DSP48 input will improve performance.
Related violations: <none>

DPIP-1#27 Warning
Input pipelining  
DSP lesion_i/lesion_accel_0/inst/mul_32ns_32s_62_2_1_U350/buff0_reg input lesion_i/lesion_accel_0/inst/mul_32ns_32s_62_2_1_U350/buff0_reg/B[17:0] is not pipelined. Pipelining DSP48 input will improve performance.
Related violations: <none>

DPIP-1#28 Warning
Input pipelining  
DSP lesion_i/lesion_accel_0/inst/mul_32ns_32s_62_2_1_U350/buff0_reg__0 input lesion_i/lesion_accel_0/inst/mul_32ns_32s_62_2_1_U350/buff0_reg__0/B[17:0] is not pipelined. Pipelining DSP48 input will improve performance.
Related violations: <none>

DPIP-1#29 Warning
Input pipelining  
DSP lesion_i/lesion_accel_0/inst/mul_32ns_32s_62_2_1_U350/tmp_product input lesion_i/lesion_accel_0/inst/mul_32ns_32s_62_2_1_U350/tmp_product/A[29:0] is not pipelined. Pipelining DSP48 input will improve performance.
Related violations: <none>

DPIP-1#30 Warning
Input pipelining  
DSP lesion_i/lesion_accel_0/inst/mul_32ns_32s_62_2_1_U350/tmp_product input lesion_i/lesion_accel_0/inst/mul_32ns_32s_62_2_1_U350/tmp_product/B[17:0] is not pipelined. Pipelining DSP48 input will improve performance.
Related violations: <none>

DPIP-1#31 Warning
Input pipelining  
DSP lesion_i/lesion_accel_0/inst/mul_32ns_32s_62_2_1_U350/tmp_product__0 input lesion_i/lesion_accel_0/inst/mul_32ns_32s_62_2_1_U350/tmp_product__0/A[29:0] is not pipelined. Pipelining DSP48 input will improve performance.
Related violations: <none>

DPIP-1#32 Warning
Input pipelining  
DSP lesion_i/lesion_accel_0/inst/mul_32ns_32s_62_2_1_U350/tmp_product__0 input lesion_i/lesion_accel_0/inst/mul_32ns_32s_62_2_1_U350/tmp_product__0/B[17:0] is not pipelined. Pipelining DSP48 input will improve performance.
Related violations: <none>

DPIP-1#33 Warning
Input pipelining  
DSP lesion_i/lesion_accel_0/inst/mul_32s_32s_32_2_1_U349/buff0_reg input lesion_i/lesion_accel_0/inst/mul_32s_32s_32_2_1_U349/buff0_reg/B[17:0] is not pipelined. Pipelining DSP48 input will improve performance.
Related violations: <none>

DPIP-1#34 Warning
Input pipelining  
DSP lesion_i/lesion_accel_0/inst/mul_32s_32s_32_2_1_U349/tmp_product input lesion_i/lesion_accel_0/inst/mul_32s_32s_32_2_1_U349/tmp_product/A[29:0] is not pipelined. Pipelining DSP48 input will improve performance.
Related violations: <none>

DPIP-1#35 Warning
Input pipelining  
DSP lesion_i/lesion_accel_0/inst/mul_32s_32s_32_2_1_U349/tmp_product input lesion_i/lesion_accel_0/inst/mul_32s_32s_32_2_1_U349/tmp_product/B[17:0] is not pipelined. Pipelining DSP48 input will improve performance.
Related violations: <none>

DPIP-1#36 Warning
Input pipelining  
DSP lesion_i/lesion_accel_0/inst/mul_32s_32s_32_2_1_U349/tmp_product__0 input lesion_i/lesion_accel_0/inst/mul_32s_32s_32_2_1_U349/tmp_product__0/A[29:0] is not pipelined. Pipelining DSP48 input will improve performance.
Related violations: <none>

DPIP-1#37 Warning
Input pipelining  
DSP lesion_i/lesion_accel_0/inst/mul_32s_32s_32_2_1_U349/tmp_product__0 input lesion_i/lesion_accel_0/inst/mul_32s_32s_32_2_1_U349/tmp_product__0/B[17:0] is not pipelined. Pipelining DSP48 input will improve performance.
Related violations: <none>

DPIP-1#38 Warning
Input pipelining  
DSP lesion_i/video/hdmi_in/color_convert/inst/mac_muladd_10s_8ns_18s_19_4_1_U4/color_convert_mac_muladd_10s_8ns_18s_19_4_1_DSP48_0_U/p_reg_reg__0 input lesion_i/video/hdmi_in/color_convert/inst/mac_muladd_10s_8ns_18s_19_4_1_U4/color_convert_mac_muladd_10s_8ns_18s_19_4_1_DSP48_0_U/p_reg_reg__0/C[47:0] is not pipelined. Pipelining DSP48 input will improve performance.
Related violations: <none>

DPIP-1#39 Warning
Input pipelining  
DSP lesion_i/video/hdmi_in/color_convert/inst/mac_muladd_10s_8ns_18s_19_4_1_U5/color_convert_mac_muladd_10s_8ns_18s_19_4_1_DSP48_0_U/p_reg_reg__0 input lesion_i/video/hdmi_in/color_convert/inst/mac_muladd_10s_8ns_18s_19_4_1_U5/color_convert_mac_muladd_10s_8ns_18s_19_4_1_DSP48_0_U/p_reg_reg__0/C[47:0] is not pipelined. Pipelining DSP48 input will improve performance.
Related violations: <none>

DPIP-1#40 Warning
Input pipelining  
DSP lesion_i/video/hdmi_in/color_convert/inst/mac_muladd_10s_8ns_18s_19_4_1_U6/color_convert_mac_muladd_10s_8ns_18s_19_4_1_DSP48_0_U/p_reg_reg__0 input lesion_i/video/hdmi_in/color_convert/inst/mac_muladd_10s_8ns_18s_19_4_1_U6/color_convert_mac_muladd_10s_8ns_18s_19_4_1_DSP48_0_U/p_reg_reg__0/C[47:0] is not pipelined. Pipelining DSP48 input will improve performance.
Related violations: <none>

DPIP-1#41 Warning
Input pipelining  
DSP lesion_i/video/hdmi_in/color_convert/inst/mac_muladd_10s_8ns_19s_20_4_1_U7/color_convert_mac_muladd_10s_8ns_19s_20_4_1_DSP48_0_U/p_reg_reg input lesion_i/video/hdmi_in/color_convert/inst/mac_muladd_10s_8ns_19s_20_4_1_U7/color_convert_mac_muladd_10s_8ns_19s_20_4_1_DSP48_0_U/p_reg_reg/C[47:0] is not pipelined. Pipelining DSP48 input will improve performance.
Related violations: <none>

DPIP-1#42 Warning
Input pipelining  
DSP lesion_i/video/hdmi_in/color_convert/inst/mac_muladd_10s_8ns_19s_20_4_1_U8/color_convert_mac_muladd_10s_8ns_19s_20_4_1_DSP48_0_U/p_reg_reg input lesion_i/video/hdmi_in/color_convert/inst/mac_muladd_10s_8ns_19s_20_4_1_U8/color_convert_mac_muladd_10s_8ns_19s_20_4_1_DSP48_0_U/p_reg_reg/C[47:0] is not pipelined. Pipelining DSP48 input will improve performance.
Related violations: <none>

DPIP-1#43 Warning
Input pipelining  
DSP lesion_i/video/hdmi_in/color_convert/inst/mac_muladd_10s_8ns_19s_20_4_1_U9/color_convert_mac_muladd_10s_8ns_19s_20_4_1_DSP48_0_U/p_reg_reg input lesion_i/video/hdmi_in/color_convert/inst/mac_muladd_10s_8ns_19s_20_4_1_U9/color_convert_mac_muladd_10s_8ns_19s_20_4_1_DSP48_0_U/p_reg_reg/C[47:0] is not pipelined. Pipelining DSP48 input will improve performance.
Related violations: <none>

DPIP-1#44 Warning
Input pipelining  
DSP lesion_i/video/hdmi_out/color_convert/inst/mac_muladd_10s_8ns_18s_19_4_1_U4/color_convert_mac_muladd_10s_8ns_18s_19_4_1_DSP48_0_U/p_reg_reg__0 input lesion_i/video/hdmi_out/color_convert/inst/mac_muladd_10s_8ns_18s_19_4_1_U4/color_convert_mac_muladd_10s_8ns_18s_19_4_1_DSP48_0_U/p_reg_reg__0/C[47:0] is not pipelined. Pipelining DSP48 input will improve performance.
Related violations: <none>

DPIP-1#45 Warning
Input pipelining  
DSP lesion_i/video/hdmi_out/color_convert/inst/mac_muladd_10s_8ns_18s_19_4_1_U5/color_convert_mac_muladd_10s_8ns_18s_19_4_1_DSP48_0_U/p_reg_reg__0 input lesion_i/video/hdmi_out/color_convert/inst/mac_muladd_10s_8ns_18s_19_4_1_U5/color_convert_mac_muladd_10s_8ns_18s_19_4_1_DSP48_0_U/p_reg_reg__0/C[47:0] is not pipelined. Pipelining DSP48 input will improve performance.
Related violations: <none>

DPIP-1#46 Warning
Input pipelining  
DSP lesion_i/video/hdmi_out/color_convert/inst/mac_muladd_10s_8ns_18s_19_4_1_U6/color_convert_mac_muladd_10s_8ns_18s_19_4_1_DSP48_0_U/p_reg_reg__0 input lesion_i/video/hdmi_out/color_convert/inst/mac_muladd_10s_8ns_18s_19_4_1_U6/color_convert_mac_muladd_10s_8ns_18s_19_4_1_DSP48_0_U/p_reg_reg__0/C[47:0] is not pipelined. Pipelining DSP48 input will improve performance.
Related violations: <none>

DPIP-1#47 Warning
Input pipelining  
DSP lesion_i/video/hdmi_out/color_convert/inst/mac_muladd_10s_8ns_19s_20_4_1_U7/color_convert_mac_muladd_10s_8ns_19s_20_4_1_DSP48_0_U/p_reg_reg input lesion_i/video/hdmi_out/color_convert/inst/mac_muladd_10s_8ns_19s_20_4_1_U7/color_convert_mac_muladd_10s_8ns_19s_20_4_1_DSP48_0_U/p_reg_reg/C[47:0] is not pipelined. Pipelining DSP48 input will improve performance.
Related violations: <none>

DPIP-1#48 Warning
Input pipelining  
DSP lesion_i/video/hdmi_out/color_convert/inst/mac_muladd_10s_8ns_19s_20_4_1_U8/color_convert_mac_muladd_10s_8ns_19s_20_4_1_DSP48_0_U/p_reg_reg input lesion_i/video/hdmi_out/color_convert/inst/mac_muladd_10s_8ns_19s_20_4_1_U8/color_convert_mac_muladd_10s_8ns_19s_20_4_1_DSP48_0_U/p_reg_reg/C[47:0] is not pipelined. Pipelining DSP48 input will improve performance.
Related violations: <none>

DPIP-1#49 Warning
Input pipelining  
DSP lesion_i/video/hdmi_out/color_convert/inst/mac_muladd_10s_8ns_19s_20_4_1_U9/color_convert_mac_muladd_10s_8ns_19s_20_4_1_DSP48_0_U/p_reg_reg input lesion_i/video/hdmi_out/color_convert/inst/mac_muladd_10s_8ns_19s_20_4_1_U9/color_convert_mac_muladd_10s_8ns_19s_20_4_1_DSP48_0_U/p_reg_reg/C[47:0] is not pipelined. Pipelining DSP48 input will improve performance.
Related violations: <none>

DPOP-1#1 Warning
PREG Output pipelining  
DSP lesion_i/lesion_accel_0/inst/grp_convolution_fu_955/grp_convolution_Pipeline_VITIS_LOOP_45_10_VITIS_LOOP_46_11_VITIS_LOOP_47_12_VITIS_LO_fu_746/mul_62ns_32s_64_5_1_U70/tmp_product__0 output lesion_i/lesion_accel_0/inst/grp_convolution_fu_955/grp_convolution_Pipeline_VITIS_LOOP_45_10_VITIS_LOOP_46_11_VITIS_LOOP_47_12_VITIS_LO_fu_746/mul_62ns_32s_64_5_1_U70/tmp_product__0/P[47:0] is not pipelined (PREG=0). Pipelining the DSP48 output will improve performance and often saves power so it is suggested whenever possible to fully pipeline this function.  If this DSP48 function was inferred, it is suggested to describe an additional register stage after this function.  If the DSP48 was instantiated in the design, it is suggested to set the PREG attribute to 1.
Related violations: <none>

DPOP-1#2 Warning
PREG Output pipelining  
DSP lesion_i/lesion_accel_0/inst/grp_convolution_fu_955/grp_convolution_Pipeline_VITIS_LOOP_69_19_VITIS_LOOP_70_20_VITIS_LOOP_71_21_fu_720/mul_32s_32s_32_2_1_U302/tmp_product__0 output lesion_i/lesion_accel_0/inst/grp_convolution_fu_955/grp_convolution_Pipeline_VITIS_LOOP_69_19_VITIS_LOOP_70_20_VITIS_LOOP_71_21_fu_720/mul_32s_32s_32_2_1_U302/tmp_product__0/P[47:0] is not pipelined (PREG=0). Pipelining the DSP48 output will improve performance and often saves power so it is suggested whenever possible to fully pipeline this function.  If this DSP48 function was inferred, it is suggested to describe an additional register stage after this function.  If the DSP48 was instantiated in the design, it is suggested to set the PREG attribute to 1.
Related violations: <none>

DPOP-1#3 Warning
PREG Output pipelining  
DSP lesion_i/lesion_accel_0/inst/grp_convolution_fu_955/mul_31ns_32ns_63_2_1_U328/tmp_product output lesion_i/lesion_accel_0/inst/grp_convolution_fu_955/mul_31ns_32ns_63_2_1_U328/tmp_product/P[47:0] is not pipelined (PREG=0). Pipelining the DSP48 output will improve performance and often saves power so it is suggested whenever possible to fully pipeline this function.  If this DSP48 function was inferred, it is suggested to describe an additional register stage after this function.  If the DSP48 was instantiated in the design, it is suggested to set the PREG attribute to 1.
Related violations: <none>

DPOP-1#4 Warning
PREG Output pipelining  
DSP lesion_i/lesion_accel_0/inst/grp_convolution_fu_955/mul_31ns_32ns_63_2_1_U328/tmp_product__0 output lesion_i/lesion_accel_0/inst/grp_convolution_fu_955/mul_31ns_32ns_63_2_1_U328/tmp_product__0/P[47:0] is not pipelined (PREG=0). Pipelining the DSP48 output will improve performance and often saves power so it is suggested whenever possible to fully pipeline this function.  If this DSP48 function was inferred, it is suggested to describe an additional register stage after this function.  If the DSP48 was instantiated in the design, it is suggested to set the PREG attribute to 1.
Related violations: <none>

DPOP-1#5 Warning
PREG Output pipelining  
DSP lesion_i/lesion_accel_0/inst/grp_convolution_fu_955/mul_31ns_38ns_69_2_1_U329/tmp_product output lesion_i/lesion_accel_0/inst/grp_convolution_fu_955/mul_31ns_38ns_69_2_1_U329/tmp_product/P[47:0] is not pipelined (PREG=0). Pipelining the DSP48 output will improve performance and often saves power so it is suggested whenever possible to fully pipeline this function.  If this DSP48 function was inferred, it is suggested to describe an additional register stage after this function.  If the DSP48 was instantiated in the design, it is suggested to set the PREG attribute to 1.
Related violations: <none>

DPOP-1#6 Warning
PREG Output pipelining  
DSP lesion_i/lesion_accel_0/inst/grp_convolution_fu_955/mul_31ns_38ns_69_2_1_U329/tmp_product__0 output lesion_i/lesion_accel_0/inst/grp_convolution_fu_955/mul_31ns_38ns_69_2_1_U329/tmp_product__0/P[47:0] is not pipelined (PREG=0). Pipelining the DSP48 output will improve performance and often saves power so it is suggested whenever possible to fully pipeline this function.  If this DSP48 function was inferred, it is suggested to describe an additional register stage after this function.  If the DSP48 was instantiated in the design, it is suggested to set the PREG attribute to 1.
Related violations: <none>

DPOP-1#7 Warning
PREG Output pipelining  
DSP lesion_i/lesion_accel_0/inst/grp_convolution_fu_955/mul_64s_32s_64_5_1_U331/tmp_product output lesion_i/lesion_accel_0/inst/grp_convolution_fu_955/mul_64s_32s_64_5_1_U331/tmp_product/P[47:0] is not pipelined (PREG=0). Pipelining the DSP48 output will improve performance and often saves power so it is suggested whenever possible to fully pipeline this function.  If this DSP48 function was inferred, it is suggested to describe an additional register stage after this function.  If the DSP48 was instantiated in the design, it is suggested to set the PREG attribute to 1.
Related violations: <none>

DPOP-1#8 Warning
PREG Output pipelining  
DSP lesion_i/lesion_accel_0/inst/grp_rq_fu_966/mul_32s_32s_64_2_0_U14/tmp_product output lesion_i/lesion_accel_0/inst/grp_rq_fu_966/mul_32s_32s_64_2_0_U14/tmp_product/P[47:0] is not pipelined (PREG=0). Pipelining the DSP48 output will improve performance and often saves power so it is suggested whenever possible to fully pipeline this function.  If this DSP48 function was inferred, it is suggested to describe an additional register stage after this function.  If the DSP48 was instantiated in the design, it is suggested to set the PREG attribute to 1.
Related violations: <none>

DPOP-1#9 Warning
PREG Output pipelining  
DSP lesion_i/lesion_accel_0/inst/grp_rq_fu_966/mul_32s_32s_64_2_0_U14/tmp_product__0 output lesion_i/lesion_accel_0/inst/grp_rq_fu_966/mul_32s_32s_64_2_0_U14/tmp_product__0/P[47:0] is not pipelined (PREG=0). Pipelining the DSP48 output will improve performance and often saves power so it is suggested whenever possible to fully pipeline this function.  If this DSP48 function was inferred, it is suggested to describe an additional register stage after this function.  If the DSP48 was instantiated in the design, it is suggested to set the PREG attribute to 1.
Related violations: <none>

DPOP-1#10 Warning
PREG Output pipelining  
DSP lesion_i/lesion_accel_0/inst/mul_31ns_31ns_62_2_1_U344/tmp_product output lesion_i/lesion_accel_0/inst/mul_31ns_31ns_62_2_1_U344/tmp_product/P[47:0] is not pipelined (PREG=0). Pipelining the DSP48 output will improve performance and often saves power so it is suggested whenever possible to fully pipeline this function.  If this DSP48 function was inferred, it is suggested to describe an additional register stage after this function.  If the DSP48 was instantiated in the design, it is suggested to set the PREG attribute to 1.
Related violations: <none>

DPOP-1#11 Warning
PREG Output pipelining  
DSP lesion_i/lesion_accel_0/inst/mul_31ns_31ns_62_2_1_U344/tmp_product__0 output lesion_i/lesion_accel_0/inst/mul_31ns_31ns_62_2_1_U344/tmp_product__0/P[47:0] is not pipelined (PREG=0). Pipelining the DSP48 output will improve performance and often saves power so it is suggested whenever possible to fully pipeline this function.  If this DSP48 function was inferred, it is suggested to describe an additional register stage after this function.  If the DSP48 was instantiated in the design, it is suggested to set the PREG attribute to 1.
Related violations: <none>

DPOP-1#12 Warning
PREG Output pipelining  
DSP lesion_i/lesion_accel_0/inst/mul_31ns_32ns_63_2_1_U346/tmp_product output lesion_i/lesion_accel_0/inst/mul_31ns_32ns_63_2_1_U346/tmp_product/P[47:0] is not pipelined (PREG=0). Pipelining the DSP48 output will improve performance and often saves power so it is suggested whenever possible to fully pipeline this function.  If this DSP48 function was inferred, it is suggested to describe an additional register stage after this function.  If the DSP48 was instantiated in the design, it is suggested to set the PREG attribute to 1.
Related violations: <none>

DPOP-1#13 Warning
PREG Output pipelining  
DSP lesion_i/lesion_accel_0/inst/mul_31ns_32ns_63_2_1_U346/tmp_product__0 output lesion_i/lesion_accel_0/inst/mul_31ns_32ns_63_2_1_U346/tmp_product__0/P[47:0] is not pipelined (PREG=0). Pipelining the DSP48 output will improve performance and often saves power so it is suggested whenever possible to fully pipeline this function.  If this DSP48 function was inferred, it is suggested to describe an additional register stage after this function.  If the DSP48 was instantiated in the design, it is suggested to set the PREG attribute to 1.
Related violations: <none>

DPOP-1#14 Warning
PREG Output pipelining  
DSP lesion_i/lesion_accel_0/inst/mul_31ns_32s_62_2_1_U345/tmp_product output lesion_i/lesion_accel_0/inst/mul_31ns_32s_62_2_1_U345/tmp_product/P[47:0] is not pipelined (PREG=0). Pipelining the DSP48 output will improve performance and often saves power so it is suggested whenever possible to fully pipeline this function.  If this DSP48 function was inferred, it is suggested to describe an additional register stage after this function.  If the DSP48 was instantiated in the design, it is suggested to set the PREG attribute to 1.
Related violations: <none>

DPOP-1#15 Warning
PREG Output pipelining  
DSP lesion_i/lesion_accel_0/inst/mul_31ns_32s_62_2_1_U345/tmp_product__0 output lesion_i/lesion_accel_0/inst/mul_31ns_32s_62_2_1_U345/tmp_product__0/P[47:0] is not pipelined (PREG=0). Pipelining the DSP48 output will improve performance and often saves power so it is suggested whenever possible to fully pipeline this function.  If this DSP48 function was inferred, it is suggested to describe an additional register stage after this function.  If the DSP48 was instantiated in the design, it is suggested to set the PREG attribute to 1.
Related violations: <none>

DPOP-1#16 Warning
PREG Output pipelining  
DSP lesion_i/lesion_accel_0/inst/mul_31ns_64s_64_5_1_U347/tmp_product output lesion_i/lesion_accel_0/inst/mul_31ns_64s_64_5_1_U347/tmp_product/P[47:0] is not pipelined (PREG=0). Pipelining the DSP48 output will improve performance and often saves power so it is suggested whenever possible to fully pipeline this function.  If this DSP48 function was inferred, it is suggested to describe an additional register stage after this function.  If the DSP48 was instantiated in the design, it is suggested to set the PREG attribute to 1.
Related violations: <none>

DPOP-1#17 Warning
PREG Output pipelining  
DSP lesion_i/lesion_accel_0/inst/mul_32ns_32ns_63_2_1_U348/tmp_product__0 output lesion_i/lesion_accel_0/inst/mul_32ns_32ns_63_2_1_U348/tmp_product__0/P[47:0] is not pipelined (PREG=0). Pipelining the DSP48 output will improve performance and often saves power so it is suggested whenever possible to fully pipeline this function.  If this DSP48 function was inferred, it is suggested to describe an additional register stage after this function.  If the DSP48 was instantiated in the design, it is suggested to set the PREG attribute to 1.
Related violations: <none>

DPOP-1#18 Warning
PREG Output pipelining  
DSP lesion_i/lesion_accel_0/inst/mul_32ns_32s_62_2_1_U350/tmp_product output lesion_i/lesion_accel_0/inst/mul_32ns_32s_62_2_1_U350/tmp_product/P[47:0] is not pipelined (PREG=0). Pipelining the DSP48 output will improve performance and often saves power so it is suggested whenever possible to fully pipeline this function.  If this DSP48 function was inferred, it is suggested to describe an additional register stage after this function.  If the DSP48 was instantiated in the design, it is suggested to set the PREG attribute to 1.
Related violations: <none>

DPOP-1#19 Warning
PREG Output pipelining  
DSP lesion_i/lesion_accel_0/inst/mul_32ns_32s_62_2_1_U350/tmp_product__0 output lesion_i/lesion_accel_0/inst/mul_32ns_32s_62_2_1_U350/tmp_product__0/P[47:0] is not pipelined (PREG=0). Pipelining the DSP48 output will improve performance and often saves power so it is suggested whenever possible to fully pipeline this function.  If this DSP48 function was inferred, it is suggested to describe an additional register stage after this function.  If the DSP48 was instantiated in the design, it is suggested to set the PREG attribute to 1.
Related violations: <none>

DPOP-1#20 Warning
PREG Output pipelining  
DSP lesion_i/lesion_accel_0/inst/mul_32s_32s_32_2_1_U349/tmp_product__0 output lesion_i/lesion_accel_0/inst/mul_32s_32s_32_2_1_U349/tmp_product__0/P[47:0] is not pipelined (PREG=0). Pipelining the DSP48 output will improve performance and often saves power so it is suggested whenever possible to fully pipeline this function.  If this DSP48 function was inferred, it is suggested to describe an additional register stage after this function.  If the DSP48 was instantiated in the design, it is suggested to set the PREG attribute to 1.
Related violations: <none>

DPOP-1#21 Warning
PREG Output pipelining  
DSP lesion_i/lesion_accel_0/inst/mul_32s_32s_64_2_0_U351/tmp_product output lesion_i/lesion_accel_0/inst/mul_32s_32s_64_2_0_U351/tmp_product/P[47:0] is not pipelined (PREG=0). Pipelining the DSP48 output will improve performance and often saves power so it is suggested whenever possible to fully pipeline this function.  If this DSP48 function was inferred, it is suggested to describe an additional register stage after this function.  If the DSP48 was instantiated in the design, it is suggested to set the PREG attribute to 1.
Related violations: <none>

DPOP-1#22 Warning
PREG Output pipelining  
DSP lesion_i/lesion_accel_0/inst/mul_32s_32s_64_2_0_U351/tmp_product__0 output lesion_i/lesion_accel_0/inst/mul_32s_32s_64_2_0_U351/tmp_product__0/P[47:0] is not pipelined (PREG=0). Pipelining the DSP48 output will improve performance and often saves power so it is suggested whenever possible to fully pipeline this function.  If this DSP48 function was inferred, it is suggested to describe an additional register stage after this function.  If the DSP48 was instantiated in the design, it is suggested to set the PREG attribute to 1.
Related violations: <none>

DPOP-1#23 Warning
PREG Output pipelining  
DSP lesion_i/lesion_accel_0/inst/mul_32s_34ns_65_2_1_U352/tmp_product output lesion_i/lesion_accel_0/inst/mul_32s_34ns_65_2_1_U352/tmp_product/P[47:0] is not pipelined (PREG=0). Pipelining the DSP48 output will improve performance and often saves power so it is suggested whenever possible to fully pipeline this function.  If this DSP48 function was inferred, it is suggested to describe an additional register stage after this function.  If the DSP48 was instantiated in the design, it is suggested to set the PREG attribute to 1.
Related violations: <none>

DPOP-1#24 Warning
PREG Output pipelining  
DSP lesion_i/lesion_accel_0/inst/mul_32s_34ns_65_2_1_U352/tmp_product__0 output lesion_i/lesion_accel_0/inst/mul_32s_34ns_65_2_1_U352/tmp_product__0/P[47:0] is not pipelined (PREG=0). Pipelining the DSP48 output will improve performance and often saves power so it is suggested whenever possible to fully pipeline this function.  If this DSP48 function was inferred, it is suggested to describe an additional register stage after this function.  If the DSP48 was instantiated in the design, it is suggested to set the PREG attribute to 1.
Related violations: <none>

DPOP-1#25 Warning
PREG Output pipelining  
DSP lesion_i/lesion_accel_0/inst/mul_34s_32s_64_2_1_U353/tmp_product output lesion_i/lesion_accel_0/inst/mul_34s_32s_64_2_1_U353/tmp_product/P[47:0] is not pipelined (PREG=0). Pipelining the DSP48 output will improve performance and often saves power so it is suggested whenever possible to fully pipeline this function.  If this DSP48 function was inferred, it is suggested to describe an additional register stage after this function.  If the DSP48 was instantiated in the design, it is suggested to set the PREG attribute to 1.
Related violations: <none>

DPOP-1#26 Warning
PREG Output pipelining  
DSP lesion_i/lesion_accel_0/inst/mul_34s_32s_64_2_1_U353/tmp_product__0 output lesion_i/lesion_accel_0/inst/mul_34s_32s_64_2_1_U353/tmp_product__0/P[47:0] is not pipelined (PREG=0). Pipelining the DSP48 output will improve performance and often saves power so it is suggested whenever possible to fully pipeline this function.  If this DSP48 function was inferred, it is suggested to describe an additional register stage after this function.  If the DSP48 was instantiated in the design, it is suggested to set the PREG attribute to 1.
Related violations: <none>

DPOP-1#27 Warning
PREG Output pipelining  
DSP lesion_i/lesion_accel_0/inst/mul_62ns_31ns_64_5_1_U354/tmp_product output lesion_i/lesion_accel_0/inst/mul_62ns_31ns_64_5_1_U354/tmp_product/P[47:0] is not pipelined (PREG=0). Pipelining the DSP48 output will improve performance and often saves power so it is suggested whenever possible to fully pipeline this function.  If this DSP48 function was inferred, it is suggested to describe an additional register stage after this function.  If the DSP48 was instantiated in the design, it is suggested to set the PREG attribute to 1.
Related violations: <none>

DPOP-1#28 Warning
PREG Output pipelining  
DSP lesion_i/lesion_accel_0/inst/mul_63s_32s_63_5_1_U355/tmp_product output lesion_i/lesion_accel_0/inst/mul_63s_32s_63_5_1_U355/tmp_product/P[47:0] is not pipelined (PREG=0). Pipelining the DSP48 output will improve performance and often saves power so it is suggested whenever possible to fully pipeline this function.  If this DSP48 function was inferred, it is suggested to describe an additional register stage after this function.  If the DSP48 was instantiated in the design, it is suggested to set the PREG attribute to 1.
Related violations: <none>

DPOP-1#29 Warning
PREG Output pipelining  
DSP lesion_i/lesion_accel_0/inst/mul_63s_32s_64_5_1_U356/tmp_product output lesion_i/lesion_accel_0/inst/mul_63s_32s_64_5_1_U356/tmp_product/P[47:0] is not pipelined (PREG=0). Pipelining the DSP48 output will improve performance and often saves power so it is suggested whenever possible to fully pipeline this function.  If this DSP48 function was inferred, it is suggested to describe an additional register stage after this function.  If the DSP48 was instantiated in the design, it is suggested to set the PREG attribute to 1.
Related violations: <none>

DPOP-2#1 Warning
MREG Output pipelining  
DSP lesion_i/lesion_accel_0/inst/grp_convolution_fu_955/grp_convolution_Pipeline_VITIS_LOOP_45_10_VITIS_LOOP_46_11_VITIS_LOOP_47_12_VITIS_LO_fu_746/mul_62ns_32s_64_5_1_U70/buff0_reg multiplier stage lesion_i/lesion_accel_0/inst/grp_convolution_fu_955/grp_convolution_Pipeline_VITIS_LOOP_45_10_VITIS_LOOP_46_11_VITIS_LOOP_47_12_VITIS_LO_fu_746/mul_62ns_32s_64_5_1_U70/buff0_reg/P[47:0] is not pipelined (MREG=0). Pipelining the multiplier function will improve performance and will save significant power so it is suggested whenever possible to fully pipeline this function.  If this multiplier was inferred, it is suggested to describe an additional register stage after this function.  If there is no registered adder/accumulator following the multiply function, two pipeline stages are suggested to allow both the MREG and PREG registers to be used.  If the DSP48 was instantiated in the design, it is suggested to set both the MREG and PREG attributes to 1 when performing multiply functions.
Related violations: <none>

DPOP-2#2 Warning
MREG Output pipelining  
DSP lesion_i/lesion_accel_0/inst/grp_convolution_fu_955/grp_convolution_Pipeline_VITIS_LOOP_45_10_VITIS_LOOP_46_11_VITIS_LOOP_47_12_VITIS_LO_fu_746/mul_62ns_32s_64_5_1_U70/buff0_reg__0 multiplier stage lesion_i/lesion_accel_0/inst/grp_convolution_fu_955/grp_convolution_Pipeline_VITIS_LOOP_45_10_VITIS_LOOP_46_11_VITIS_LOOP_47_12_VITIS_LO_fu_746/mul_62ns_32s_64_5_1_U70/buff0_reg__0/P[47:0] is not pipelined (MREG=0). Pipelining the multiplier function will improve performance and will save significant power so it is suggested whenever possible to fully pipeline this function.  If this multiplier was inferred, it is suggested to describe an additional register stage after this function.  If there is no registered adder/accumulator following the multiply function, two pipeline stages are suggested to allow both the MREG and PREG registers to be used.  If the DSP48 was instantiated in the design, it is suggested to set both the MREG and PREG attributes to 1 when performing multiply functions.
Related violations: <none>

DPOP-2#3 Warning
MREG Output pipelining  
DSP lesion_i/lesion_accel_0/inst/grp_convolution_fu_955/grp_convolution_Pipeline_VITIS_LOOP_53_14_VITIS_LOOP_54_15_VITIS_LOOP_55_16_fu_829/mac_muladd_8s_8s_16s_17_4_1_U183/lesion_accel_mac_muladd_8s_8s_16s_17_4_1_DSP48_0_U/m_reg_reg multiplier stage lesion_i/lesion_accel_0/inst/grp_convolution_fu_955/grp_convolution_Pipeline_VITIS_LOOP_53_14_VITIS_LOOP_54_15_VITIS_LOOP_55_16_fu_829/mac_muladd_8s_8s_16s_17_4_1_U183/lesion_accel_mac_muladd_8s_8s_16s_17_4_1_DSP48_0_U/m_reg_reg/P[47:0] is not pipelined (MREG=0). Pipelining the multiplier function will improve performance and will save significant power so it is suggested whenever possible to fully pipeline this function.  If this multiplier was inferred, it is suggested to describe an additional register stage after this function.  If there is no registered adder/accumulator following the multiply function, two pipeline stages are suggested to allow both the MREG and PREG registers to be used.  If the DSP48 was instantiated in the design, it is suggested to set both the MREG and PREG attributes to 1 when performing multiply functions.
Related violations: <none>

DPOP-2#4 Warning
MREG Output pipelining  
DSP lesion_i/lesion_accel_0/inst/grp_convolution_fu_955/grp_convolution_Pipeline_VITIS_LOOP_53_14_VITIS_LOOP_54_15_VITIS_LOOP_55_16_fu_829/mac_muladd_8s_8s_16s_17_4_1_U185/lesion_accel_mac_muladd_8s_8s_16s_17_4_1_DSP48_0_U/m_reg_reg multiplier stage lesion_i/lesion_accel_0/inst/grp_convolution_fu_955/grp_convolution_Pipeline_VITIS_LOOP_53_14_VITIS_LOOP_54_15_VITIS_LOOP_55_16_fu_829/mac_muladd_8s_8s_16s_17_4_1_U185/lesion_accel_mac_muladd_8s_8s_16s_17_4_1_DSP48_0_U/m_reg_reg/P[47:0] is not pipelined (MREG=0). Pipelining the multiplier function will improve performance and will save significant power so it is suggested whenever possible to fully pipeline this function.  If this multiplier was inferred, it is suggested to describe an additional register stage after this function.  If there is no registered adder/accumulator following the multiply function, two pipeline stages are suggested to allow both the MREG and PREG registers to be used.  If the DSP48 was instantiated in the design, it is suggested to set both the MREG and PREG attributes to 1 when performing multiply functions.
Related violations: <none>

DPOP-2#5 Warning
MREG Output pipelining  
DSP lesion_i/lesion_accel_0/inst/grp_convolution_fu_955/grp_convolution_Pipeline_VITIS_LOOP_53_14_VITIS_LOOP_54_15_VITIS_LOOP_55_16_fu_829/mac_muladd_8s_8s_16s_17_4_1_U187/lesion_accel_mac_muladd_8s_8s_16s_17_4_1_DSP48_0_U/m_reg_reg multiplier stage lesion_i/lesion_accel_0/inst/grp_convolution_fu_955/grp_convolution_Pipeline_VITIS_LOOP_53_14_VITIS_LOOP_54_15_VITIS_LOOP_55_16_fu_829/mac_muladd_8s_8s_16s_17_4_1_U187/lesion_accel_mac_muladd_8s_8s_16s_17_4_1_DSP48_0_U/m_reg_reg/P[47:0] is not pipelined (MREG=0). Pipelining the multiplier function will improve performance and will save significant power so it is suggested whenever possible to fully pipeline this function.  If this multiplier was inferred, it is suggested to describe an additional register stage after this function.  If there is no registered adder/accumulator following the multiply function, two pipeline stages are suggested to allow both the MREG and PREG registers to be used.  If the DSP48 was instantiated in the design, it is suggested to set both the MREG and PREG attributes to 1 when performing multiply functions.
Related violations: <none>

DPOP-2#6 Warning
MREG Output pipelining  
DSP lesion_i/lesion_accel_0/inst/grp_convolution_fu_955/grp_convolution_Pipeline_VITIS_LOOP_53_14_VITIS_LOOP_54_15_VITIS_LOOP_55_16_fu_829/mac_muladd_8s_8s_16s_17_4_1_U189/lesion_accel_mac_muladd_8s_8s_16s_17_4_1_DSP48_0_U/m_reg_reg multiplier stage lesion_i/lesion_accel_0/inst/grp_convolution_fu_955/grp_convolution_Pipeline_VITIS_LOOP_53_14_VITIS_LOOP_54_15_VITIS_LOOP_55_16_fu_829/mac_muladd_8s_8s_16s_17_4_1_U189/lesion_accel_mac_muladd_8s_8s_16s_17_4_1_DSP48_0_U/m_reg_reg/P[47:0] is not pipelined (MREG=0). Pipelining the multiplier function will improve performance and will save significant power so it is suggested whenever possible to fully pipeline this function.  If this multiplier was inferred, it is suggested to describe an additional register stage after this function.  If there is no registered adder/accumulator following the multiply function, two pipeline stages are suggested to allow both the MREG and PREG registers to be used.  If the DSP48 was instantiated in the design, it is suggested to set both the MREG and PREG attributes to 1 when performing multiply functions.
Related violations: <none>

DPOP-2#7 Warning
MREG Output pipelining  
DSP lesion_i/lesion_accel_0/inst/grp_convolution_fu_955/grp_convolution_Pipeline_VITIS_LOOP_53_14_VITIS_LOOP_54_15_VITIS_LOOP_55_16_fu_829/mac_muladd_8s_8s_16s_17_4_1_U191/lesion_accel_mac_muladd_8s_8s_16s_17_4_1_DSP48_0_U/m_reg_reg multiplier stage lesion_i/lesion_accel_0/inst/grp_convolution_fu_955/grp_convolution_Pipeline_VITIS_LOOP_53_14_VITIS_LOOP_54_15_VITIS_LOOP_55_16_fu_829/mac_muladd_8s_8s_16s_17_4_1_U191/lesion_accel_mac_muladd_8s_8s_16s_17_4_1_DSP48_0_U/m_reg_reg/P[47:0] is not pipelined (MREG=0). Pipelining the multiplier function will improve performance and will save significant power so it is suggested whenever possible to fully pipeline this function.  If this multiplier was inferred, it is suggested to describe an additional register stage after this function.  If there is no registered adder/accumulator following the multiply function, two pipeline stages are suggested to allow both the MREG and PREG registers to be used.  If the DSP48 was instantiated in the design, it is suggested to set both the MREG and PREG attributes to 1 when performing multiply functions.
Related violations: <none>

DPOP-2#8 Warning
MREG Output pipelining  
DSP lesion_i/lesion_accel_0/inst/grp_convolution_fu_955/grp_convolution_Pipeline_VITIS_LOOP_53_14_VITIS_LOOP_54_15_VITIS_LOOP_55_16_fu_829/mac_muladd_8s_8s_16s_17_4_1_U193/lesion_accel_mac_muladd_8s_8s_16s_17_4_1_DSP48_0_U/m_reg_reg multiplier stage lesion_i/lesion_accel_0/inst/grp_convolution_fu_955/grp_convolution_Pipeline_VITIS_LOOP_53_14_VITIS_LOOP_54_15_VITIS_LOOP_55_16_fu_829/mac_muladd_8s_8s_16s_17_4_1_U193/lesion_accel_mac_muladd_8s_8s_16s_17_4_1_DSP48_0_U/m_reg_reg/P[47:0] is not pipelined (MREG=0). Pipelining the multiplier function will improve performance and will save significant power so it is suggested whenever possible to fully pipeline this function.  If this multiplier was inferred, it is suggested to describe an additional register stage after this function.  If there is no registered adder/accumulator following the multiply function, two pipeline stages are suggested to allow both the MREG and PREG registers to be used.  If the DSP48 was instantiated in the design, it is suggested to set both the MREG and PREG attributes to 1 when performing multiply functions.
Related violations: <none>

DPOP-2#9 Warning
MREG Output pipelining  
DSP lesion_i/lesion_accel_0/inst/grp_convolution_fu_955/grp_convolution_Pipeline_VITIS_LOOP_53_14_VITIS_LOOP_54_15_VITIS_LOOP_55_16_fu_829/mac_muladd_8s_8s_16s_17_4_1_U195/lesion_accel_mac_muladd_8s_8s_16s_17_4_1_DSP48_0_U/m_reg_reg multiplier stage lesion_i/lesion_accel_0/inst/grp_convolution_fu_955/grp_convolution_Pipeline_VITIS_LOOP_53_14_VITIS_LOOP_54_15_VITIS_LOOP_55_16_fu_829/mac_muladd_8s_8s_16s_17_4_1_U195/lesion_accel_mac_muladd_8s_8s_16s_17_4_1_DSP48_0_U/m_reg_reg/P[47:0] is not pipelined (MREG=0). Pipelining the multiplier function will improve performance and will save significant power so it is suggested whenever possible to fully pipeline this function.  If this multiplier was inferred, it is suggested to describe an additional register stage after this function.  If there is no registered adder/accumulator following the multiply function, two pipeline stages are suggested to allow both the MREG and PREG registers to be used.  If the DSP48 was instantiated in the design, it is suggested to set both the MREG and PREG attributes to 1 when performing multiply functions.
Related violations: <none>

DPOP-2#10 Warning
MREG Output pipelining  
DSP lesion_i/lesion_accel_0/inst/grp_convolution_fu_955/grp_convolution_Pipeline_VITIS_LOOP_53_14_VITIS_LOOP_54_15_VITIS_LOOP_55_16_fu_829/mac_muladd_8s_8s_16s_17_4_1_U197/lesion_accel_mac_muladd_8s_8s_16s_17_4_1_DSP48_0_U/m_reg_reg multiplier stage lesion_i/lesion_accel_0/inst/grp_convolution_fu_955/grp_convolution_Pipeline_VITIS_LOOP_53_14_VITIS_LOOP_54_15_VITIS_LOOP_55_16_fu_829/mac_muladd_8s_8s_16s_17_4_1_U197/lesion_accel_mac_muladd_8s_8s_16s_17_4_1_DSP48_0_U/m_reg_reg/P[47:0] is not pipelined (MREG=0). Pipelining the multiplier function will improve performance and will save significant power so it is suggested whenever possible to fully pipeline this function.  If this multiplier was inferred, it is suggested to describe an additional register stage after this function.  If there is no registered adder/accumulator following the multiply function, two pipeline stages are suggested to allow both the MREG and PREG registers to be used.  If the DSP48 was instantiated in the design, it is suggested to set both the MREG and PREG attributes to 1 when performing multiply functions.
Related violations: <none>

DPOP-2#11 Warning
MREG Output pipelining  
DSP lesion_i/lesion_accel_0/inst/grp_convolution_fu_955/grp_convolution_Pipeline_VITIS_LOOP_53_14_VITIS_LOOP_54_15_VITIS_LOOP_55_16_fu_829/mac_muladd_8s_8s_16s_17_4_1_U200/lesion_accel_mac_muladd_8s_8s_16s_17_4_1_DSP48_0_U/m_reg_reg multiplier stage lesion_i/lesion_accel_0/inst/grp_convolution_fu_955/grp_convolution_Pipeline_VITIS_LOOP_53_14_VITIS_LOOP_54_15_VITIS_LOOP_55_16_fu_829/mac_muladd_8s_8s_16s_17_4_1_U200/lesion_accel_mac_muladd_8s_8s_16s_17_4_1_DSP48_0_U/m_reg_reg/P[47:0] is not pipelined (MREG=0). Pipelining the multiplier function will improve performance and will save significant power so it is suggested whenever possible to fully pipeline this function.  If this multiplier was inferred, it is suggested to describe an additional register stage after this function.  If there is no registered adder/accumulator following the multiply function, two pipeline stages are suggested to allow both the MREG and PREG registers to be used.  If the DSP48 was instantiated in the design, it is suggested to set both the MREG and PREG attributes to 1 when performing multiply functions.
Related violations: <none>

DPOP-2#12 Warning
MREG Output pipelining  
DSP lesion_i/lesion_accel_0/inst/grp_convolution_fu_955/grp_convolution_Pipeline_VITIS_LOOP_53_14_VITIS_LOOP_54_15_VITIS_LOOP_55_16_fu_829/mac_muladd_8s_8s_16s_17_4_1_U202/lesion_accel_mac_muladd_8s_8s_16s_17_4_1_DSP48_0_U/m_reg_reg multiplier stage lesion_i/lesion_accel_0/inst/grp_convolution_fu_955/grp_convolution_Pipeline_VITIS_LOOP_53_14_VITIS_LOOP_54_15_VITIS_LOOP_55_16_fu_829/mac_muladd_8s_8s_16s_17_4_1_U202/lesion_accel_mac_muladd_8s_8s_16s_17_4_1_DSP48_0_U/m_reg_reg/P[47:0] is not pipelined (MREG=0). Pipelining the multiplier function will improve performance and will save significant power so it is suggested whenever possible to fully pipeline this function.  If this multiplier was inferred, it is suggested to describe an additional register stage after this function.  If there is no registered adder/accumulator following the multiply function, two pipeline stages are suggested to allow both the MREG and PREG registers to be used.  If the DSP48 was instantiated in the design, it is suggested to set both the MREG and PREG attributes to 1 when performing multiply functions.
Related violations: <none>

DPOP-2#13 Warning
MREG Output pipelining  
DSP lesion_i/lesion_accel_0/inst/grp_convolution_fu_955/grp_convolution_Pipeline_VITIS_LOOP_53_14_VITIS_LOOP_54_15_VITIS_LOOP_55_16_fu_829/mac_muladd_8s_8s_16s_17_4_1_U204/lesion_accel_mac_muladd_8s_8s_16s_17_4_1_DSP48_0_U/m_reg_reg multiplier stage lesion_i/lesion_accel_0/inst/grp_convolution_fu_955/grp_convolution_Pipeline_VITIS_LOOP_53_14_VITIS_LOOP_54_15_VITIS_LOOP_55_16_fu_829/mac_muladd_8s_8s_16s_17_4_1_U204/lesion_accel_mac_muladd_8s_8s_16s_17_4_1_DSP48_0_U/m_reg_reg/P[47:0] is not pipelined (MREG=0). Pipelining the multiplier function will improve performance and will save significant power so it is suggested whenever possible to fully pipeline this function.  If this multiplier was inferred, it is suggested to describe an additional register stage after this function.  If there is no registered adder/accumulator following the multiply function, two pipeline stages are suggested to allow both the MREG and PREG registers to be used.  If the DSP48 was instantiated in the design, it is suggested to set both the MREG and PREG attributes to 1 when performing multiply functions.
Related violations: <none>

DPOP-2#14 Warning
MREG Output pipelining  
DSP lesion_i/lesion_accel_0/inst/grp_convolution_fu_955/grp_convolution_Pipeline_VITIS_LOOP_53_14_VITIS_LOOP_54_15_VITIS_LOOP_55_16_fu_829/mac_muladd_8s_8s_16s_17_4_1_U206/lesion_accel_mac_muladd_8s_8s_16s_17_4_1_DSP48_0_U/m_reg_reg multiplier stage lesion_i/lesion_accel_0/inst/grp_convolution_fu_955/grp_convolution_Pipeline_VITIS_LOOP_53_14_VITIS_LOOP_54_15_VITIS_LOOP_55_16_fu_829/mac_muladd_8s_8s_16s_17_4_1_U206/lesion_accel_mac_muladd_8s_8s_16s_17_4_1_DSP48_0_U/m_reg_reg/P[47:0] is not pipelined (MREG=0). Pipelining the multiplier function will improve performance and will save significant power so it is suggested whenever possible to fully pipeline this function.  If this multiplier was inferred, it is suggested to describe an additional register stage after this function.  If there is no registered adder/accumulator following the multiply function, two pipeline stages are suggested to allow both the MREG and PREG registers to be used.  If the DSP48 was instantiated in the design, it is suggested to set both the MREG and PREG attributes to 1 when performing multiply functions.
Related violations: <none>

DPOP-2#15 Warning
MREG Output pipelining  
DSP lesion_i/lesion_accel_0/inst/grp_convolution_fu_955/grp_convolution_Pipeline_VITIS_LOOP_53_14_VITIS_LOOP_54_15_VITIS_LOOP_55_16_fu_829/mac_muladd_8s_8s_16s_17_4_1_U208/lesion_accel_mac_muladd_8s_8s_16s_17_4_1_DSP48_0_U/m_reg_reg multiplier stage lesion_i/lesion_accel_0/inst/grp_convolution_fu_955/grp_convolution_Pipeline_VITIS_LOOP_53_14_VITIS_LOOP_54_15_VITIS_LOOP_55_16_fu_829/mac_muladd_8s_8s_16s_17_4_1_U208/lesion_accel_mac_muladd_8s_8s_16s_17_4_1_DSP48_0_U/m_reg_reg/P[47:0] is not pipelined (MREG=0). Pipelining the multiplier function will improve performance and will save significant power so it is suggested whenever possible to fully pipeline this function.  If this multiplier was inferred, it is suggested to describe an additional register stage after this function.  If there is no registered adder/accumulator following the multiply function, two pipeline stages are suggested to allow both the MREG and PREG registers to be used.  If the DSP48 was instantiated in the design, it is suggested to set both the MREG and PREG attributes to 1 when performing multiply functions.
Related violations: <none>

DPOP-2#16 Warning
MREG Output pipelining  
DSP lesion_i/lesion_accel_0/inst/grp_convolution_fu_955/grp_convolution_Pipeline_VITIS_LOOP_53_14_VITIS_LOOP_54_15_VITIS_LOOP_55_16_fu_829/mac_muladd_8s_8s_16s_17_4_1_U210/lesion_accel_mac_muladd_8s_8s_16s_17_4_1_DSP48_0_U/m_reg_reg multiplier stage lesion_i/lesion_accel_0/inst/grp_convolution_fu_955/grp_convolution_Pipeline_VITIS_LOOP_53_14_VITIS_LOOP_54_15_VITIS_LOOP_55_16_fu_829/mac_muladd_8s_8s_16s_17_4_1_U210/lesion_accel_mac_muladd_8s_8s_16s_17_4_1_DSP48_0_U/m_reg_reg/P[47:0] is not pipelined (MREG=0). Pipelining the multiplier function will improve performance and will save significant power so it is suggested whenever possible to fully pipeline this function.  If this multiplier was inferred, it is suggested to describe an additional register stage after this function.  If there is no registered adder/accumulator following the multiply function, two pipeline stages are suggested to allow both the MREG and PREG registers to be used.  If the DSP48 was instantiated in the design, it is suggested to set both the MREG and PREG attributes to 1 when performing multiply functions.
Related violations: <none>

DPOP-2#17 Warning
MREG Output pipelining  
DSP lesion_i/lesion_accel_0/inst/grp_convolution_fu_955/grp_convolution_Pipeline_VITIS_LOOP_53_14_VITIS_LOOP_54_15_VITIS_LOOP_55_16_fu_829/mac_muladd_8s_8s_16s_17_4_1_U212/lesion_accel_mac_muladd_8s_8s_16s_17_4_1_DSP48_0_U/m_reg_reg multiplier stage lesion_i/lesion_accel_0/inst/grp_convolution_fu_955/grp_convolution_Pipeline_VITIS_LOOP_53_14_VITIS_LOOP_54_15_VITIS_LOOP_55_16_fu_829/mac_muladd_8s_8s_16s_17_4_1_U212/lesion_accel_mac_muladd_8s_8s_16s_17_4_1_DSP48_0_U/m_reg_reg/P[47:0] is not pipelined (MREG=0). Pipelining the multiplier function will improve performance and will save significant power so it is suggested whenever possible to fully pipeline this function.  If this multiplier was inferred, it is suggested to describe an additional register stage after this function.  If there is no registered adder/accumulator following the multiply function, two pipeline stages are suggested to allow both the MREG and PREG registers to be used.  If the DSP48 was instantiated in the design, it is suggested to set both the MREG and PREG attributes to 1 when performing multiply functions.
Related violations: <none>

DPOP-2#18 Warning
MREG Output pipelining  
DSP lesion_i/lesion_accel_0/inst/grp_convolution_fu_955/grp_convolution_Pipeline_VITIS_LOOP_53_14_VITIS_LOOP_54_15_VITIS_LOOP_55_16_fu_829/mac_muladd_8s_8s_16s_17_4_1_U214/lesion_accel_mac_muladd_8s_8s_16s_17_4_1_DSP48_0_U/m_reg_reg multiplier stage lesion_i/lesion_accel_0/inst/grp_convolution_fu_955/grp_convolution_Pipeline_VITIS_LOOP_53_14_VITIS_LOOP_54_15_VITIS_LOOP_55_16_fu_829/mac_muladd_8s_8s_16s_17_4_1_U214/lesion_accel_mac_muladd_8s_8s_16s_17_4_1_DSP48_0_U/m_reg_reg/P[47:0] is not pipelined (MREG=0). Pipelining the multiplier function will improve performance and will save significant power so it is suggested whenever possible to fully pipeline this function.  If this multiplier was inferred, it is suggested to describe an additional register stage after this function.  If there is no registered adder/accumulator following the multiply function, two pipeline stages are suggested to allow both the MREG and PREG registers to be used.  If the DSP48 was instantiated in the design, it is suggested to set both the MREG and PREG attributes to 1 when performing multiply functions.
Related violations: <none>

DPOP-2#19 Warning
MREG Output pipelining  
DSP lesion_i/lesion_accel_0/inst/grp_convolution_fu_955/grp_convolution_Pipeline_VITIS_LOOP_69_19_VITIS_LOOP_70_20_VITIS_LOOP_71_21_fu_720/mul_32s_32s_32_2_1_U302/buff0_reg multiplier stage lesion_i/lesion_accel_0/inst/grp_convolution_fu_955/grp_convolution_Pipeline_VITIS_LOOP_69_19_VITIS_LOOP_70_20_VITIS_LOOP_71_21_fu_720/mul_32s_32s_32_2_1_U302/buff0_reg/P[47:0] is not pipelined (MREG=0). Pipelining the multiplier function will improve performance and will save significant power so it is suggested whenever possible to fully pipeline this function.  If this multiplier was inferred, it is suggested to describe an additional register stage after this function.  If there is no registered adder/accumulator following the multiply function, two pipeline stages are suggested to allow both the MREG and PREG registers to be used.  If the DSP48 was instantiated in the design, it is suggested to set both the MREG and PREG attributes to 1 when performing multiply functions.
Related violations: <none>

DPOP-2#20 Warning
MREG Output pipelining  
DSP lesion_i/lesion_accel_0/inst/grp_convolution_fu_955/grp_convolution_Pipeline_VITIS_LOOP_69_19_VITIS_LOOP_70_20_VITIS_LOOP_71_21_fu_720/mul_32s_32s_32_2_1_U302/tmp_product multiplier stage lesion_i/lesion_accel_0/inst/grp_convolution_fu_955/grp_convolution_Pipeline_VITIS_LOOP_69_19_VITIS_LOOP_70_20_VITIS_LOOP_71_21_fu_720/mul_32s_32s_32_2_1_U302/tmp_product/P[47:0] is not pipelined (MREG=0). Pipelining the multiplier function will improve performance and will save significant power so it is suggested whenever possible to fully pipeline this function.  If this multiplier was inferred, it is suggested to describe an additional register stage after this function.  If there is no registered adder/accumulator following the multiply function, two pipeline stages are suggested to allow both the MREG and PREG registers to be used.  If the DSP48 was instantiated in the design, it is suggested to set both the MREG and PREG attributes to 1 when performing multiply functions.
Related violations: <none>

DPOP-2#21 Warning
MREG Output pipelining  
DSP lesion_i/lesion_accel_0/inst/grp_convolution_fu_955/grp_convolution_Pipeline_VITIS_LOOP_69_19_VITIS_LOOP_70_20_VITIS_LOOP_71_21_fu_720/mul_32s_32s_32_2_1_U302/tmp_product__0 multiplier stage lesion_i/lesion_accel_0/inst/grp_convolution_fu_955/grp_convolution_Pipeline_VITIS_LOOP_69_19_VITIS_LOOP_70_20_VITIS_LOOP_71_21_fu_720/mul_32s_32s_32_2_1_U302/tmp_product__0/P[47:0] is not pipelined (MREG=0). Pipelining the multiplier function will improve performance and will save significant power so it is suggested whenever possible to fully pipeline this function.  If this multiplier was inferred, it is suggested to describe an additional register stage after this function.  If there is no registered adder/accumulator following the multiply function, two pipeline stages are suggested to allow both the MREG and PREG registers to be used.  If the DSP48 was instantiated in the design, it is suggested to set both the MREG and PREG attributes to 1 when performing multiply functions.
Related violations: <none>

DPOP-2#22 Warning
MREG Output pipelining  
DSP lesion_i/lesion_accel_0/inst/grp_convolution_fu_955/mul_31ns_32ns_63_2_1_U328/buff0_reg multiplier stage lesion_i/lesion_accel_0/inst/grp_convolution_fu_955/mul_31ns_32ns_63_2_1_U328/buff0_reg/P[47:0] is not pipelined (MREG=0). Pipelining the multiplier function will improve performance and will save significant power so it is suggested whenever possible to fully pipeline this function.  If this multiplier was inferred, it is suggested to describe an additional register stage after this function.  If there is no registered adder/accumulator following the multiply function, two pipeline stages are suggested to allow both the MREG and PREG registers to be used.  If the DSP48 was instantiated in the design, it is suggested to set both the MREG and PREG attributes to 1 when performing multiply functions.
Related violations: <none>

DPOP-2#23 Warning
MREG Output pipelining  
DSP lesion_i/lesion_accel_0/inst/grp_convolution_fu_955/mul_31ns_32ns_63_2_1_U328/buff0_reg__0 multiplier stage lesion_i/lesion_accel_0/inst/grp_convolution_fu_955/mul_31ns_32ns_63_2_1_U328/buff0_reg__0/P[47:0] is not pipelined (MREG=0). Pipelining the multiplier function will improve performance and will save significant power so it is suggested whenever possible to fully pipeline this function.  If this multiplier was inferred, it is suggested to describe an additional register stage after this function.  If there is no registered adder/accumulator following the multiply function, two pipeline stages are suggested to allow both the MREG and PREG registers to be used.  If the DSP48 was instantiated in the design, it is suggested to set both the MREG and PREG attributes to 1 when performing multiply functions.
Related violations: <none>

DPOP-2#24 Warning
MREG Output pipelining  
DSP lesion_i/lesion_accel_0/inst/grp_convolution_fu_955/mul_31ns_32ns_63_2_1_U328/tmp_product multiplier stage lesion_i/lesion_accel_0/inst/grp_convolution_fu_955/mul_31ns_32ns_63_2_1_U328/tmp_product/P[47:0] is not pipelined (MREG=0). Pipelining the multiplier function will improve performance and will save significant power so it is suggested whenever possible to fully pipeline this function.  If this multiplier was inferred, it is suggested to describe an additional register stage after this function.  If there is no registered adder/accumulator following the multiply function, two pipeline stages are suggested to allow both the MREG and PREG registers to be used.  If the DSP48 was instantiated in the design, it is suggested to set both the MREG and PREG attributes to 1 when performing multiply functions.
Related violations: <none>

DPOP-2#25 Warning
MREG Output pipelining  
DSP lesion_i/lesion_accel_0/inst/grp_convolution_fu_955/mul_31ns_32ns_63_2_1_U328/tmp_product__0 multiplier stage lesion_i/lesion_accel_0/inst/grp_convolution_fu_955/mul_31ns_32ns_63_2_1_U328/tmp_product__0/P[47:0] is not pipelined (MREG=0). Pipelining the multiplier function will improve performance and will save significant power so it is suggested whenever possible to fully pipeline this function.  If this multiplier was inferred, it is suggested to describe an additional register stage after this function.  If there is no registered adder/accumulator following the multiply function, two pipeline stages are suggested to allow both the MREG and PREG registers to be used.  If the DSP48 was instantiated in the design, it is suggested to set both the MREG and PREG attributes to 1 when performing multiply functions.
Related violations: <none>

DPOP-2#26 Warning
MREG Output pipelining  
DSP lesion_i/lesion_accel_0/inst/grp_convolution_fu_955/mul_31ns_38ns_69_2_1_U329/buff0_reg multiplier stage lesion_i/lesion_accel_0/inst/grp_convolution_fu_955/mul_31ns_38ns_69_2_1_U329/buff0_reg/P[47:0] is not pipelined (MREG=0). Pipelining the multiplier function will improve performance and will save significant power so it is suggested whenever possible to fully pipeline this function.  If this multiplier was inferred, it is suggested to describe an additional register stage after this function.  If there is no registered adder/accumulator following the multiply function, two pipeline stages are suggested to allow both the MREG and PREG registers to be used.  If the DSP48 was instantiated in the design, it is suggested to set both the MREG and PREG attributes to 1 when performing multiply functions.
Related violations: <none>

DPOP-2#27 Warning
MREG Output pipelining  
DSP lesion_i/lesion_accel_0/inst/grp_convolution_fu_955/mul_31ns_38ns_69_2_1_U329/buff0_reg__0 multiplier stage lesion_i/lesion_accel_0/inst/grp_convolution_fu_955/mul_31ns_38ns_69_2_1_U329/buff0_reg__0/P[47:0] is not pipelined (MREG=0). Pipelining the multiplier function will improve performance and will save significant power so it is suggested whenever possible to fully pipeline this function.  If this multiplier was inferred, it is suggested to describe an additional register stage after this function.  If there is no registered adder/accumulator following the multiply function, two pipeline stages are suggested to allow both the MREG and PREG registers to be used.  If the DSP48 was instantiated in the design, it is suggested to set both the MREG and PREG attributes to 1 when performing multiply functions.
Related violations: <none>

DPOP-2#28 Warning
MREG Output pipelining  
DSP lesion_i/lesion_accel_0/inst/grp_convolution_fu_955/mul_31ns_38ns_69_2_1_U329/tmp_product multiplier stage lesion_i/lesion_accel_0/inst/grp_convolution_fu_955/mul_31ns_38ns_69_2_1_U329/tmp_product/P[47:0] is not pipelined (MREG=0). Pipelining the multiplier function will improve performance and will save significant power so it is suggested whenever possible to fully pipeline this function.  If this multiplier was inferred, it is suggested to describe an additional register stage after this function.  If there is no registered adder/accumulator following the multiply function, two pipeline stages are suggested to allow both the MREG and PREG registers to be used.  If the DSP48 was instantiated in the design, it is suggested to set both the MREG and PREG attributes to 1 when performing multiply functions.
Related violations: <none>

DPOP-2#29 Warning
MREG Output pipelining  
DSP lesion_i/lesion_accel_0/inst/grp_convolution_fu_955/mul_31ns_38ns_69_2_1_U329/tmp_product__0 multiplier stage lesion_i/lesion_accel_0/inst/grp_convolution_fu_955/mul_31ns_38ns_69_2_1_U329/tmp_product__0/P[47:0] is not pipelined (MREG=0). Pipelining the multiplier function will improve performance and will save significant power so it is suggested whenever possible to fully pipeline this function.  If this multiplier was inferred, it is suggested to describe an additional register stage after this function.  If there is no registered adder/accumulator following the multiply function, two pipeline stages are suggested to allow both the MREG and PREG registers to be used.  If the DSP48 was instantiated in the design, it is suggested to set both the MREG and PREG attributes to 1 when performing multiply functions.
Related violations: <none>

DPOP-2#30 Warning
MREG Output pipelining  
DSP lesion_i/lesion_accel_0/inst/grp_convolution_fu_955/mul_64s_32s_64_5_1_U331/buff0_reg__1 multiplier stage lesion_i/lesion_accel_0/inst/grp_convolution_fu_955/mul_64s_32s_64_5_1_U331/buff0_reg__1/P[47:0] is not pipelined (MREG=0). Pipelining the multiplier function will improve performance and will save significant power so it is suggested whenever possible to fully pipeline this function.  If this multiplier was inferred, it is suggested to describe an additional register stage after this function.  If there is no registered adder/accumulator following the multiply function, two pipeline stages are suggested to allow both the MREG and PREG registers to be used.  If the DSP48 was instantiated in the design, it is suggested to set both the MREG and PREG attributes to 1 when performing multiply functions.
Related violations: <none>

DPOP-2#31 Warning
MREG Output pipelining  
DSP lesion_i/lesion_accel_0/inst/grp_rq_fu_966/mul_32s_32s_64_2_0_U14/buff0_reg multiplier stage lesion_i/lesion_accel_0/inst/grp_rq_fu_966/mul_32s_32s_64_2_0_U14/buff0_reg/P[47:0] is not pipelined (MREG=0). Pipelining the multiplier function will improve performance and will save significant power so it is suggested whenever possible to fully pipeline this function.  If this multiplier was inferred, it is suggested to describe an additional register stage after this function.  If there is no registered adder/accumulator following the multiply function, two pipeline stages are suggested to allow both the MREG and PREG registers to be used.  If the DSP48 was instantiated in the design, it is suggested to set both the MREG and PREG attributes to 1 when performing multiply functions.
Related violations: <none>

DPOP-2#32 Warning
MREG Output pipelining  
DSP lesion_i/lesion_accel_0/inst/grp_rq_fu_966/mul_32s_32s_64_2_0_U14/buff0_reg__0 multiplier stage lesion_i/lesion_accel_0/inst/grp_rq_fu_966/mul_32s_32s_64_2_0_U14/buff0_reg__0/P[47:0] is not pipelined (MREG=0). Pipelining the multiplier function will improve performance and will save significant power so it is suggested whenever possible to fully pipeline this function.  If this multiplier was inferred, it is suggested to describe an additional register stage after this function.  If there is no registered adder/accumulator following the multiply function, two pipeline stages are suggested to allow both the MREG and PREG registers to be used.  If the DSP48 was instantiated in the design, it is suggested to set both the MREG and PREG attributes to 1 when performing multiply functions.
Related violations: <none>

DPOP-2#33 Warning
MREG Output pipelining  
DSP lesion_i/lesion_accel_0/inst/grp_rq_fu_966/mul_32s_32s_64_2_0_U14/tmp_product multiplier stage lesion_i/lesion_accel_0/inst/grp_rq_fu_966/mul_32s_32s_64_2_0_U14/tmp_product/P[47:0] is not pipelined (MREG=0). Pipelining the multiplier function will improve performance and will save significant power so it is suggested whenever possible to fully pipeline this function.  If this multiplier was inferred, it is suggested to describe an additional register stage after this function.  If there is no registered adder/accumulator following the multiply function, two pipeline stages are suggested to allow both the MREG and PREG registers to be used.  If the DSP48 was instantiated in the design, it is suggested to set both the MREG and PREG attributes to 1 when performing multiply functions.
Related violations: <none>

DPOP-2#34 Warning
MREG Output pipelining  
DSP lesion_i/lesion_accel_0/inst/grp_rq_fu_966/mul_32s_32s_64_2_0_U14/tmp_product__0 multiplier stage lesion_i/lesion_accel_0/inst/grp_rq_fu_966/mul_32s_32s_64_2_0_U14/tmp_product__0/P[47:0] is not pipelined (MREG=0). Pipelining the multiplier function will improve performance and will save significant power so it is suggested whenever possible to fully pipeline this function.  If this multiplier was inferred, it is suggested to describe an additional register stage after this function.  If there is no registered adder/accumulator following the multiply function, two pipeline stages are suggested to allow both the MREG and PREG registers to be used.  If the DSP48 was instantiated in the design, it is suggested to set both the MREG and PREG attributes to 1 when performing multiply functions.
Related violations: <none>

DPOP-2#35 Warning
MREG Output pipelining  
DSP lesion_i/lesion_accel_0/inst/mul_31ns_31ns_62_2_1_U344/buff0_reg multiplier stage lesion_i/lesion_accel_0/inst/mul_31ns_31ns_62_2_1_U344/buff0_reg/P[47:0] is not pipelined (MREG=0). Pipelining the multiplier function will improve performance and will save significant power so it is suggested whenever possible to fully pipeline this function.  If this multiplier was inferred, it is suggested to describe an additional register stage after this function.  If there is no registered adder/accumulator following the multiply function, two pipeline stages are suggested to allow both the MREG and PREG registers to be used.  If the DSP48 was instantiated in the design, it is suggested to set both the MREG and PREG attributes to 1 when performing multiply functions.
Related violations: <none>

DPOP-2#36 Warning
MREG Output pipelining  
DSP lesion_i/lesion_accel_0/inst/mul_31ns_31ns_62_2_1_U344/buff0_reg__0 multiplier stage lesion_i/lesion_accel_0/inst/mul_31ns_31ns_62_2_1_U344/buff0_reg__0/P[47:0] is not pipelined (MREG=0). Pipelining the multiplier function will improve performance and will save significant power so it is suggested whenever possible to fully pipeline this function.  If this multiplier was inferred, it is suggested to describe an additional register stage after this function.  If there is no registered adder/accumulator following the multiply function, two pipeline stages are suggested to allow both the MREG and PREG registers to be used.  If the DSP48 was instantiated in the design, it is suggested to set both the MREG and PREG attributes to 1 when performing multiply functions.
Related violations: <none>

DPOP-2#37 Warning
MREG Output pipelining  
DSP lesion_i/lesion_accel_0/inst/mul_31ns_31ns_62_2_1_U344/tmp_product multiplier stage lesion_i/lesion_accel_0/inst/mul_31ns_31ns_62_2_1_U344/tmp_product/P[47:0] is not pipelined (MREG=0). Pipelining the multiplier function will improve performance and will save significant power so it is suggested whenever possible to fully pipeline this function.  If this multiplier was inferred, it is suggested to describe an additional register stage after this function.  If there is no registered adder/accumulator following the multiply function, two pipeline stages are suggested to allow both the MREG and PREG registers to be used.  If the DSP48 was instantiated in the design, it is suggested to set both the MREG and PREG attributes to 1 when performing multiply functions.
Related violations: <none>

DPOP-2#38 Warning
MREG Output pipelining  
DSP lesion_i/lesion_accel_0/inst/mul_31ns_31ns_62_2_1_U344/tmp_product__0 multiplier stage lesion_i/lesion_accel_0/inst/mul_31ns_31ns_62_2_1_U344/tmp_product__0/P[47:0] is not pipelined (MREG=0). Pipelining the multiplier function will improve performance and will save significant power so it is suggested whenever possible to fully pipeline this function.  If this multiplier was inferred, it is suggested to describe an additional register stage after this function.  If there is no registered adder/accumulator following the multiply function, two pipeline stages are suggested to allow both the MREG and PREG registers to be used.  If the DSP48 was instantiated in the design, it is suggested to set both the MREG and PREG attributes to 1 when performing multiply functions.
Related violations: <none>

DPOP-2#39 Warning
MREG Output pipelining  
DSP lesion_i/lesion_accel_0/inst/mul_31ns_32ns_63_2_1_U346/buff0_reg multiplier stage lesion_i/lesion_accel_0/inst/mul_31ns_32ns_63_2_1_U346/buff0_reg/P[47:0] is not pipelined (MREG=0). Pipelining the multiplier function will improve performance and will save significant power so it is suggested whenever possible to fully pipeline this function.  If this multiplier was inferred, it is suggested to describe an additional register stage after this function.  If there is no registered adder/accumulator following the multiply function, two pipeline stages are suggested to allow both the MREG and PREG registers to be used.  If the DSP48 was instantiated in the design, it is suggested to set both the MREG and PREG attributes to 1 when performing multiply functions.
Related violations: <none>

DPOP-2#40 Warning
MREG Output pipelining  
DSP lesion_i/lesion_accel_0/inst/mul_31ns_32ns_63_2_1_U346/buff0_reg__0 multiplier stage lesion_i/lesion_accel_0/inst/mul_31ns_32ns_63_2_1_U346/buff0_reg__0/P[47:0] is not pipelined (MREG=0). Pipelining the multiplier function will improve performance and will save significant power so it is suggested whenever possible to fully pipeline this function.  If this multiplier was inferred, it is suggested to describe an additional register stage after this function.  If there is no registered adder/accumulator following the multiply function, two pipeline stages are suggested to allow both the MREG and PREG registers to be used.  If the DSP48 was instantiated in the design, it is suggested to set both the MREG and PREG attributes to 1 when performing multiply functions.
Related violations: <none>

DPOP-2#41 Warning
MREG Output pipelining  
DSP lesion_i/lesion_accel_0/inst/mul_31ns_32ns_63_2_1_U346/tmp_product multiplier stage lesion_i/lesion_accel_0/inst/mul_31ns_32ns_63_2_1_U346/tmp_product/P[47:0] is not pipelined (MREG=0). Pipelining the multiplier function will improve performance and will save significant power so it is suggested whenever possible to fully pipeline this function.  If this multiplier was inferred, it is suggested to describe an additional register stage after this function.  If there is no registered adder/accumulator following the multiply function, two pipeline stages are suggested to allow both the MREG and PREG registers to be used.  If the DSP48 was instantiated in the design, it is suggested to set both the MREG and PREG attributes to 1 when performing multiply functions.
Related violations: <none>

DPOP-2#42 Warning
MREG Output pipelining  
DSP lesion_i/lesion_accel_0/inst/mul_31ns_32ns_63_2_1_U346/tmp_product__0 multiplier stage lesion_i/lesion_accel_0/inst/mul_31ns_32ns_63_2_1_U346/tmp_product__0/P[47:0] is not pipelined (MREG=0). Pipelining the multiplier function will improve performance and will save significant power so it is suggested whenever possible to fully pipeline this function.  If this multiplier was inferred, it is suggested to describe an additional register stage after this function.  If there is no registered adder/accumulator following the multiply function, two pipeline stages are suggested to allow both the MREG and PREG registers to be used.  If the DSP48 was instantiated in the design, it is suggested to set both the MREG and PREG attributes to 1 when performing multiply functions.
Related violations: <none>

DPOP-2#43 Warning
MREG Output pipelining  
DSP lesion_i/lesion_accel_0/inst/mul_31ns_32s_62_2_1_U345/buff0_reg multiplier stage lesion_i/lesion_accel_0/inst/mul_31ns_32s_62_2_1_U345/buff0_reg/P[47:0] is not pipelined (MREG=0). Pipelining the multiplier function will improve performance and will save significant power so it is suggested whenever possible to fully pipeline this function.  If this multiplier was inferred, it is suggested to describe an additional register stage after this function.  If there is no registered adder/accumulator following the multiply function, two pipeline stages are suggested to allow both the MREG and PREG registers to be used.  If the DSP48 was instantiated in the design, it is suggested to set both the MREG and PREG attributes to 1 when performing multiply functions.
Related violations: <none>

DPOP-2#44 Warning
MREG Output pipelining  
DSP lesion_i/lesion_accel_0/inst/mul_31ns_32s_62_2_1_U345/buff0_reg__0 multiplier stage lesion_i/lesion_accel_0/inst/mul_31ns_32s_62_2_1_U345/buff0_reg__0/P[47:0] is not pipelined (MREG=0). Pipelining the multiplier function will improve performance and will save significant power so it is suggested whenever possible to fully pipeline this function.  If this multiplier was inferred, it is suggested to describe an additional register stage after this function.  If there is no registered adder/accumulator following the multiply function, two pipeline stages are suggested to allow both the MREG and PREG registers to be used.  If the DSP48 was instantiated in the design, it is suggested to set both the MREG and PREG attributes to 1 when performing multiply functions.
Related violations: <none>

DPOP-2#45 Warning
MREG Output pipelining  
DSP lesion_i/lesion_accel_0/inst/mul_31ns_32s_62_2_1_U345/tmp_product multiplier stage lesion_i/lesion_accel_0/inst/mul_31ns_32s_62_2_1_U345/tmp_product/P[47:0] is not pipelined (MREG=0). Pipelining the multiplier function will improve performance and will save significant power so it is suggested whenever possible to fully pipeline this function.  If this multiplier was inferred, it is suggested to describe an additional register stage after this function.  If there is no registered adder/accumulator following the multiply function, two pipeline stages are suggested to allow both the MREG and PREG registers to be used.  If the DSP48 was instantiated in the design, it is suggested to set both the MREG and PREG attributes to 1 when performing multiply functions.
Related violations: <none>

DPOP-2#46 Warning
MREG Output pipelining  
DSP lesion_i/lesion_accel_0/inst/mul_31ns_32s_62_2_1_U345/tmp_product__0 multiplier stage lesion_i/lesion_accel_0/inst/mul_31ns_32s_62_2_1_U345/tmp_product__0/P[47:0] is not pipelined (MREG=0). Pipelining the multiplier function will improve performance and will save significant power so it is suggested whenever possible to fully pipeline this function.  If this multiplier was inferred, it is suggested to describe an additional register stage after this function.  If there is no registered adder/accumulator following the multiply function, two pipeline stages are suggested to allow both the MREG and PREG registers to be used.  If the DSP48 was instantiated in the design, it is suggested to set both the MREG and PREG attributes to 1 when performing multiply functions.
Related violations: <none>

DPOP-2#47 Warning
MREG Output pipelining  
DSP lesion_i/lesion_accel_0/inst/mul_31ns_64s_64_5_1_U347/buff0_reg__18 multiplier stage lesion_i/lesion_accel_0/inst/mul_31ns_64s_64_5_1_U347/buff0_reg__18/P[47:0] is not pipelined (MREG=0). Pipelining the multiplier function will improve performance and will save significant power so it is suggested whenever possible to fully pipeline this function.  If this multiplier was inferred, it is suggested to describe an additional register stage after this function.  If there is no registered adder/accumulator following the multiply function, two pipeline stages are suggested to allow both the MREG and PREG registers to be used.  If the DSP48 was instantiated in the design, it is suggested to set both the MREG and PREG attributes to 1 when performing multiply functions.
Related violations: <none>

DPOP-2#48 Warning
MREG Output pipelining  
DSP lesion_i/lesion_accel_0/inst/mul_32ns_32ns_63_2_1_U348/buff0_reg multiplier stage lesion_i/lesion_accel_0/inst/mul_32ns_32ns_63_2_1_U348/buff0_reg/P[47:0] is not pipelined (MREG=0). Pipelining the multiplier function will improve performance and will save significant power so it is suggested whenever possible to fully pipeline this function.  If this multiplier was inferred, it is suggested to describe an additional register stage after this function.  If there is no registered adder/accumulator following the multiply function, two pipeline stages are suggested to allow both the MREG and PREG registers to be used.  If the DSP48 was instantiated in the design, it is suggested to set both the MREG and PREG attributes to 1 when performing multiply functions.
Related violations: <none>

DPOP-2#49 Warning
MREG Output pipelining  
DSP lesion_i/lesion_accel_0/inst/mul_32ns_32ns_63_2_1_U348/tmp_product multiplier stage lesion_i/lesion_accel_0/inst/mul_32ns_32ns_63_2_1_U348/tmp_product/P[47:0] is not pipelined (MREG=0). Pipelining the multiplier function will improve performance and will save significant power so it is suggested whenever possible to fully pipeline this function.  If this multiplier was inferred, it is suggested to describe an additional register stage after this function.  If there is no registered adder/accumulator following the multiply function, two pipeline stages are suggested to allow both the MREG and PREG registers to be used.  If the DSP48 was instantiated in the design, it is suggested to set both the MREG and PREG attributes to 1 when performing multiply functions.
Related violations: <none>

DPOP-2#50 Warning
MREG Output pipelining  
DSP lesion_i/lesion_accel_0/inst/mul_32ns_32ns_63_2_1_U348/tmp_product__0 multiplier stage lesion_i/lesion_accel_0/inst/mul_32ns_32ns_63_2_1_U348/tmp_product__0/P[47:0] is not pipelined (MREG=0). Pipelining the multiplier function will improve performance and will save significant power so it is suggested whenever possible to fully pipeline this function.  If this multiplier was inferred, it is suggested to describe an additional register stage after this function.  If there is no registered adder/accumulator following the multiply function, two pipeline stages are suggested to allow both the MREG and PREG registers to be used.  If the DSP48 was instantiated in the design, it is suggested to set both the MREG and PREG attributes to 1 when performing multiply functions.
Related violations: <none>

DPOP-2#51 Warning
MREG Output pipelining  
DSP lesion_i/lesion_accel_0/inst/mul_32ns_32s_62_2_1_U350/buff0_reg multiplier stage lesion_i/lesion_accel_0/inst/mul_32ns_32s_62_2_1_U350/buff0_reg/P[47:0] is not pipelined (MREG=0). Pipelining the multiplier function will improve performance and will save significant power so it is suggested whenever possible to fully pipeline this function.  If this multiplier was inferred, it is suggested to describe an additional register stage after this function.  If there is no registered adder/accumulator following the multiply function, two pipeline stages are suggested to allow both the MREG and PREG registers to be used.  If the DSP48 was instantiated in the design, it is suggested to set both the MREG and PREG attributes to 1 when performing multiply functions.
Related violations: <none>

DPOP-2#52 Warning
MREG Output pipelining  
DSP lesion_i/lesion_accel_0/inst/mul_32ns_32s_62_2_1_U350/buff0_reg__0 multiplier stage lesion_i/lesion_accel_0/inst/mul_32ns_32s_62_2_1_U350/buff0_reg__0/P[47:0] is not pipelined (MREG=0). Pipelining the multiplier function will improve performance and will save significant power so it is suggested whenever possible to fully pipeline this function.  If this multiplier was inferred, it is suggested to describe an additional register stage after this function.  If there is no registered adder/accumulator following the multiply function, two pipeline stages are suggested to allow both the MREG and PREG registers to be used.  If the DSP48 was instantiated in the design, it is suggested to set both the MREG and PREG attributes to 1 when performing multiply functions.
Related violations: <none>

DPOP-2#53 Warning
MREG Output pipelining  
DSP lesion_i/lesion_accel_0/inst/mul_32ns_32s_62_2_1_U350/tmp_product multiplier stage lesion_i/lesion_accel_0/inst/mul_32ns_32s_62_2_1_U350/tmp_product/P[47:0] is not pipelined (MREG=0). Pipelining the multiplier function will improve performance and will save significant power so it is suggested whenever possible to fully pipeline this function.  If this multiplier was inferred, it is suggested to describe an additional register stage after this function.  If there is no registered adder/accumulator following the multiply function, two pipeline stages are suggested to allow both the MREG and PREG registers to be used.  If the DSP48 was instantiated in the design, it is suggested to set both the MREG and PREG attributes to 1 when performing multiply functions.
Related violations: <none>

DPOP-2#54 Warning
MREG Output pipelining  
DSP lesion_i/lesion_accel_0/inst/mul_32ns_32s_62_2_1_U350/tmp_product__0 multiplier stage lesion_i/lesion_accel_0/inst/mul_32ns_32s_62_2_1_U350/tmp_product__0/P[47:0] is not pipelined (MREG=0). Pipelining the multiplier function will improve performance and will save significant power so it is suggested whenever possible to fully pipeline this function.  If this multiplier was inferred, it is suggested to describe an additional register stage after this function.  If there is no registered adder/accumulator following the multiply function, two pipeline stages are suggested to allow both the MREG and PREG registers to be used.  If the DSP48 was instantiated in the design, it is suggested to set both the MREG and PREG attributes to 1 when performing multiply functions.
Related violations: <none>

DPOP-2#55 Warning
MREG Output pipelining  
DSP lesion_i/lesion_accel_0/inst/mul_32s_32s_32_2_1_U349/buff0_reg multiplier stage lesion_i/lesion_accel_0/inst/mul_32s_32s_32_2_1_U349/buff0_reg/P[47:0] is not pipelined (MREG=0). Pipelining the multiplier function will improve performance and will save significant power so it is suggested whenever possible to fully pipeline this function.  If this multiplier was inferred, it is suggested to describe an additional register stage after this function.  If there is no registered adder/accumulator following the multiply function, two pipeline stages are suggested to allow both the MREG and PREG registers to be used.  If the DSP48 was instantiated in the design, it is suggested to set both the MREG and PREG attributes to 1 when performing multiply functions.
Related violations: <none>

DPOP-2#56 Warning
MREG Output pipelining  
DSP lesion_i/lesion_accel_0/inst/mul_32s_32s_32_2_1_U349/tmp_product multiplier stage lesion_i/lesion_accel_0/inst/mul_32s_32s_32_2_1_U349/tmp_product/P[47:0] is not pipelined (MREG=0). Pipelining the multiplier function will improve performance and will save significant power so it is suggested whenever possible to fully pipeline this function.  If this multiplier was inferred, it is suggested to describe an additional register stage after this function.  If there is no registered adder/accumulator following the multiply function, two pipeline stages are suggested to allow both the MREG and PREG registers to be used.  If the DSP48 was instantiated in the design, it is suggested to set both the MREG and PREG attributes to 1 when performing multiply functions.
Related violations: <none>

DPOP-2#57 Warning
MREG Output pipelining  
DSP lesion_i/lesion_accel_0/inst/mul_32s_32s_32_2_1_U349/tmp_product__0 multiplier stage lesion_i/lesion_accel_0/inst/mul_32s_32s_32_2_1_U349/tmp_product__0/P[47:0] is not pipelined (MREG=0). Pipelining the multiplier function will improve performance and will save significant power so it is suggested whenever possible to fully pipeline this function.  If this multiplier was inferred, it is suggested to describe an additional register stage after this function.  If there is no registered adder/accumulator following the multiply function, two pipeline stages are suggested to allow both the MREG and PREG registers to be used.  If the DSP48 was instantiated in the design, it is suggested to set both the MREG and PREG attributes to 1 when performing multiply functions.
Related violations: <none>

DPOP-2#58 Warning
MREG Output pipelining  
DSP lesion_i/lesion_accel_0/inst/mul_32s_32s_64_2_0_U351/buff0_reg multiplier stage lesion_i/lesion_accel_0/inst/mul_32s_32s_64_2_0_U351/buff0_reg/P[47:0] is not pipelined (MREG=0). Pipelining the multiplier function will improve performance and will save significant power so it is suggested whenever possible to fully pipeline this function.  If this multiplier was inferred, it is suggested to describe an additional register stage after this function.  If there is no registered adder/accumulator following the multiply function, two pipeline stages are suggested to allow both the MREG and PREG registers to be used.  If the DSP48 was instantiated in the design, it is suggested to set both the MREG and PREG attributes to 1 when performing multiply functions.
Related violations: <none>

DPOP-2#59 Warning
MREG Output pipelining  
DSP lesion_i/lesion_accel_0/inst/mul_32s_32s_64_2_0_U351/buff0_reg__0 multiplier stage lesion_i/lesion_accel_0/inst/mul_32s_32s_64_2_0_U351/buff0_reg__0/P[47:0] is not pipelined (MREG=0). Pipelining the multiplier function will improve performance and will save significant power so it is suggested whenever possible to fully pipeline this function.  If this multiplier was inferred, it is suggested to describe an additional register stage after this function.  If there is no registered adder/accumulator following the multiply function, two pipeline stages are suggested to allow both the MREG and PREG registers to be used.  If the DSP48 was instantiated in the design, it is suggested to set both the MREG and PREG attributes to 1 when performing multiply functions.
Related violations: <none>

DPOP-2#60 Warning
MREG Output pipelining  
DSP lesion_i/lesion_accel_0/inst/mul_32s_32s_64_2_0_U351/tmp_product multiplier stage lesion_i/lesion_accel_0/inst/mul_32s_32s_64_2_0_U351/tmp_product/P[47:0] is not pipelined (MREG=0). Pipelining the multiplier function will improve performance and will save significant power so it is suggested whenever possible to fully pipeline this function.  If this multiplier was inferred, it is suggested to describe an additional register stage after this function.  If there is no registered adder/accumulator following the multiply function, two pipeline stages are suggested to allow both the MREG and PREG registers to be used.  If the DSP48 was instantiated in the design, it is suggested to set both the MREG and PREG attributes to 1 when performing multiply functions.
Related violations: <none>

DPOP-2#61 Warning
MREG Output pipelining  
DSP lesion_i/lesion_accel_0/inst/mul_32s_32s_64_2_0_U351/tmp_product__0 multiplier stage lesion_i/lesion_accel_0/inst/mul_32s_32s_64_2_0_U351/tmp_product__0/P[47:0] is not pipelined (MREG=0). Pipelining the multiplier function will improve performance and will save significant power so it is suggested whenever possible to fully pipeline this function.  If this multiplier was inferred, it is suggested to describe an additional register stage after this function.  If there is no registered adder/accumulator following the multiply function, two pipeline stages are suggested to allow both the MREG and PREG registers to be used.  If the DSP48 was instantiated in the design, it is suggested to set both the MREG and PREG attributes to 1 when performing multiply functions.
Related violations: <none>

DPOP-2#62 Warning
MREG Output pipelining  
DSP lesion_i/lesion_accel_0/inst/mul_32s_34ns_65_2_1_U352/buff0_reg multiplier stage lesion_i/lesion_accel_0/inst/mul_32s_34ns_65_2_1_U352/buff0_reg/P[47:0] is not pipelined (MREG=0). Pipelining the multiplier function will improve performance and will save significant power so it is suggested whenever possible to fully pipeline this function.  If this multiplier was inferred, it is suggested to describe an additional register stage after this function.  If there is no registered adder/accumulator following the multiply function, two pipeline stages are suggested to allow both the MREG and PREG registers to be used.  If the DSP48 was instantiated in the design, it is suggested to set both the MREG and PREG attributes to 1 when performing multiply functions.
Related violations: <none>

DPOP-2#63 Warning
MREG Output pipelining  
DSP lesion_i/lesion_accel_0/inst/mul_32s_34ns_65_2_1_U352/buff0_reg__0 multiplier stage lesion_i/lesion_accel_0/inst/mul_32s_34ns_65_2_1_U352/buff0_reg__0/P[47:0] is not pipelined (MREG=0). Pipelining the multiplier function will improve performance and will save significant power so it is suggested whenever possible to fully pipeline this function.  If this multiplier was inferred, it is suggested to describe an additional register stage after this function.  If there is no registered adder/accumulator following the multiply function, two pipeline stages are suggested to allow both the MREG and PREG registers to be used.  If the DSP48 was instantiated in the design, it is suggested to set both the MREG and PREG attributes to 1 when performing multiply functions.
Related violations: <none>

DPOP-2#64 Warning
MREG Output pipelining  
DSP lesion_i/lesion_accel_0/inst/mul_32s_34ns_65_2_1_U352/tmp_product multiplier stage lesion_i/lesion_accel_0/inst/mul_32s_34ns_65_2_1_U352/tmp_product/P[47:0] is not pipelined (MREG=0). Pipelining the multiplier function will improve performance and will save significant power so it is suggested whenever possible to fully pipeline this function.  If this multiplier was inferred, it is suggested to describe an additional register stage after this function.  If there is no registered adder/accumulator following the multiply function, two pipeline stages are suggested to allow both the MREG and PREG registers to be used.  If the DSP48 was instantiated in the design, it is suggested to set both the MREG and PREG attributes to 1 when performing multiply functions.
Related violations: <none>

DPOP-2#65 Warning
MREG Output pipelining  
DSP lesion_i/lesion_accel_0/inst/mul_32s_34ns_65_2_1_U352/tmp_product__0 multiplier stage lesion_i/lesion_accel_0/inst/mul_32s_34ns_65_2_1_U352/tmp_product__0/P[47:0] is not pipelined (MREG=0). Pipelining the multiplier function will improve performance and will save significant power so it is suggested whenever possible to fully pipeline this function.  If this multiplier was inferred, it is suggested to describe an additional register stage after this function.  If there is no registered adder/accumulator following the multiply function, two pipeline stages are suggested to allow both the MREG and PREG registers to be used.  If the DSP48 was instantiated in the design, it is suggested to set both the MREG and PREG attributes to 1 when performing multiply functions.
Related violations: <none>

DPOP-2#66 Warning
MREG Output pipelining  
DSP lesion_i/lesion_accel_0/inst/mul_34s_32s_64_2_1_U353/buff0_reg multiplier stage lesion_i/lesion_accel_0/inst/mul_34s_32s_64_2_1_U353/buff0_reg/P[47:0] is not pipelined (MREG=0). Pipelining the multiplier function will improve performance and will save significant power so it is suggested whenever possible to fully pipeline this function.  If this multiplier was inferred, it is suggested to describe an additional register stage after this function.  If there is no registered adder/accumulator following the multiply function, two pipeline stages are suggested to allow both the MREG and PREG registers to be used.  If the DSP48 was instantiated in the design, it is suggested to set both the MREG and PREG attributes to 1 when performing multiply functions.
Related violations: <none>

DPOP-2#67 Warning
MREG Output pipelining  
DSP lesion_i/lesion_accel_0/inst/mul_34s_32s_64_2_1_U353/buff0_reg__0 multiplier stage lesion_i/lesion_accel_0/inst/mul_34s_32s_64_2_1_U353/buff0_reg__0/P[47:0] is not pipelined (MREG=0). Pipelining the multiplier function will improve performance and will save significant power so it is suggested whenever possible to fully pipeline this function.  If this multiplier was inferred, it is suggested to describe an additional register stage after this function.  If there is no registered adder/accumulator following the multiply function, two pipeline stages are suggested to allow both the MREG and PREG registers to be used.  If the DSP48 was instantiated in the design, it is suggested to set both the MREG and PREG attributes to 1 when performing multiply functions.
Related violations: <none>

DPOP-2#68 Warning
MREG Output pipelining  
DSP lesion_i/lesion_accel_0/inst/mul_34s_32s_64_2_1_U353/tmp_product multiplier stage lesion_i/lesion_accel_0/inst/mul_34s_32s_64_2_1_U353/tmp_product/P[47:0] is not pipelined (MREG=0). Pipelining the multiplier function will improve performance and will save significant power so it is suggested whenever possible to fully pipeline this function.  If this multiplier was inferred, it is suggested to describe an additional register stage after this function.  If there is no registered adder/accumulator following the multiply function, two pipeline stages are suggested to allow both the MREG and PREG registers to be used.  If the DSP48 was instantiated in the design, it is suggested to set both the MREG and PREG attributes to 1 when performing multiply functions.
Related violations: <none>

DPOP-2#69 Warning
MREG Output pipelining  
DSP lesion_i/lesion_accel_0/inst/mul_34s_32s_64_2_1_U353/tmp_product__0 multiplier stage lesion_i/lesion_accel_0/inst/mul_34s_32s_64_2_1_U353/tmp_product__0/P[47:0] is not pipelined (MREG=0). Pipelining the multiplier function will improve performance and will save significant power so it is suggested whenever possible to fully pipeline this function.  If this multiplier was inferred, it is suggested to describe an additional register stage after this function.  If there is no registered adder/accumulator following the multiply function, two pipeline stages are suggested to allow both the MREG and PREG registers to be used.  If the DSP48 was instantiated in the design, it is suggested to set both the MREG and PREG attributes to 1 when performing multiply functions.
Related violations: <none>

DPOP-2#70 Warning
MREG Output pipelining  
DSP lesion_i/lesion_accel_0/inst/mul_62ns_31ns_64_5_1_U354/buff0_reg__1 multiplier stage lesion_i/lesion_accel_0/inst/mul_62ns_31ns_64_5_1_U354/buff0_reg__1/P[47:0] is not pipelined (MREG=0). Pipelining the multiplier function will improve performance and will save significant power so it is suggested whenever possible to fully pipeline this function.  If this multiplier was inferred, it is suggested to describe an additional register stage after this function.  If there is no registered adder/accumulator following the multiply function, two pipeline stages are suggested to allow both the MREG and PREG registers to be used.  If the DSP48 was instantiated in the design, it is suggested to set both the MREG and PREG attributes to 1 when performing multiply functions.
Related violations: <none>

DPOP-2#71 Warning
MREG Output pipelining  
DSP lesion_i/lesion_accel_0/inst/mul_63s_32s_63_5_1_U355/buff0_reg__1 multiplier stage lesion_i/lesion_accel_0/inst/mul_63s_32s_63_5_1_U355/buff0_reg__1/P[47:0] is not pipelined (MREG=0). Pipelining the multiplier function will improve performance and will save significant power so it is suggested whenever possible to fully pipeline this function.  If this multiplier was inferred, it is suggested to describe an additional register stage after this function.  If there is no registered adder/accumulator following the multiply function, two pipeline stages are suggested to allow both the MREG and PREG registers to be used.  If the DSP48 was instantiated in the design, it is suggested to set both the MREG and PREG attributes to 1 when performing multiply functions.
Related violations: <none>

DPOP-2#72 Warning
MREG Output pipelining  
DSP lesion_i/lesion_accel_0/inst/mul_63s_32s_64_5_1_U356/buff0_reg__1 multiplier stage lesion_i/lesion_accel_0/inst/mul_63s_32s_64_5_1_U356/buff0_reg__1/P[47:0] is not pipelined (MREG=0). Pipelining the multiplier function will improve performance and will save significant power so it is suggested whenever possible to fully pipeline this function.  If this multiplier was inferred, it is suggested to describe an additional register stage after this function.  If there is no registered adder/accumulator following the multiply function, two pipeline stages are suggested to allow both the MREG and PREG registers to be used.  If the DSP48 was instantiated in the design, it is suggested to set both the MREG and PREG attributes to 1 when performing multiply functions.
Related violations: <none>

DPOP-2#73 Warning
MREG Output pipelining  
DSP lesion_i/video/hdmi_in/color_convert/inst/mul_ln32_1_reg_1036_reg multiplier stage lesion_i/video/hdmi_in/color_convert/inst/mul_ln32_1_reg_1036_reg/P[47:0] is not pipelined (MREG=0). Pipelining the multiplier function will improve performance and will save significant power so it is suggested whenever possible to fully pipeline this function.  If this multiplier was inferred, it is suggested to describe an additional register stage after this function.  If there is no registered adder/accumulator following the multiply function, two pipeline stages are suggested to allow both the MREG and PREG registers to be used.  If the DSP48 was instantiated in the design, it is suggested to set both the MREG and PREG attributes to 1 when performing multiply functions.
Related violations: <none>

DPOP-2#74 Warning
MREG Output pipelining  
DSP lesion_i/video/hdmi_in/color_convert/inst/mul_ln33_1_reg_1053_reg multiplier stage lesion_i/video/hdmi_in/color_convert/inst/mul_ln33_1_reg_1053_reg/P[47:0] is not pipelined (MREG=0). Pipelining the multiplier function will improve performance and will save significant power so it is suggested whenever possible to fully pipeline this function.  If this multiplier was inferred, it is suggested to describe an additional register stage after this function.  If there is no registered adder/accumulator following the multiply function, two pipeline stages are suggested to allow both the MREG and PREG registers to be used.  If the DSP48 was instantiated in the design, it is suggested to set both the MREG and PREG attributes to 1 when performing multiply functions.
Related violations: <none>

DPOP-2#75 Warning
MREG Output pipelining  
DSP lesion_i/video/hdmi_in/color_convert/inst/mul_ln34_1_reg_1063_reg multiplier stage lesion_i/video/hdmi_in/color_convert/inst/mul_ln34_1_reg_1063_reg/P[47:0] is not pipelined (MREG=0). Pipelining the multiplier function will improve performance and will save significant power so it is suggested whenever possible to fully pipeline this function.  If this multiplier was inferred, it is suggested to describe an additional register stage after this function.  If there is no registered adder/accumulator following the multiply function, two pipeline stages are suggested to allow both the MREG and PREG registers to be used.  If the DSP48 was instantiated in the design, it is suggested to set both the MREG and PREG attributes to 1 when performing multiply functions.
Related violations: <none>

DPOP-2#76 Warning
MREG Output pipelining  
DSP lesion_i/video/hdmi_out/color_convert/inst/mul_ln32_1_reg_1036_reg multiplier stage lesion_i/video/hdmi_out/color_convert/inst/mul_ln32_1_reg_1036_reg/P[47:0] is not pipelined (MREG=0). Pipelining the multiplier function will improve performance and will save significant power so it is suggested whenever possible to fully pipeline this function.  If this multiplier was inferred, it is suggested to describe an additional register stage after this function.  If there is no registered adder/accumulator following the multiply function, two pipeline stages are suggested to allow both the MREG and PREG registers to be used.  If the DSP48 was instantiated in the design, it is suggested to set both the MREG and PREG attributes to 1 when performing multiply functions.
Related violations: <none>

DPOP-2#77 Warning
MREG Output pipelining  
DSP lesion_i/video/hdmi_out/color_convert/inst/mul_ln33_1_reg_1053_reg multiplier stage lesion_i/video/hdmi_out/color_convert/inst/mul_ln33_1_reg_1053_reg/P[47:0] is not pipelined (MREG=0). Pipelining the multiplier function will improve performance and will save significant power so it is suggested whenever possible to fully pipeline this function.  If this multiplier was inferred, it is suggested to describe an additional register stage after this function.  If there is no registered adder/accumulator following the multiply function, two pipeline stages are suggested to allow both the MREG and PREG registers to be used.  If the DSP48 was instantiated in the design, it is suggested to set both the MREG and PREG attributes to 1 when performing multiply functions.
Related violations: <none>

DPOP-2#78 Warning
MREG Output pipelining  
DSP lesion_i/video/hdmi_out/color_convert/inst/mul_ln34_1_reg_1063_reg multiplier stage lesion_i/video/hdmi_out/color_convert/inst/mul_ln34_1_reg_1063_reg/P[47:0] is not pipelined (MREG=0). Pipelining the multiplier function will improve performance and will save significant power so it is suggested whenever possible to fully pipeline this function.  If this multiplier was inferred, it is suggested to describe an additional register stage after this function.  If there is no registered adder/accumulator following the multiply function, two pipeline stages are suggested to allow both the MREG and PREG registers to be used.  If the DSP48 was instantiated in the design, it is suggested to set both the MREG and PREG attributes to 1 when performing multiply functions.
Related violations: <none>

PDCN-1569#1 Warning
LUT equation term check  
Used physical LUT pin 'A1' of cell lesion_i/memory/s00_couplers/auto_pc/inst/gen_axi4_axi3.axi3_conv_inst/USE_WRITE.write_addr_inst/USE_BURSTS.cmd_queue/inst/fifo_gen_inst/inst_fifo_gen/gconvfifo.rf/grf.rf/gntv_or_sync_fifo.gl0.rd/gr1.gr1_int.rfwft/gpregsm1.user_valid_i_1 (pin lesion_i/memory/s00_couplers/auto_pc/inst/gen_axi4_axi3.axi3_conv_inst/USE_WRITE.write_addr_inst/USE_BURSTS.cmd_queue/inst/fifo_gen_inst/inst_fifo_gen/gconvfifo.rf/grf.rf/gntv_or_sync_fifo.gl0.rd/gr1.gr1_int.rfwft/gpregsm1.user_valid_i_1/I1) is not included in the LUT equation: 'O6=(A2)+((~A2)*(~A5)*A3)'. If this cell is a user instantiated LUT in the design, please remove connectivity to the pin or change the equation and/or INIT string of the LUT to prevent this issue. If the cell is inferred or IP created LUT, please regenerate the IP and/or resynthesize the design to attempt to correct the issue.
Related violations: <none>

PDCN-1569#2 Warning
LUT equation term check  
Used physical LUT pin 'A1' of cell lesion_i/memory/s00_couplers/auto_pc/inst/gen_axi4_axi3.axi3_conv_inst/USE_WRITE.write_addr_inst/USE_B_CHANNEL.cmd_b_queue/inst/fifo_gen_inst/inst_fifo_gen/gconvfifo.rf/grf.rf/gntv_or_sync_fifo.gl0.rd/gr1.gr1_int.rfwft/gpregsm1.user_valid_i_1 (pin lesion_i/memory/s00_couplers/auto_pc/inst/gen_axi4_axi3.axi3_conv_inst/USE_WRITE.write_addr_inst/USE_B_CHANNEL.cmd_b_queue/inst/fifo_gen_inst/inst_fifo_gen/gconvfifo.rf/grf.rf/gntv_or_sync_fifo.gl0.rd/gr1.gr1_int.rfwft/gpregsm1.user_valid_i_1/I1) is not included in the LUT equation: 'O6=(A5)+((~A5)*(~A6)*A3)'. If this cell is a user instantiated LUT in the design, please remove connectivity to the pin or change the equation and/or INIT string of the LUT to prevent this issue. If the cell is inferred or IP created LUT, please regenerate the IP and/or resynthesize the design to attempt to correct the issue.
Related violations: <none>

PDCN-1569#3 Warning
LUT equation term check  
Used physical LUT pin 'A1' of cell lesion_i/memory/s01_couplers/auto_pc/inst/gen_axi4_axi3.axi3_conv_inst/USE_READ.USE_SPLIT_R.read_addr_inst/USE_R_CHANNEL.cmd_queue/inst/fifo_gen_inst/inst_fifo_gen/gconvfifo.rf/grf.rf/gntv_or_sync_fifo.gl0.rd/gr1.gr1_int.rfwft/gpregsm1.user_valid_i_1 (pin lesion_i/memory/s01_couplers/auto_pc/inst/gen_axi4_axi3.axi3_conv_inst/USE_READ.USE_SPLIT_R.read_addr_inst/USE_R_CHANNEL.cmd_queue/inst/fifo_gen_inst/inst_fifo_gen/gconvfifo.rf/grf.rf/gntv_or_sync_fifo.gl0.rd/gr1.gr1_int.rfwft/gpregsm1.user_valid_i_1/I1) is not included in the LUT equation: 'O6=(A5)+((~A5)*(~A6)*A3)'. If this cell is a user instantiated LUT in the design, please remove connectivity to the pin or change the equation and/or INIT string of the LUT to prevent this issue. If the cell is inferred or IP created LUT, please regenerate the IP and/or resynthesize the design to attempt to correct the issue.
Related violations: <none>

PDCN-1569#4 Warning
LUT equation term check  
Used physical LUT pin 'A1' of cell lesion_i/memory/s01_couplers/auto_pc/inst/gen_axi4_axi3.axi3_conv_inst/USE_WRITE.write_addr_inst/USE_BURSTS.cmd_queue/inst/fifo_gen_inst/inst_fifo_gen/gconvfifo.rf/grf.rf/gntv_or_sync_fifo.gl0.rd/gr1.gr1_int.rfwft/gpregsm1.user_valid_i_1 (pin lesion_i/memory/s01_couplers/auto_pc/inst/gen_axi4_axi3.axi3_conv_inst/USE_WRITE.write_addr_inst/USE_BURSTS.cmd_queue/inst/fifo_gen_inst/inst_fifo_gen/gconvfifo.rf/grf.rf/gntv_or_sync_fifo.gl0.rd/gr1.gr1_int.rfwft/gpregsm1.user_valid_i_1/I1) is not included in the LUT equation: 'O6=(A5)+((~A5)*(~A6)*A3)'. If this cell is a user instantiated LUT in the design, please remove connectivity to the pin or change the equation and/or INIT string of the LUT to prevent this issue. If the cell is inferred or IP created LUT, please regenerate the IP and/or resynthesize the design to attempt to correct the issue.
Related violations: <none>

PDCN-1569#5 Warning
LUT equation term check  
Used physical LUT pin 'A1' of cell lesion_i/memory/s01_couplers/auto_pc/inst/gen_axi4_axi3.axi3_conv_inst/USE_WRITE.write_addr_inst/USE_B_CHANNEL.cmd_b_queue/inst/fifo_gen_inst/inst_fifo_gen/gconvfifo.rf/grf.rf/gntv_or_sync_fifo.gl0.rd/gr1.gr1_int.rfwft/gpregsm1.user_valid_i_1 (pin lesion_i/memory/s01_couplers/auto_pc/inst/gen_axi4_axi3.axi3_conv_inst/USE_WRITE.write_addr_inst/USE_B_CHANNEL.cmd_b_queue/inst/fifo_gen_inst/inst_fifo_gen/gconvfifo.rf/grf.rf/gntv_or_sync_fifo.gl0.rd/gr1.gr1_int.rfwft/gpregsm1.user_valid_i_1/I1) is not included in the LUT equation: 'O6=(A4)+((~A4)*(~A6)*A5)'. If this cell is a user instantiated LUT in the design, please remove connectivity to the pin or change the equation and/or INIT string of the LUT to prevent this issue. If the cell is inferred or IP created LUT, please regenerate the IP and/or resynthesize the design to attempt to correct the issue.
Related violations: <none>

PDCN-1569#6 Warning
LUT equation term check  
Used physical LUT pin 'A3' of cell lesion_i/memory/s00_couplers/auto_pc/inst/gen_axi4_axi3.axi3_conv_inst/USE_READ.USE_SPLIT_R.read_addr_inst/USE_R_CHANNEL.cmd_queue/inst/fifo_gen_inst/inst_fifo_gen/gconvfifo.rf/grf.rf/gntv_or_sync_fifo.gl0.rd/gr1.gr1_int.rfwft/gpregsm1.user_valid_i_1 (pin lesion_i/memory/s00_couplers/auto_pc/inst/gen_axi4_axi3.axi3_conv_inst/USE_READ.USE_SPLIT_R.read_addr_inst/USE_R_CHANNEL.cmd_queue/inst/fifo_gen_inst/inst_fifo_gen/gconvfifo.rf/grf.rf/gntv_or_sync_fifo.gl0.rd/gr1.gr1_int.rfwft/gpregsm1.user_valid_i_1/I1) is not included in the LUT equation: 'O6=(A5)+((~A5)*(~A6)*A1)'. If this cell is a user instantiated LUT in the design, please remove connectivity to the pin or change the equation and/or INIT string of the LUT to prevent this issue. If the cell is inferred or IP created LUT, please regenerate the IP and/or resynthesize the design to attempt to correct the issue.
Related violations: <none>

PDCN-1569#7 Warning
LUT equation term check  
Used physical LUT pin 'A3' of cell lesion_i/video/axi_mem_intercon/s00_couplers/auto_pc/inst/gen_axi4_axi3.axi3_conv_inst/USE_WRITE.write_addr_inst/USE_B_CHANNEL.cmd_b_queue/inst/fifo_gen_inst/inst_fifo_gen/gconvfifo.rf/grf.rf/gntv_or_sync_fifo.gl0.rd/gr1.gr1_int.rfwft/gpregsm1.user_valid_i_1 (pin lesion_i/video/axi_mem_intercon/s00_couplers/auto_pc/inst/gen_axi4_axi3.axi3_conv_inst/USE_WRITE.write_addr_inst/USE_B_CHANNEL.cmd_b_queue/inst/fifo_gen_inst/inst_fifo_gen/gconvfifo.rf/grf.rf/gntv_or_sync_fifo.gl0.rd/gr1.gr1_int.rfwft/gpregsm1.user_valid_i_1/I1) is not included in the LUT equation: 'O6=(A2)+((~A2)*(~A6)*A4)'. If this cell is a user instantiated LUT in the design, please remove connectivity to the pin or change the equation and/or INIT string of the LUT to prevent this issue. If the cell is inferred or IP created LUT, please regenerate the IP and/or resynthesize the design to attempt to correct the issue.
Related violations: <none>

PDCN-1569#8 Warning
LUT equation term check  
Used physical LUT pin 'A4' of cell lesion_i/video/axi_mem_intercon/s00_couplers/auto_pc/inst/gen_axi4_axi3.axi3_conv_inst/USE_WRITE.write_addr_inst/USE_BURSTS.cmd_queue/inst/fifo_gen_inst/inst_fifo_gen/gconvfifo.rf/grf.rf/gntv_or_sync_fifo.gl0.rd/gr1.gr1_int.rfwft/gpregsm1.user_valid_i_1 (pin lesion_i/video/axi_mem_intercon/s00_couplers/auto_pc/inst/gen_axi4_axi3.axi3_conv_inst/USE_WRITE.write_addr_inst/USE_BURSTS.cmd_queue/inst/fifo_gen_inst/inst_fifo_gen/gconvfifo.rf/grf.rf/gntv_or_sync_fifo.gl0.rd/gr1.gr1_int.rfwft/gpregsm1.user_valid_i_1/I1) is not included in the LUT equation: 'O6=(A5)+((~A5)*(~A6)*A1)'. If this cell is a user instantiated LUT in the design, please remove connectivity to the pin or change the equation and/or INIT string of the LUT to prevent this issue. If the cell is inferred or IP created LUT, please regenerate the IP and/or resynthesize the design to attempt to correct the issue.
Related violations: <none>

PDCN-1569#9 Warning
LUT equation term check  
Used physical LUT pin 'A4' of cell lesion_i/video/axi_mem_intercon/s01_couplers/auto_pc/inst/gen_axi4_axi3.axi3_conv_inst/USE_READ.USE_SPLIT_R.read_addr_inst/USE_R_CHANNEL.cmd_queue/inst/fifo_gen_inst/inst_fifo_gen/gconvfifo.rf/grf.rf/gntv_or_sync_fifo.gl0.rd/gr1.gr1_int.rfwft/gpregsm1.user_valid_i_1 (pin lesion_i/video/axi_mem_intercon/s01_couplers/auto_pc/inst/gen_axi4_axi3.axi3_conv_inst/USE_READ.USE_SPLIT_R.read_addr_inst/USE_R_CHANNEL.cmd_queue/inst/fifo_gen_inst/inst_fifo_gen/gconvfifo.rf/grf.rf/gntv_or_sync_fifo.gl0.rd/gr1.gr1_int.rfwft/gpregsm1.user_valid_i_1/I1) is not included in the LUT equation: 'O6=(A5)+((~A5)*(~A6)*A3)'. If this cell is a user instantiated LUT in the design, please remove connectivity to the pin or change the equation and/or INIT string of the LUT to prevent this issue. If the cell is inferred or IP created LUT, please regenerate the IP and/or resynthesize the design to attempt to correct the issue.
Related violations: <none>

REQP-1840#1 Warning
RAMB18 async control check  
The RAMB18E1 lesion_i/lesion_accel_0/inst/gmem_m_axi_U/store_unit_0/buff_wdata/U_fifo_mem/mem_reg has an input control pin lesion_i/lesion_accel_0/inst/gmem_m_axi_U/store_unit_0/buff_wdata/U_fifo_mem/mem_reg/ENARDEN (net: lesion_i/lesion_accel_0/inst/gmem_m_axi_U/store_unit_0/buff_wdata/U_fifo_mem/mem_reg_0) which is driven by a register (lesion_i/memory/s00_couplers/auto_pc/inst/gen_axi4_axi3.axi3_conv_inst/USE_WRITE.write_addr_inst/USE_BURSTS.cmd_queue/inst/fifo_gen_inst/inst_fifo_gen/gconvfifo.rf/grf.rf/gntv_or_sync_fifo.gl0.rd/gr1.gr1_int.rfwft/empty_fwft_i_reg) that has an active asychronous set or reset. This may cause corruption of the memory contents and/or read values when the set/reset is asserted and is not analyzed by the default static timing analysis. It is suggested to eliminate the use of a set/reset to registers driving this RAMB pin or else use a synchronous reset in which the assertion of the reset is timed by default.
Related violations: <none>

REQP-1840#2 Warning
RAMB18 async control check  
The RAMB18E1 lesion_i/lesion_accel_0/inst/gmem_m_axi_U/store_unit_0/buff_wdata/U_fifo_mem/mem_reg has an input control pin lesion_i/lesion_accel_0/inst/gmem_m_axi_U/store_unit_0/buff_wdata/U_fifo_mem/mem_reg/RSTREGARSTREG (net: lesion_i/lesion_accel_0/inst/gmem_m_axi_U/store_unit_0/buff_wdata/U_fifo_mem/mem_reg_2) which is driven by a register (lesion_i/memory/s00_couplers/auto_pc/inst/gen_axi4_axi3.axi3_conv_inst/USE_WRITE.write_addr_inst/USE_BURSTS.cmd_queue/inst/fifo_gen_inst/inst_fifo_gen/gconvfifo.rf/grf.rf/gntv_or_sync_fifo.gl0.rd/gr1.gr1_int.rfwft/empty_fwft_i_reg) that has an active asychronous set or reset. This may cause corruption of the memory contents and/or read values when the set/reset is asserted and is not analyzed by the default static timing analysis. It is suggested to eliminate the use of a set/reset to registers driving this RAMB pin or else use a synchronous reset in which the assertion of the reset is timed by default.
Related violations: <none>

REQP-1840#3 Warning
RAMB18 async control check  
The RAMB18E1 lesion_i/video/axi_vdma/U0/GEN_SPRT_FOR_MM2S.MM2S_LINEBUFFER_I/GEN_LINEBUF_NO_SOF.GEN_LINEBUFFER.GEN_SYNC_FIFO.I_LINEBUFFER_FIFO/xpm_fifo_sync_inst/xpm_fifo_base_inst/gen_sdpram.xpm_memory_base_inst/gen_wr_a.gen_word_narrow.mem_reg has an input control pin lesion_i/video/axi_vdma/U0/GEN_SPRT_FOR_MM2S.MM2S_LINEBUFFER_I/GEN_LINEBUF_NO_SOF.GEN_LINEBUFFER.GEN_SYNC_FIFO.I_LINEBUFFER_FIFO/xpm_fifo_sync_inst/xpm_fifo_base_inst/gen_sdpram.xpm_memory_base_inst/gen_wr_a.gen_word_narrow.mem_reg/WEBWE[0] (net: lesion_i/video/axi_vdma/U0/GEN_SPRT_FOR_MM2S.MM2S_LINEBUFFER_I/GEN_LINEBUF_NO_SOF.GEN_LINEBUFFER.GEN_SYNC_FIFO.I_LINEBUFFER_FIFO/xpm_fifo_sync_inst/xpm_fifo_base_inst/gen_sdpram.xpm_memory_base_inst/wea[0]) which is driven by a register (lesion_i/video/axi_mem_intercon/s01_couplers/auto_pc/inst/gen_axi4_axi3.axi3_conv_inst/USE_READ.USE_SPLIT_R.read_addr_inst/USE_R_CHANNEL.cmd_queue/inst/fifo_gen_inst/inst_fifo_gen/gconvfifo.rf/grf.rf/gntv_or_sync_fifo.gl0.rd/gr1.gr1_int.rfwft/empty_fwft_i_reg) that has an active asychronous set or reset. This may cause corruption of the memory contents and/or read values when the set/reset is asserted and is not analyzed by the default static timing analysis. It is suggested to eliminate the use of a set/reset to registers driving this RAMB pin or else use a synchronous reset in which the assertion of the reset is timed by default.
Related violations: <none>

REQP-1840#4 Warning
RAMB18 async control check  
The RAMB18E1 lesion_i/video/axi_vdma/U0/GEN_SPRT_FOR_MM2S.MM2S_LINEBUFFER_I/GEN_LINEBUF_NO_SOF.GEN_LINEBUFFER.GEN_SYNC_FIFO.I_LINEBUFFER_FIFO/xpm_fifo_sync_inst/xpm_fifo_base_inst/gen_sdpram.xpm_memory_base_inst/gen_wr_a.gen_word_narrow.mem_reg has an input control pin lesion_i/video/axi_vdma/U0/GEN_SPRT_FOR_MM2S.MM2S_LINEBUFFER_I/GEN_LINEBUF_NO_SOF.GEN_LINEBUFFER.GEN_SYNC_FIFO.I_LINEBUFFER_FIFO/xpm_fifo_sync_inst/xpm_fifo_base_inst/gen_sdpram.xpm_memory_base_inst/gen_wr_a.gen_word_narrow.mem_reg/WEBWE[1] (net: lesion_i/video/axi_vdma/U0/GEN_SPRT_FOR_MM2S.MM2S_LINEBUFFER_I/GEN_LINEBUF_NO_SOF.GEN_LINEBUFFER.GEN_SYNC_FIFO.I_LINEBUFFER_FIFO/xpm_fifo_sync_inst/xpm_fifo_base_inst/gen_sdpram.xpm_memory_base_inst/wea[0]) which is driven by a register (lesion_i/video/axi_mem_intercon/s01_couplers/auto_pc/inst/gen_axi4_axi3.axi3_conv_inst/USE_READ.USE_SPLIT_R.read_addr_inst/USE_R_CHANNEL.cmd_queue/inst/fifo_gen_inst/inst_fifo_gen/gconvfifo.rf/grf.rf/gntv_or_sync_fifo.gl0.rd/gr1.gr1_int.rfwft/empty_fwft_i_reg) that has an active asychronous set or reset. This may cause corruption of the memory contents and/or read values when the set/reset is asserted and is not analyzed by the default static timing analysis. It is suggested to eliminate the use of a set/reset to registers driving this RAMB pin or else use a synchronous reset in which the assertion of the reset is timed by default.
Related violations: <none>

REQP-1840#5 Warning
RAMB18 async control check  
The RAMB18E1 lesion_i/video/axi_vdma/U0/GEN_SPRT_FOR_MM2S.MM2S_LINEBUFFER_I/GEN_LINEBUF_NO_SOF.GEN_LINEBUFFER.GEN_SYNC_FIFO.I_LINEBUFFER_FIFO/xpm_fifo_sync_inst/xpm_fifo_base_inst/gen_sdpram.xpm_memory_base_inst/gen_wr_a.gen_word_narrow.mem_reg has an input control pin lesion_i/video/axi_vdma/U0/GEN_SPRT_FOR_MM2S.MM2S_LINEBUFFER_I/GEN_LINEBUF_NO_SOF.GEN_LINEBUFFER.GEN_SYNC_FIFO.I_LINEBUFFER_FIFO/xpm_fifo_sync_inst/xpm_fifo_base_inst/gen_sdpram.xpm_memory_base_inst/gen_wr_a.gen_word_narrow.mem_reg/WEBWE[2] (net: lesion_i/video/axi_vdma/U0/GEN_SPRT_FOR_MM2S.MM2S_LINEBUFFER_I/GEN_LINEBUF_NO_SOF.GEN_LINEBUFFER.GEN_SYNC_FIFO.I_LINEBUFFER_FIFO/xpm_fifo_sync_inst/xpm_fifo_base_inst/gen_sdpram.xpm_memory_base_inst/wea[0]) which is driven by a register (lesion_i/video/axi_mem_intercon/s01_couplers/auto_pc/inst/gen_axi4_axi3.axi3_conv_inst/USE_READ.USE_SPLIT_R.read_addr_inst/USE_R_CHANNEL.cmd_queue/inst/fifo_gen_inst/inst_fifo_gen/gconvfifo.rf/grf.rf/gntv_or_sync_fifo.gl0.rd/gr1.gr1_int.rfwft/empty_fwft_i_reg) that has an active asychronous set or reset. This may cause corruption of the memory contents and/or read values when the set/reset is asserted and is not analyzed by the default static timing analysis. It is suggested to eliminate the use of a set/reset to registers driving this RAMB pin or else use a synchronous reset in which the assertion of the reset is timed by default.
Related violations: <none>

REQP-1840#6 Warning
RAMB18 async control check  
The RAMB18E1 lesion_i/video/axi_vdma/U0/GEN_SPRT_FOR_MM2S.MM2S_LINEBUFFER_I/GEN_LINEBUF_NO_SOF.GEN_LINEBUFFER.GEN_SYNC_FIFO.I_LINEBUFFER_FIFO/xpm_fifo_sync_inst/xpm_fifo_base_inst/gen_sdpram.xpm_memory_base_inst/gen_wr_a.gen_word_narrow.mem_reg has an input control pin lesion_i/video/axi_vdma/U0/GEN_SPRT_FOR_MM2S.MM2S_LINEBUFFER_I/GEN_LINEBUF_NO_SOF.GEN_LINEBUFFER.GEN_SYNC_FIFO.I_LINEBUFFER_FIFO/xpm_fifo_sync_inst/xpm_fifo_base_inst/gen_sdpram.xpm_memory_base_inst/gen_wr_a.gen_word_narrow.mem_reg/WEBWE[3] (net: lesion_i/video/axi_vdma/U0/GEN_SPRT_FOR_MM2S.MM2S_LINEBUFFER_I/GEN_LINEBUF_NO_SOF.GEN_LINEBUFFER.GEN_SYNC_FIFO.I_LINEBUFFER_FIFO/xpm_fifo_sync_inst/xpm_fifo_base_inst/gen_sdpram.xpm_memory_base_inst/wea[0]) which is driven by a register (lesion_i/video/axi_mem_intercon/s01_couplers/auto_pc/inst/gen_axi4_axi3.axi3_conv_inst/USE_READ.USE_SPLIT_R.read_addr_inst/USE_R_CHANNEL.cmd_queue/inst/fifo_gen_inst/inst_fifo_gen/gconvfifo.rf/grf.rf/gntv_or_sync_fifo.gl0.rd/gr1.gr1_int.rfwft/empty_fwft_i_reg) that has an active asychronous set or reset. This may cause corruption of the memory contents and/or read values when the set/reset is asserted and is not analyzed by the default static timing analysis. It is suggested to eliminate the use of a set/reset to registers driving this RAMB pin or else use a synchronous reset in which the assertion of the reset is timed by default.
Related violations: <none>

RTSTAT-10#1 Warning
No routable loads  
151 net(s) have no routable loads. The problem bus(es) and/or net(s) are lesion_i/memory/s00_couplers/auto_pc/inst/gen_axi4_axi3.axi3_conv_inst/USE_READ.USE_SPLIT_R.read_addr_inst/USE_R_CHANNEL.cmd_queue/inst/fifo_gen_inst/inst_fifo_gen/gconvfifo.rf/grf.rf/gntv_or_sync_fifo.gl0.rd/gr1.gr1_int.rfwft/aempty_fwft_i,
lesion_i/memory/s00_couplers/auto_pc/inst/gen_axi4_axi3.axi3_conv_inst/USE_READ.USE_SPLIT_R.read_addr_inst/USE_R_CHANNEL.cmd_queue/inst/fifo_gen_inst/inst_fifo_gen/gconvfifo.rf/grf.rf/rstblk/ngwrdrst.grst.rd_rst_reg[2:0],
lesion_i/memory/s00_couplers/auto_pc/inst/gen_axi4_axi3.axi3_conv_inst/USE_WRITE.write_addr_inst/USE_BURSTS.cmd_queue/inst/fifo_gen_inst/inst_fifo_gen/gconvfifo.rf/grf.rf/gntv_or_sync_fifo.gl0.rd/gr1.gr1_int.rfwft/aempty_fwft_i,
lesion_i/memory/s00_couplers/auto_pc/inst/gen_axi4_axi3.axi3_conv_inst/USE_WRITE.write_addr_inst/USE_BURSTS.cmd_queue/inst/fifo_gen_inst/inst_fifo_gen/gconvfifo.rf/grf.rf/rstblk/ngwrdrst.grst.rd_rst_reg[2:0],
lesion_i/memory/s00_couplers/auto_pc/inst/gen_axi4_axi3.axi3_conv_inst/USE_WRITE.write_addr_inst/USE_B_CHANNEL.cmd_b_queue/inst/fifo_gen_inst/inst_fifo_gen/gconvfifo.rf/grf.rf/gntv_or_sync_fifo.gl0.rd/gr1.gr1_int.rfwft/aempty_fwft_i,
lesion_i/memory/s01_couplers/auto_pc/inst/gen_axi4_axi3.axi3_conv_inst/USE_READ.USE_SPLIT_R.read_addr_inst/USE_R_CHANNEL.cmd_queue/inst/fifo_gen_inst/inst_fifo_gen/gconvfifo.rf/grf.rf/gntv_or_sync_fifo.gl0.rd/gr1.gr1_int.rfwft/aempty_fwft_i,
lesion_i/memory/s01_couplers/auto_pc/inst/gen_axi4_axi3.axi3_conv_inst/USE_WRITE.write_addr_inst/USE_BURSTS.cmd_queue/inst/fifo_gen_inst/inst_fifo_gen/gconvfifo.rf/grf.rf/gntv_or_sync_fifo.gl0.rd/gr1.gr1_int.rfwft/aempty_fwft_i,
lesion_i/memory/s01_couplers/auto_pc/inst/gen_axi4_axi3.axi3_conv_inst/USE_WRITE.write_addr_inst/USE_B_CHANNEL.cmd_b_queue/inst/fifo_gen_inst/inst_fifo_gen/gconvfifo.rf/grf.rf/gntv_or_sync_fifo.gl0.rd/gr1.gr1_int.rfwft/aempty_fwft_i,
lesion_i/memory/s01_couplers/auto_pc/inst/gen_axi4_axi3.axi3_conv_inst/USE_WRITE.write_addr_inst/USE_B_CHANNEL.cmd_b_queue/inst/fifo_gen_inst/inst_fifo_gen/gconvfifo.rf/grf.rf/rstblk/ngwrdrst.grst.rd_rst_reg[2:0],
lesion_i/video/axi_mem_intercon/s00_couplers/auto_pc/inst/gen_axi4_axi3.axi3_conv_inst/USE_WRITE.write_addr_inst/USE_BURSTS.cmd_queue/inst/fifo_gen_inst/inst_fifo_gen/gconvfifo.rf/grf.rf/gntv_or_sync_fifo.gl0.rd/gr1.gr1_int.rfwft/aempty_fwft_i,
lesion_i/video/axi_mem_intercon/s00_couplers/auto_pc/inst/gen_axi4_axi3.axi3_conv_inst/USE_WRITE.write_addr_inst/USE_B_CHANNEL.cmd_b_queue/inst/fifo_gen_inst/inst_fifo_gen/gconvfifo.rf/grf.rf/gntv_or_sync_fifo.gl0.rd/gr1.gr1_int.rfwft/aempty_fwft_i,
lesion_i/video/axi_mem_intercon/s00_couplers/auto_pc/inst/gen_axi4_axi3.axi3_conv_inst/USE_WRITE.write_addr_inst/USE_B_CHANNEL.cmd_b_queue/inst/fifo_gen_inst/inst_fifo_gen/gconvfifo.rf/grf.rf/rstblk/ngwrdrst.grst.rd_rst_reg[2:0],
lesion_i/video/axi_mem_intercon/s01_couplers/auto_pc/inst/gen_axi4_axi3.axi3_conv_inst/USE_READ.USE_SPLIT_R.read_addr_inst/USE_R_CHANNEL.cmd_queue/inst/fifo_gen_inst/inst_fifo_gen/gconvfifo.rf/grf.rf/gntv_or_sync_fifo.gl0.rd/gr1.gr1_int.rfwft/aempty_fwft_i,
lesion_i/video/axi_mem_intercon/s01_couplers/auto_pc/inst/gen_axi4_axi3.axi3_conv_inst/USE_READ.USE_SPLIT_R.read_addr_inst/USE_R_CHANNEL.cmd_queue/inst/fifo_gen_inst/inst_fifo_gen/gconvfifo.rf/grf.rf/rstblk/ngwrdrst.grst.rd_rst_reg[2:0],
lesion_i/video/hdmi_in/frontend/v_vid_in_axi4s_0/inst/COUPLER_INST/generate_async_fifo.FIFO_INST/XPM_FIFO_ASYNC_INST/gnuram_async_fifo.xpm_fifo_base_inst/gen_sdpram.xpm_memory_base_inst/doutb[26]
 (the first 15 of 80 listed).
Related violations: <none>

REQP-181#1 Advisory
writefirst  
Synchronous clocking is detected for BRAM (lesion_i/video/axi_vdma/U0/I_PRMRY_DATAMOVER/GEN_S2MM_FULL.I_S2MM_FULL_WRAPPER/GEN_ENABLE_INDET_BTT_SF.I_INDET_BTT/I_DATA_FIFO/BLK_MEM.I_SYNC_FIFOGEN_FIFO/xpm_fifo_base_inst/gen_sdpram.xpm_memory_base_inst/gen_wr_a.gen_word_narrow.mem_reg) in SDP mode with WRITE_FIRST write-mode. This is the preferred mode for best power characteristics, however it may exhibit address collisions if the same address appears on both read and write ports resulting in unknown or corrupted read data. It is suggested to confirm via simulation that an address collision never occurs and if so it is suggested to try and avoid this situation. If address collisions cannot be avoided, the write-mode may be set to READ_FIRST which guarantees that the read data is the prior contents of the memory at the cost of additional power in the design. See the FPGA Memory Resources User Guide for additional information.
Related violations: <none>


