Copyright 1986-2022 Xilinx, Inc. All Rights Reserved. Copyright 2022-2025 Advanced Micro Devices, Inc. All Rights Reserved.
---------------------------------------------------------------------------------------------------------------------------------------------
| Tool Version : Vivado v.2025.2 (win64) Build 6299465 Fri Nov 14 19:35:11 GMT 2025
| Date         : Wed Sep 30 20:17:06 2026
| Host         : WIN-9V8PKT2UNH4 running 64-bit major release  (build 9200)
| Command      : report_timing_summary -file C:/temp/lesion_hdmi_full/build/timing_summary.rpt
| Design       : lesion_wrapper
| Device       : 7z020-clg400
| Speed File   : -1  PRODUCTION 1.12 2019-11-22
| Design State : Physopt postRoute
---------------------------------------------------------------------------------------------------------------------------------------------

Timing Summary Report

------------------------------------------------------------------------------------------------
| Timer Settings
| --------------
------------------------------------------------------------------------------------------------

  Enable Multi Corner Analysis               :  Yes
  Enable Pessimism Removal                   :  Yes
  Pessimism Removal Resolution               :  Nearest Common Node
  Enable Input Delay Default Clock           :  No
  Enable Preset / Clear Arcs                 :  No
  Disable Flight Delays                      :  No
  Ignore I/O Paths                           :  No
  Timing Early Launch at Borrowing Latches   :  No
  Borrow Time for Max Delay Exceptions       :  Yes
  Merge Timing Exceptions                    :  Yes
  Inter-SLR Compensation                     :  Conservative

  Corner  Analyze    Analyze    
  Name    Max Paths  Min Paths  
  ------  ---------  ---------  
  Slow    Yes        Yes        
  Fast    Yes        Yes        


------------------------------------------------------------------------------------------------
| Report Methodology
| ------------------
------------------------------------------------------------------------------------------------

Rule       Severity  Description                                           Violations  
---------  --------  ----------------------------------------------------  ----------  
LUTAR-1    Warning   LUT drives async reset alert                          9           
TIMING-9   Warning   Unknown CDC Logic                                     1           
TIMING-18  Warning   Missing input or output delay                         5           
ULMTCS-1   Warning   Control Sets use limits recommend reduction           1           
XDCB-5     Warning   Runtime inefficient way to find pin objects           2           
XDCC-4     Warning   User Clock constraint overwritten with the same name  1           
XDCC-8     Warning   User Clock constraint overwritten on the same source  1           

Note: This report is based on the most recent report_methodology run and may not be up-to-date. Run report_methodology on the current design for the latest report.



check_timing report

Table of Contents
-----------------
1. checking no_clock (0)
2. checking constant_clock (0)
3. checking pulse_width_clock (0)
4. checking unconstrained_internal_endpoints (0)
5. checking no_input_delay (5)
6. checking no_output_delay (7)
7. checking multiple_clock (0)
8. checking generated_clocks (0)
9. checking loops (0)
10. checking partial_input_delay (0)
11. checking partial_output_delay (0)
12. checking latch_loops (0)

1. checking no_clock (0)
------------------------
 There are 0 register/latch pins with no clock.


2. checking constant_clock (0)
------------------------------
 There are 0 register/latch pins with constant_clock.


3. checking pulse_width_clock (0)
---------------------------------
 There are 0 register/latch pins which need pulse_width check


4. checking unconstrained_internal_endpoints (0)
------------------------------------------------
 There are 0 pins that are not constrained for maximum delay.

 There are 0 pins that are not constrained for maximum delay due to constant clock.


5. checking no_input_delay (5)
------------------------------
 There are 5 input ports with no input delay specified. (HIGH)

 There are 0 input ports with no input delay but user has a false path constraint.


6. checking no_output_delay (7)
-------------------------------
 There are 7 ports with no output delay specified. (HIGH)

 There are 0 ports with no output delay but user has a false path constraint

 There are 0 ports with no output delay but with a timing clock defined on it or propagating through it


7. checking multiple_clock (0)
------------------------------
 There are 0 register/latch pins with multiple clocks.


8. checking generated_clocks (0)
--------------------------------
 There are 0 generated clocks that are not connected to a clock source.


9. checking loops (0)
---------------------
 There are 0 combinational loops in the design.


10. checking partial_input_delay (0)
------------------------------------
 There are 0 input ports with partial input delay specified.


11. checking partial_output_delay (0)
-------------------------------------
 There are 0 ports with partial output delay specified.


12. checking latch_loops (0)
----------------------------
 There are 0 combinational latch loops in the design through latch input



------------------------------------------------------------------------------------------------
| Design Timing Summary
| ---------------------
------------------------------------------------------------------------------------------------

    WNS(ns)      TNS(ns)  TNS Failing Endpoints  TNS Total Endpoints      WHS(ns)      THS(ns)  THS Failing Endpoints  THS Total Endpoints     WPWS(ns)     TPWS(ns)  TPWS Failing Endpoints  TPWS Total Endpoints  
    -------      -------  ---------------------  -------------------      -------      -------  ---------------------  -------------------     --------     --------  ----------------------  --------------------  
      0.222        0.000                      0                98375        0.017        0.000                      0                97847        0.000        0.000                       0                 38864  


All user specified timing constraints are met.


------------------------------------------------------------------------------------------------
| Clock Summary
| -------------
------------------------------------------------------------------------------------------------

Clock                       Waveform(ns)         Period(ns)      Frequency(MHz)
-----                       ------------         ----------      --------------
clk_fpga_0                  {0.000 5.000}        10.000          100.000         
  I                         {0.000 1.000}        2.000           500.000         
    axi_dynclk_0_PXL_CLK_O  {0.000 4.000}        10.000          100.000         
    hdmi_stream_serial      {0.000 1.000}        2.000           500.000         
  mmcm_fbclk_out            {0.000 5.000}        10.000          100.000         
clk_fpga_1                  {0.000 3.500}        7.000           142.857         
clk_fpga_2                  {0.000 2.500}        5.000           200.000         
clk_fpga_3                  {0.000 5.000}        10.000          100.000         
hdmi_in_clk_p               {0.000 4.167}        8.333           120.005         
  CLKFBIN                   {0.000 4.167}        8.333           120.005         
  CLK_OUT_5x_hdmi_clk       {0.000 0.833}        1.667           600.024         
    hdmi_in_PixelClk        {0.000 3.333}        8.333           120.005         


------------------------------------------------------------------------------------------------
| Intra Clock Table
| -----------------
------------------------------------------------------------------------------------------------

Clock                           WNS(ns)      TNS(ns)  TNS Failing Endpoints  TNS Total Endpoints      WHS(ns)      THS(ns)  THS Failing Endpoints  THS Total Endpoints     WPWS(ns)     TPWS(ns)  TPWS Failing Endpoints  TPWS Total Endpoints  
-----                           -------      -------  ---------------------  -------------------      -------      -------  ---------------------  -------------------     --------     --------  ----------------------  --------------------  
clk_fpga_0                        0.255        0.000                      0                66376        0.017        0.000                      0                66376        2.500        0.000                       0                 24923  
  I                                                                                                                                                                           0.334        0.000                       0                     3  
    axi_dynclk_0_PXL_CLK_O        0.724        0.000                      0                 5629        0.106        0.000                      0                 5629        3.020        0.000                       0                  2951  
    hdmi_stream_serial                                                                                                                                                        0.333        0.000                       0                     8  
  mmcm_fbclk_out                                                                                                                                                              8.751        0.000                       0                     2  
clk_fpga_1                        0.446        0.000                      0                18945        0.030        0.000                      0                18945        2.250        0.000                       0                  7661  
clk_fpga_2                        1.310        0.000                      0                  337        0.099        0.000                      0                  337        0.264        0.000                       0                   158  
hdmi_in_clk_p                                                                                                                                                                 2.166        0.000                       0                     1  
  CLKFBIN                                                                                                                                                                     7.084        0.000                       0                     2  
  CLK_OUT_5x_hdmi_clk                                                                                                                                                         0.000        0.000                       0                    15  
    hdmi_in_PixelClk              0.222        0.000                      0                 6266        0.072        0.000                      0                 6266        2.083        0.000                       0                  3140  


------------------------------------------------------------------------------------------------
| Inter Clock Table
| -----------------
------------------------------------------------------------------------------------------------

From Clock              To Clock                    WNS(ns)      TNS(ns)  TNS Failing Endpoints  TNS Total Endpoints      WHS(ns)      THS(ns)  THS Failing Endpoints  THS Total Endpoints  
----------              --------                    -------      -------  ---------------------  -------------------      -------      -------  ---------------------  -------------------  
axi_dynclk_0_PXL_CLK_O  clk_fpga_0                    7.898        0.000                      0                   34                                                                        
clk_fpga_1              clk_fpga_0                   28.313        0.000                      0                  144                                                                        
hdmi_in_PixelClk        clk_fpga_0                    5.016        0.000                      0                   34                                                                        
clk_fpga_0              axi_dynclk_0_PXL_CLK_O        8.025        0.000                      0                   42                                                                        
clk_fpga_1              axi_dynclk_0_PXL_CLK_O        5.429        0.000                      0                   23                                                                        
clk_fpga_0              clk_fpga_1                   19.368        0.000                      0                  136                                                                        
axi_dynclk_0_PXL_CLK_O  clk_fpga_1                    8.520        0.000                      0                   23                                                                        
hdmi_in_PixelClk        clk_fpga_1                    6.670        0.000                      0                   25                                                                        
clk_fpga_0              hdmi_in_PixelClk              7.337        0.000                      0                   42                                                                        
clk_fpga_1              hdmi_in_PixelClk              5.375        0.000                      0                   25                                                                        


------------------------------------------------------------------------------------------------
| Other Path Groups Table
| -----------------------
------------------------------------------------------------------------------------------------

Path Group         From Clock         To Clock               WNS(ns)      TNS(ns)  TNS Failing Endpoints  TNS Total Endpoints      WHS(ns)      THS(ns)  THS Failing Endpoints  THS Total Endpoints  
----------         ----------         --------               -------      -------  ---------------------  -------------------      -------      -------  ---------------------  -------------------  
**async_default**  clk_fpga_0         clk_fpga_0               5.784        0.000                      0                  192        0.541        0.000                      0                  192  
**async_default**  clk_fpga_1         clk_fpga_1               3.142        0.000                      0                   96        0.584        0.000                      0                   96  
**async_default**  clk_fpga_2         clk_fpga_2               3.006        0.000                      0                    3        0.436        0.000                      0                    3  
**async_default**  hdmi_in_PixelClk   hdmi_in_PixelClk         5.283        0.000                      0                    3        0.799        0.000                      0                    3  


------------------------------------------------------------------------------------------------
| Timing Details
| --------------
------------------------------------------------------------------------------------------------


---------------------------------------------------------------------------------------------------
From Clock:  clk_fpga_0
  To Clock:  clk_fpga_0

Setup :            0  Failing Endpoints,  Worst Slack        0.255ns,  Total Violation        0.000ns
Hold  :            0  Failing Endpoints,  Worst Slack        0.017ns,  Total Violation        0.000ns
PW    :            0  Failing Endpoints,  Worst Slack        2.500ns,  Total Violation        0.000ns
---------------------------------------------------------------------------------------------------


Max Delay Paths
--------------------------------------------------------------------------------------
Slack (MET) :             0.255ns  (required time - arrival time)
  Source:                 lesion_i/lesion_accel_0/inst/grp_convolution_fu_955/pixels_U/tmp_product__0_carry__0_i_12__10_psbram/C
                            (rising edge-triggered cell FDRE clocked by clk_fpga_0  {rise@0.000ns fall@5.000ns period=10.000ns})
  Destination:            lesion_i/lesion_accel_0/inst/grp_convolution_fu_955/grp_convolution_Pipeline_VITIS_LOOP_53_14_VITIS_LOOP_54_15_VITIS_LOOP_55_16_fu_829/add_ln65_55_reg_3948_reg/A[3]
                            (rising edge-triggered cell DSP48E1 clocked by clk_fpga_0  {rise@0.000ns fall@5.000ns period=10.000ns})
  Path Group:             clk_fpga_0
  Path Type:              Setup (Max at Slow Process Corner)
  Requirement:            10.000ns  (clk_fpga_0 rise@10.000ns - clk_fpga_0 rise@0.000ns)
  Data Path Delay:        9.077ns  (logic 4.070ns (44.839%)  route 5.007ns (55.161%))
  Logic Levels:           11  (CARRY4=6 LUT2=2 LUT3=1 LUT4=1 LUT6=1)
  Clock Path Skew:        0.023ns (DCD - SCD + CPR)
    Destination Clock Delay (DCD):    2.750ns = ( 12.750 - 10.000 ) 
    Source Clock Delay      (SCD):    2.957ns
    Clock Pessimism Removal (CPR):    0.230ns
  Clock Uncertainty:      0.154ns  ((TSJ^2 + TIJ^2)^1/2 + DJ) / 2 + PE
    Total System Jitter     (TSJ):    0.071ns
    Total Input Jitter      (TIJ):    0.300ns
    Discrete Jitter          (DJ):    0.000ns
    Phase Error              (PE):    0.000ns

    Location             Delay type                Incr(ns)  Path(ns)    Netlist Resource(s)
  -------------------------------------------------------------------    -------------------
                         (clock clk_fpga_0 rise edge)
                                                      0.000     0.000 r  
    PS7_X0Y0             PS7                          0.000     0.000 r  lesion_i/ps7_0/inst/PS7_i/FCLKCLK[0]
                         net (fo=1, routed)           1.193     1.193    lesion_i/ps7_0/inst/FCLK_CLK_unbuffered[0]
    BUFGCTRL_X0Y16       BUFG (Prop_bufg_I_O)         0.101     1.294 r  lesion_i/ps7_0/inst/buffer_fclk_clk_0.FCLK_CLK_0_BUFG/O
                         net (fo=24936, routed)       1.663     2.957    lesion_i/lesion_accel_0/inst/grp_convolution_fu_955/pixels_U/ap_clk
    SLICE_X40Y14         FDRE                                         r  lesion_i/lesion_accel_0/inst/grp_convolution_fu_955/pixels_U/tmp_product__0_carry__0_i_12__10_psbram/C
  -------------------------------------------------------------------    -------------------
    SLICE_X40Y14         FDRE (Prop_fdre_C_Q)         0.456     3.413 f  lesion_i/lesion_accel_0/inst/grp_convolution_fu_955/pixels_U/tmp_product__0_carry__0_i_12__10_psbram/Q
                         net (fo=128, routed)         1.298     4.711    lesion_i/lesion_accel_0/inst/grp_convolution_fu_955/pixels_U/ram_reg_0[2]
    SLICE_X44Y16         LUT2 (Prop_lut2_I0_O)        0.152     4.863 r  lesion_i/lesion_accel_0/inst/grp_convolution_fu_955/pixels_U/tmp_product__0_carry__0_i_12__13/O
                         net (fo=1, routed)           0.446     5.309    lesion_i/lesion_accel_0/inst/grp_convolution_fu_955/grp_convolution_Pipeline_VITIS_LOOP_53_14_VITIS_LOOP_54_15_VITIS_LOOP_55_16_fu_829/mul_8s_8s_16_1_1_U173/tmp_product__0_carry__0_1
    SLICE_X43Y17         LUT6 (Prop_lut6_I3_O)        0.326     5.635 r  lesion_i/lesion_accel_0/inst/grp_convolution_fu_955/grp_convolution_Pipeline_VITIS_LOOP_53_14_VITIS_LOOP_54_15_VITIS_LOOP_55_16_fu_829/mul_8s_8s_16_1_1_U173/tmp_product__0_carry__0_i_8__13/O
                         net (fo=1, routed)           0.000     5.635    lesion_i/lesion_accel_0/inst/grp_convolution_fu_955/grp_convolution_Pipeline_VITIS_LOOP_53_14_VITIS_LOOP_54_15_VITIS_LOOP_55_16_fu_829/mul_8s_8s_16_1_1_U173/tmp_product__0_carry__0_i_8__13_n_5
    SLICE_X43Y17         CARRY4 (Prop_carry4_S[0]_CO[3])
                                                      0.532     6.167 r  lesion_i/lesion_accel_0/inst/grp_convolution_fu_955/grp_convolution_Pipeline_VITIS_LOOP_53_14_VITIS_LOOP_54_15_VITIS_LOOP_55_16_fu_829/mul_8s_8s_16_1_1_U173/tmp_product__0_carry__0/CO[3]
                         net (fo=1, routed)           0.000     6.167    lesion_i/lesion_accel_0/inst/grp_convolution_fu_955/grp_convolution_Pipeline_VITIS_LOOP_53_14_VITIS_LOOP_54_15_VITIS_LOOP_55_16_fu_829/mul_8s_8s_16_1_1_U173/tmp_product__0_carry__0_n_5
    SLICE_X43Y18         CARRY4 (Prop_carry4_CI_O[0])
                                                      0.222     6.389 r  lesion_i/lesion_accel_0/inst/grp_convolution_fu_955/grp_convolution_Pipeline_VITIS_LOOP_53_14_VITIS_LOOP_54_15_VITIS_LOOP_55_16_fu_829/mul_8s_8s_16_1_1_U173/tmp_product__0_carry__1/O[0]
                         net (fo=2, routed)           0.456     6.844    lesion_i/lesion_accel_0/inst/grp_convolution_fu_955/grp_convolution_Pipeline_VITIS_LOOP_53_14_VITIS_LOOP_54_15_VITIS_LOOP_55_16_fu_829/mul_8s_8s_16_1_1_U173/tmp_product__0_carry__1_n_12
    SLICE_X42Y18         LUT3 (Prop_lut3_I2_O)        0.299     7.143 r  lesion_i/lesion_accel_0/inst/grp_convolution_fu_955/grp_convolution_Pipeline_VITIS_LOOP_53_14_VITIS_LOOP_54_15_VITIS_LOOP_55_16_fu_829/mul_8s_8s_16_1_1_U173/tmp_product__85_carry__0_i_3__13/O
                         net (fo=2, routed)           0.633     7.777    lesion_i/lesion_accel_0/inst/grp_convolution_fu_955/grp_convolution_Pipeline_VITIS_LOOP_53_14_VITIS_LOOP_54_15_VITIS_LOOP_55_16_fu_829/mul_8s_8s_16_1_1_U173/tmp_product__85_carry__0_i_3__13_n_5
    SLICE_X41Y19         LUT4 (Prop_lut4_I3_O)        0.124     7.901 r  lesion_i/lesion_accel_0/inst/grp_convolution_fu_955/grp_convolution_Pipeline_VITIS_LOOP_53_14_VITIS_LOOP_54_15_VITIS_LOOP_55_16_fu_829/mul_8s_8s_16_1_1_U173/tmp_product__85_carry__0_i_7__13/O
                         net (fo=1, routed)           0.000     7.901    lesion_i/lesion_accel_0/inst/grp_convolution_fu_955/grp_convolution_Pipeline_VITIS_LOOP_53_14_VITIS_LOOP_54_15_VITIS_LOOP_55_16_fu_829/mul_8s_8s_16_1_1_U173/tmp_product__85_carry__0_i_7__13_n_5
    SLICE_X41Y19         CARRY4 (Prop_carry4_S[1]_CO[3])
                                                      0.550     8.451 r  lesion_i/lesion_accel_0/inst/grp_convolution_fu_955/grp_convolution_Pipeline_VITIS_LOOP_53_14_VITIS_LOOP_54_15_VITIS_LOOP_55_16_fu_829/mul_8s_8s_16_1_1_U173/tmp_product__85_carry__0/CO[3]
                         net (fo=1, routed)           0.000     8.451    lesion_i/lesion_accel_0/inst/grp_convolution_fu_955/grp_convolution_Pipeline_VITIS_LOOP_53_14_VITIS_LOOP_54_15_VITIS_LOOP_55_16_fu_829/mul_8s_8s_16_1_1_U173/tmp_product__85_carry__0_n_5
    SLICE_X41Y20         CARRY4 (Prop_carry4_CI_O[1])
                                                      0.334     8.785 r  lesion_i/lesion_accel_0/inst/grp_convolution_fu_955/grp_convolution_Pipeline_VITIS_LOOP_53_14_VITIS_LOOP_54_15_VITIS_LOOP_55_16_fu_829/mul_8s_8s_16_1_1_U173/tmp_product__85_carry__1/O[1]
                         net (fo=1, routed)           1.055     9.840    lesion_i/lesion_accel_0/inst/grp_convolution_fu_955/grp_convolution_Pipeline_VITIS_LOOP_53_14_VITIS_LOOP_54_15_VITIS_LOOP_55_16_fu_829/mac_muladd_8s_8s_16s_17_4_1_U212/lesion_accel_mac_muladd_8s_8s_16s_17_4_1_DSP48_0_U/O[1]
    SLICE_X39Y33         LUT2 (Prop_lut2_I1_O)        0.303    10.143 r  lesion_i/lesion_accel_0/inst/grp_convolution_fu_955/grp_convolution_Pipeline_VITIS_LOOP_53_14_VITIS_LOOP_54_15_VITIS_LOOP_55_16_fu_829/mac_muladd_8s_8s_16s_17_4_1_U212/lesion_accel_mac_muladd_8s_8s_16s_17_4_1_DSP48_0_U/p_carry__2_i_3__13/O
                         net (fo=1, routed)           0.000    10.143    lesion_i/lesion_accel_0/inst/grp_convolution_fu_955/grp_convolution_Pipeline_VITIS_LOOP_53_14_VITIS_LOOP_54_15_VITIS_LOOP_55_16_fu_829/mac_muladd_8s_8s_16s_17_4_1_U212/lesion_accel_mac_muladd_8s_8s_16s_17_4_1_DSP48_0_U/p_carry__2_i_3__13_n_5
    SLICE_X39Y33         CARRY4 (Prop_carry4_S[1]_CO[3])
                                                      0.550    10.693 r  lesion_i/lesion_accel_0/inst/grp_convolution_fu_955/grp_convolution_Pipeline_VITIS_LOOP_53_14_VITIS_LOOP_54_15_VITIS_LOOP_55_16_fu_829/mac_muladd_8s_8s_16s_17_4_1_U212/lesion_accel_mac_muladd_8s_8s_16s_17_4_1_DSP48_0_U/p_carry__2/CO[3]
                         net (fo=1, routed)           0.000    10.693    lesion_i/lesion_accel_0/inst/grp_convolution_fu_955/grp_convolution_Pipeline_VITIS_LOOP_53_14_VITIS_LOOP_54_15_VITIS_LOOP_55_16_fu_829/mac_muladd_8s_8s_16s_17_4_1_U212/lesion_accel_mac_muladd_8s_8s_16s_17_4_1_DSP48_0_U/p_carry__2_n_5
    SLICE_X39Y34         CARRY4 (Prop_carry4_CI_O[0])
                                                      0.222    10.915 r  lesion_i/lesion_accel_0/inst/grp_convolution_fu_955/grp_convolution_Pipeline_VITIS_LOOP_53_14_VITIS_LOOP_54_15_VITIS_LOOP_55_16_fu_829/mac_muladd_8s_8s_16s_17_4_1_U212/lesion_accel_mac_muladd_8s_8s_16s_17_4_1_DSP48_0_U/p_carry__3/O[0]
                         net (fo=32, routed)          1.119    12.034    lesion_i/lesion_accel_0/inst/grp_convolution_fu_955/grp_convolution_Pipeline_VITIS_LOOP_53_14_VITIS_LOOP_54_15_VITIS_LOOP_55_16_fu_829/mac_muladd_8s_8s_16s_17_4_1_U212_n_8
    DSP48_X2Y10          DSP48E1                                      r  lesion_i/lesion_accel_0/inst/grp_convolution_fu_955/grp_convolution_Pipeline_VITIS_LOOP_53_14_VITIS_LOOP_54_15_VITIS_LOOP_55_16_fu_829/add_ln65_55_reg_3948_reg/A[3]
  -------------------------------------------------------------------    -------------------

                         (clock clk_fpga_0 rise edge)
                                                     10.000    10.000 r  
    PS7_X0Y0             PS7                          0.000    10.000 r  lesion_i/ps7_0/inst/PS7_i/FCLKCLK[0]
                         net (fo=1, routed)           1.088    11.088    lesion_i/ps7_0/inst/FCLK_CLK_unbuffered[0]
    BUFGCTRL_X0Y16       BUFG (Prop_bufg_I_O)         0.091    11.179 r  lesion_i/ps7_0/inst/buffer_fclk_clk_0.FCLK_CLK_0_BUFG/O
                         net (fo=24936, routed)       1.571    12.750    lesion_i/lesion_accel_0/inst/grp_convolution_fu_955/grp_convolution_Pipeline_VITIS_LOOP_53_14_VITIS_LOOP_54_15_VITIS_LOOP_55_16_fu_829/ap_clk
    DSP48_X2Y10          DSP48E1                                      r  lesion_i/lesion_accel_0/inst/grp_convolution_fu_955/grp_convolution_Pipeline_VITIS_LOOP_53_14_VITIS_LOOP_54_15_VITIS_LOOP_55_16_fu_829/add_ln65_55_reg_3948_reg/CLK
                         clock pessimism              0.230    12.980    
                         clock uncertainty           -0.154    12.825    
    DSP48_X2Y10          DSP48E1 (Setup_dsp48e1_CLK_A[3])
                                                     -0.537    12.288    lesion_i/lesion_accel_0/inst/grp_convolution_fu_955/grp_convolution_Pipeline_VITIS_LOOP_53_14_VITIS_LOOP_54_15_VITIS_LOOP_55_16_fu_829/add_ln65_55_reg_3948_reg
  -------------------------------------------------------------------
                         required time                         12.288    
                         arrival time                         -12.034    
  -------------------------------------------------------------------
                         slack                                  0.255    





Min Delay Paths
--------------------------------------------------------------------------------------
Slack (MET) :             0.017ns  (arrival time - required time)
  Source:                 lesion_i/lesion_accel_0/inst/grp_convolution_fu_955/d_load_reg_1741_reg[2]/C
                            (rising edge-triggered cell FDRE clocked by clk_fpga_0  {rise@0.000ns fall@5.000ns period=10.000ns})
  Destination:            lesion_i/lesion_accel_0/inst/grp_convolution_fu_955/add_ln32_2_reg_1934_reg[2]/D
                            (rising edge-triggered cell FDRE clocked by clk_fpga_0  {rise@0.000ns fall@5.000ns period=10.000ns})
  Path Group:             clk_fpga_0
  Path Type:              Hold (Min at Fast Process Corner)
  Requirement:            0.000ns  (clk_fpga_0 rise@0.000ns - clk_fpga_0 rise@0.000ns)
  Data Path Delay:        0.349ns  (logic 0.141ns (40.362%)  route 0.208ns (59.638%))
  Logic Levels:           0  
  Clock Path Skew:        0.266ns (DCD - SCD - CPR)
    Destination Clock Delay (DCD):    1.185ns
    Source Clock Delay      (SCD):    0.884ns
    Clock Pessimism Removal (CPR):    0.035ns

    Location             Delay type                Incr(ns)  Path(ns)    Netlist Resource(s)
  -------------------------------------------------------------------    -------------------
                         (clock clk_fpga_0 rise edge)
                                                      0.000     0.000 r  
    PS7_X0Y0             PS7                          0.000     0.000 r  lesion_i/ps7_0/inst/PS7_i/FCLKCLK[0]
                         net (fo=1, routed)           0.310     0.310    lesion_i/ps7_0/inst/FCLK_CLK_unbuffered[0]
    BUFGCTRL_X0Y16       BUFG (Prop_bufg_I_O)         0.026     0.336 r  lesion_i/ps7_0/inst/buffer_fclk_clk_0.FCLK_CLK_0_BUFG/O
                         net (fo=24936, routed)       0.548     0.884    lesion_i/lesion_accel_0/inst/grp_convolution_fu_955/ap_clk
    SLICE_X53Y63         FDRE                                         r  lesion_i/lesion_accel_0/inst/grp_convolution_fu_955/d_load_reg_1741_reg[2]/C
  -------------------------------------------------------------------    -------------------
    SLICE_X53Y63         FDRE (Prop_fdre_C_Q)         0.141     1.025 r  lesion_i/lesion_accel_0/inst/grp_convolution_fu_955/d_load_reg_1741_reg[2]/Q
                         net (fo=2, routed)           0.208     1.233    lesion_i/lesion_accel_0/inst/grp_convolution_fu_955/d_load_reg_1741[2]
    SLICE_X49Y63         FDRE                                         r  lesion_i/lesion_accel_0/inst/grp_convolution_fu_955/add_ln32_2_reg_1934_reg[2]/D
  -------------------------------------------------------------------    -------------------

                         (clock clk_fpga_0 rise edge)
                                                      0.000     0.000 r  
    PS7_X0Y0             PS7                          0.000     0.000 r  lesion_i/ps7_0/inst/PS7_i/FCLKCLK[0]
                         net (fo=1, routed)           0.337     0.337    lesion_i/ps7_0/inst/FCLK_CLK_unbuffered[0]
    BUFGCTRL_X0Y16       BUFG (Prop_bufg_I_O)         0.029     0.366 r  lesion_i/ps7_0/inst/buffer_fclk_clk_0.FCLK_CLK_0_BUFG/O
                         net (fo=24936, routed)       0.819     1.185    lesion_i/lesion_accel_0/inst/grp_convolution_fu_955/ap_clk
    SLICE_X49Y63         FDRE                                         r  lesion_i/lesion_accel_0/inst/grp_convolution_fu_955/add_ln32_2_reg_1934_reg[2]/C
                         clock pessimism             -0.035     1.150    
    SLICE_X49Y63         FDRE (Hold_fdre_C_D)         0.066     1.216    lesion_i/lesion_accel_0/inst/grp_convolution_fu_955/add_ln32_2_reg_1934_reg[2]
  -------------------------------------------------------------------
                         required time                         -1.216    
                         arrival time                           1.233    
  -------------------------------------------------------------------
                         slack                                  0.017    





Pulse Width Checks
--------------------------------------------------------------------------------------
Clock Name:         clk_fpga_0
Waveform(ns):       { 0.000 5.000 }
Period(ns):         10.000
Sources:            { lesion_i/ps7_0/inst/PS7_i/FCLKCLK[0] }

Check Type        Corner  Lib Pin            Reference Pin  Required(ns)  Actual(ns)  Slack(ns)  Location         Pin
Min Period        n/a     MMCME2_ADV/DCLK    n/a            4.999         10.000      5.001      MMCME2_ADV_X1Y2  lesion_i/video/hdmi_out/frontend/axi_dynclk/U0/Inst_mmcme2_drp/mmcm_adv_inst/DCLK
Max Period        n/a     MMCME2_ADV/CLKIN1  n/a            100.000       10.000      90.000     MMCME2_ADV_X1Y2  lesion_i/video/hdmi_out/frontend/axi_dynclk/U0/Inst_mmcme2_drp/mmcm_adv_inst/CLKIN1
Low Pulse Width   Slow    MMCME2_ADV/DCLK    n/a            2.499         5.000       2.501      MMCME2_ADV_X1Y2  lesion_i/video/hdmi_out/frontend/axi_dynclk/U0/Inst_mmcme2_drp/mmcm_adv_inst/DCLK
High Pulse Width  Slow    MMCME2_ADV/DCLK    n/a            2.499         5.000       2.501      MMCME2_ADV_X1Y2  lesion_i/video/hdmi_out/frontend/axi_dynclk/U0/Inst_mmcme2_drp/mmcm_adv_inst/DCLK



---------------------------------------------------------------------------------------------------
From Clock:  I
  To Clock:  I

Setup :           NA  Failing Endpoints,  Worst Slack           NA  ,  Total Violation           NA
Hold  :           NA  Failing Endpoints,  Worst Slack           NA  ,  Total Violation           NA
PW    :            0  Failing Endpoints,  Worst Slack        0.334ns,  Total Violation        0.000ns
---------------------------------------------------------------------------------------------------


Pulse Width Checks
--------------------------------------------------------------------------------------
Clock Name:         I
Waveform(ns):       { 0.000 1.000 }
Period(ns):         2.000
Sources:            { lesion_i/video/hdmi_out/frontend/axi_dynclk/U0/Inst_mmcme2_drp/mmcm_adv_inst/CLKOUT0 }

Check Type  Corner  Lib Pin             Reference Pin  Required(ns)  Actual(ns)  Slack(ns)  Location         Pin
Min Period  n/a     BUFIO/I             n/a            1.666         2.000       0.334      BUFIO_X1Y9       lesion_i/video/hdmi_out/frontend/axi_dynclk/U0/BUFIO_inst/I
Max Period  n/a     MMCME2_ADV/CLKOUT0  n/a            213.360       2.000       211.360    MMCME2_ADV_X1Y2  lesion_i/video/hdmi_out/frontend/axi_dynclk/U0/Inst_mmcme2_drp/mmcm_adv_inst/CLKOUT0



---------------------------------------------------------------------------------------------------
From Clock:  axi_dynclk_0_PXL_CLK_O
  To Clock:  axi_dynclk_0_PXL_CLK_O

Setup :            0  Failing Endpoints,  Worst Slack        0.724ns,  Total Violation        0.000ns
Hold  :            0  Failing Endpoints,  Worst Slack        0.106ns,  Total Violation        0.000ns
PW    :            0  Failing Endpoints,  Worst Slack        3.020ns,  Total Violation        0.000ns
---------------------------------------------------------------------------------------------------


Max Delay Paths
--------------------------------------------------------------------------------------
Slack (MET) :             0.724ns  (required time - arrival time)
  Source:                 lesion_wrapper/lesion/video_imp_15QDWM9/hdmi_out_imp_1SB5NOD/frontend_imp_DZ8CGD/lesion_vtc_out_0/<hidden>/<hidden>/<hidden>
                            (rising edge-triggered cell FDRE clocked by axi_dynclk_0_PXL_CLK_O  {rise@0.000ns fall@4.000ns period=10.000ns})
  Destination:            lesion_wrapper/lesion/video_imp_15QDWM9/hdmi_out_imp_1SB5NOD/frontend_imp_DZ8CGD/lesion_vtc_out_0/<hidden>/<hidden>/<hidden>
                            (rising edge-triggered cell FDRE clocked by axi_dynclk_0_PXL_CLK_O  {rise@0.000ns fall@4.000ns period=10.000ns})
  Path Group:             axi_dynclk_0_PXL_CLK_O
  Path Type:              Setup (Max at Slow Process Corner)
  Requirement:            10.000ns  (axi_dynclk_0_PXL_CLK_O rise@10.000ns - axi_dynclk_0_PXL_CLK_O rise@0.000ns)
  Data Path Delay:        8.583ns  (logic 0.478ns (5.569%)  route 8.105ns (94.431%))
  Logic Levels:           0  
  Clock Path Skew:        -0.027ns (DCD - SCD + CPR)
    Destination Clock Delay (DCD):    5.810ns = ( 15.810 - 10.000 ) 
    Source Clock Delay      (SCD):    6.407ns
    Clock Pessimism Removal (CPR):    0.570ns
  Clock Uncertainty:      0.066ns  ((TSJ^2 + DJ^2)^1/2) / 2 + PE
    Total System Jitter     (TSJ):    0.071ns
    Discrete Jitter          (DJ):    0.112ns
    Phase Error              (PE):    0.000ns

    Location             Delay type                Incr(ns)  Path(ns)    Netlist Resource(s)
  -------------------------------------------------------------------    -------------------
                         (clock axi_dynclk_0_PXL_CLK_O rise edge)
                                                      0.000     0.000 r  
    PS7_X0Y0             PS7                          0.000     0.000 r  lesion_i/ps7_0/inst/PS7_i/FCLKCLK[0]
                         net (fo=1, routed)           1.193     1.193    lesion_i/ps7_0/inst/FCLK_CLK_unbuffered[0]
    BUFGCTRL_X0Y16       BUFG (Prop_bufg_I_O)         0.101     1.294 r  lesion_i/ps7_0/inst/buffer_fclk_clk_0.FCLK_CLK_0_BUFG/O
                         net (fo=24936, routed)       1.980     3.274    lesion_i/video/hdmi_out/frontend/axi_dynclk/U0/Inst_mmcme2_drp/REF_CLK_I
    MMCME2_ADV_X1Y2      MMCME2_ADV (Prop_mmcme2_adv_CLKIN1_CLKOUT0)
                                                      0.088     3.362 r  lesion_i/video/hdmi_out/frontend/axi_dynclk/U0/Inst_mmcme2_drp/mmcm_adv_inst/CLKOUT0
                         net (fo=2, routed)           1.063     4.425    lesion_i/video/hdmi_out/frontend/axi_dynclk/U0/I
    BUFR_X1Y9            BUFR (Prop_bufr_I_O)         1.031     5.456 r  lesion_i/video/hdmi_out/frontend/axi_dynclk/U0/BUFR_inst/O
                         net (fo=2951, routed)        0.951     6.407    lesion_wrapper/lesion/video_imp_15QDWM9/hdmi_out_imp_1SB5NOD/frontend_imp_DZ8CGD/lesion_vtc_out_0/<hidden>/<hidden>/<hidden>
    SLICE_X82Y125        FDRE                                         r  lesion_wrapper/lesion/video_imp_15QDWM9/hdmi_out_imp_1SB5NOD/frontend_imp_DZ8CGD/lesion_vtc_out_0/<hidden>/<hidden>/<hidden>
  -------------------------------------------------------------------    -------------------
    SLICE_X82Y125        FDRE (Prop_fdre_C_Q)         0.478     6.885 r  lesion_wrapper/lesion/video_imp_15QDWM9/hdmi_out_imp_1SB5NOD/frontend_imp_DZ8CGD/lesion_vtc_out_0/<hidden>/<hidden>/<hidden>
                         net (fo=128, routed)         8.105    14.990    lesion_wrapper/lesion/video_imp_15QDWM9/hdmi_out_imp_1SB5NOD/frontend_imp_DZ8CGD/lesion_vtc_out_0/<hidden>/<hidden>/<hidden>
    SLICE_X56Y131        FDRE                                         r  lesion_wrapper/lesion/video_imp_15QDWM9/hdmi_out_imp_1SB5NOD/frontend_imp_DZ8CGD/lesion_vtc_out_0/<hidden>/<hidden>/<hidden>
  -------------------------------------------------------------------    -------------------

                         (clock axi_dynclk_0_PXL_CLK_O rise edge)
                                                     10.000    10.000 r  
    PS7_X0Y0             PS7                          0.000    10.000 r  lesion_i/ps7_0/inst/PS7_i/FCLKCLK[0]
                         net (fo=1, routed)           1.088    11.088    lesion_i/ps7_0/inst/FCLK_CLK_unbuffered[0]
    BUFGCTRL_X0Y16       BUFG (Prop_bufg_I_O)         0.091    11.179 r  lesion_i/ps7_0/inst/buffer_fclk_clk_0.FCLK_CLK_0_BUFG/O
                         net (fo=24936, routed)       1.770    12.949    lesion_i/video/hdmi_out/frontend/axi_dynclk/U0/Inst_mmcme2_drp/REF_CLK_I
    MMCME2_ADV_X1Y2      MMCME2_ADV (Prop_mmcme2_adv_CLKIN1_CLKOUT0)
                                                      0.083    13.032 r  lesion_i/video/hdmi_out/frontend/axi_dynclk/U0/Inst_mmcme2_drp/mmcm_adv_inst/CLKOUT0
                         net (fo=2, routed)           0.960    13.992    lesion_i/video/hdmi_out/frontend/axi_dynclk/U0/I
    BUFR_X1Y9            BUFR (Prop_bufr_I_O)         0.918    14.910 r  lesion_i/video/hdmi_out/frontend/axi_dynclk/U0/BUFR_inst/O
                         net (fo=2951, routed)        0.900    15.810    lesion_wrapper/lesion/video_imp_15QDWM9/hdmi_out_imp_1SB5NOD/frontend_imp_DZ8CGD/lesion_vtc_out_0/<hidden>/<hidden>/<hidden>
    SLICE_X56Y131        FDRE                                         r  lesion_wrapper/lesion/video_imp_15QDWM9/hdmi_out_imp_1SB5NOD/frontend_imp_DZ8CGD/lesion_vtc_out_0/<hidden>/<hidden>/<hidden>
                         clock pessimism              0.570    16.380    
                         clock uncertainty           -0.066    16.314    
    SLICE_X56Y131        FDRE (Setup_fdre_C_R)       -0.600    15.714    lesion_wrapper/lesion/video_imp_15QDWM9/hdmi_out_imp_1SB5NOD/frontend_imp_DZ8CGD/lesion_vtc_out_0/<hidden>/<hidden>/<hidden>
  -------------------------------------------------------------------
                         required time                         15.714    
                         arrival time                         -14.990    
  -------------------------------------------------------------------
                         slack                                  0.724    





Min Delay Paths
--------------------------------------------------------------------------------------
Slack (MET) :             0.106ns  (arrival time - required time)
  Source:                 lesion_wrapper/lesion/video_imp_15QDWM9/hdmi_out_imp_1SB5NOD/frontend_imp_DZ8CGD/lesion_vtc_out_0/<hidden>/<hidden>
                            (rising edge-triggered cell FDRE clocked by axi_dynclk_0_PXL_CLK_O  {rise@0.000ns fall@4.000ns period=10.000ns})
  Destination:            lesion_wrapper/lesion/video_imp_15QDWM9/hdmi_out_imp_1SB5NOD/frontend_imp_DZ8CGD/lesion_vtc_out_0/<hidden>/<hidden>/<hidden>
                            (rising edge-triggered cell FDRE clocked by axi_dynclk_0_PXL_CLK_O  {rise@0.000ns fall@4.000ns period=10.000ns})
  Path Group:             axi_dynclk_0_PXL_CLK_O
  Path Type:              Hold (Min at Fast Process Corner)
  Requirement:            0.000ns  (axi_dynclk_0_PXL_CLK_O rise@0.000ns - axi_dynclk_0_PXL_CLK_O rise@0.000ns)
  Data Path Delay:        0.240ns  (logic 0.186ns (77.466%)  route 0.054ns (22.534%))
  Logic Levels:           1  (LUT3=1)
  Clock Path Skew:        0.013ns (DCD - SCD - CPR)
    Destination Clock Delay (DCD):    2.548ns
    Source Clock Delay      (SCD):    2.005ns
    Clock Pessimism Removal (CPR):    0.530ns

    Location             Delay type                Incr(ns)  Path(ns)    Netlist Resource(s)
  -------------------------------------------------------------------    -------------------
                         (clock axi_dynclk_0_PXL_CLK_O rise edge)
                                                      0.000     0.000 r  
    PS7_X0Y0             PS7                          0.000     0.000 r  lesion_i/ps7_0/inst/PS7_i/FCLKCLK[0]
                         net (fo=1, routed)           0.310     0.310    lesion_i/ps7_0/inst/FCLK_CLK_unbuffered[0]
    BUFGCTRL_X0Y16       BUFG (Prop_bufg_I_O)         0.026     0.336 r  lesion_i/ps7_0/inst/buffer_fclk_clk_0.FCLK_CLK_0_BUFG/O
                         net (fo=24936, routed)       0.672     1.008    lesion_i/video/hdmi_out/frontend/axi_dynclk/U0/Inst_mmcme2_drp/REF_CLK_I
    MMCME2_ADV_X1Y2      MMCME2_ADV (Prop_mmcme2_adv_CLKIN1_CLKOUT0)
                                                      0.050     1.058 r  lesion_i/video/hdmi_out/frontend/axi_dynclk/U0/Inst_mmcme2_drp/mmcm_adv_inst/CLKOUT0
                         net (fo=2, routed)           0.363     1.421    lesion_i/video/hdmi_out/frontend/axi_dynclk/U0/I
    BUFR_X1Y9            BUFR (Prop_bufr_I_O)         0.270     1.691 r  lesion_i/video/hdmi_out/frontend/axi_dynclk/U0/BUFR_inst/O
                         net (fo=2951, routed)        0.314     2.005    lesion_wrapper/lesion/video_imp_15QDWM9/hdmi_out_imp_1SB5NOD/frontend_imp_DZ8CGD/lesion_vtc_out_0/<hidden>/<hidden>
    SLICE_X55Y130        FDRE                                         r  lesion_wrapper/lesion/video_imp_15QDWM9/hdmi_out_imp_1SB5NOD/frontend_imp_DZ8CGD/lesion_vtc_out_0/<hidden>/<hidden>
  -------------------------------------------------------------------    -------------------
    SLICE_X55Y130        FDRE (Prop_fdre_C_Q)         0.141     2.146 r  lesion_wrapper/lesion/video_imp_15QDWM9/hdmi_out_imp_1SB5NOD/frontend_imp_DZ8CGD/lesion_vtc_out_0/<hidden>/<hidden>
                         net (fo=1, routed)           0.054     2.200    lesion_wrapper/lesion/video_imp_15QDWM9/hdmi_out_imp_1SB5NOD/frontend_imp_DZ8CGD/lesion_vtc_out_0/<hidden>/<hidden>/<hidden>
    SLICE_X54Y130        LUT3 (Prop_lut3_I0_O)        0.045     2.245 r  lesion_wrapper/lesion/video_imp_15QDWM9/hdmi_out_imp_1SB5NOD/frontend_imp_DZ8CGD/lesion_vtc_out_0/<hidden>/<hidden>/<hidden>
                         net (fo=1, routed)           0.000     2.245    lesion_wrapper/lesion/video_imp_15QDWM9/hdmi_out_imp_1SB5NOD/frontend_imp_DZ8CGD/lesion_vtc_out_0/<hidden>/<hidden>/<hidden>
    SLICE_X54Y130        FDRE                                         r  lesion_wrapper/lesion/video_imp_15QDWM9/hdmi_out_imp_1SB5NOD/frontend_imp_DZ8CGD/lesion_vtc_out_0/<hidden>/<hidden>/<hidden>
  -------------------------------------------------------------------    -------------------

                         (clock axi_dynclk_0_PXL_CLK_O rise edge)
                                                      0.000     0.000 r  
    PS7_X0Y0             PS7                          0.000     0.000 r  lesion_i/ps7_0/inst/PS7_i/FCLKCLK[0]
                         net (fo=1, routed)           0.337     0.337    lesion_i/ps7_0/inst/FCLK_CLK_unbuffered[0]
    BUFGCTRL_X0Y16       BUFG (Prop_bufg_I_O)         0.029     0.366 r  lesion_i/ps7_0/inst/buffer_fclk_clk_0.FCLK_CLK_0_BUFG/O
                         net (fo=24936, routed)       0.945     1.311    lesion_i/video/hdmi_out/frontend/axi_dynclk/U0/Inst_mmcme2_drp/REF_CLK_I
    MMCME2_ADV_X1Y2      MMCME2_ADV (Prop_mmcme2_adv_CLKIN1_CLKOUT0)
                                                      0.053     1.364 r  lesion_i/video/hdmi_out/frontend/axi_dynclk/U0/Inst_mmcme2_drp/mmcm_adv_inst/CLKOUT0
                         net (fo=2, routed)           0.402     1.766    lesion_i/video/hdmi_out/frontend/axi_dynclk/U0/I
    BUFR_X1Y9            BUFR (Prop_bufr_I_O)         0.431     2.197 r  lesion_i/video/hdmi_out/frontend/axi_dynclk/U0/BUFR_inst/O
                         net (fo=2951, routed)        0.351     2.548    lesion_wrapper/lesion/video_imp_15QDWM9/hdmi_out_imp_1SB5NOD/frontend_imp_DZ8CGD/lesion_vtc_out_0/<hidden>/<hidden>/<hidden>
    SLICE_X54Y130        FDRE                                         r  lesion_wrapper/lesion/video_imp_15QDWM9/hdmi_out_imp_1SB5NOD/frontend_imp_DZ8CGD/lesion_vtc_out_0/<hidden>/<hidden>/<hidden>
                         clock pessimism             -0.530     2.018    
    SLICE_X54Y130        FDRE (Hold_fdre_C_D)         0.121     2.139    lesion_wrapper/lesion/video_imp_15QDWM9/hdmi_out_imp_1SB5NOD/frontend_imp_DZ8CGD/lesion_vtc_out_0/<hidden>/<hidden>/<hidden>
  -------------------------------------------------------------------
                         required time                         -2.139    
                         arrival time                           2.245    
  -------------------------------------------------------------------
                         slack                                  0.106    





Pulse Width Checks
--------------------------------------------------------------------------------------
Clock Name:         axi_dynclk_0_PXL_CLK_O
Waveform(ns):       { 0.000 4.000 }
Period(ns):         10.000
Sources:            { lesion_i/video/hdmi_out/frontend/axi_dynclk/U0/BUFR_inst/O }

Check Type        Corner  Lib Pin             Reference Pin  Required(ns)  Actual(ns)  Slack(ns)  Location        Pin
Min Period        n/a     RAMB36E1/CLKBWRCLK  n/a            2.576         10.000      7.424      RAMB36_X4Y27    lesion_i/video/hdmi_out/frontend/v_axi4s_vid_out_0/inst/COUPLER_INST/generate_async_fifo.FIFO_INST/XPM_FIFO_ASYNC_INST/gnuram_async_fifo.xpm_fifo_base_inst/gen_sdpram.xpm_memory_base_inst/gen_wr_a.gen_word_narrow.mem_reg_0/CLKBWRCLK
Low Pulse Width   Slow    SRL16E/CLK          n/a            0.980         6.000       5.020      SLICE_X108Y124  lesion_i/video/hdmi_out/frontend/rgb2dvi_0/inst/core/de_pipe_reg[7]_srl6___inst_core_hs_pipe_reg_r_4/CLK
High Pulse Width  Slow    SRL16E/CLK          n/a            0.980         4.000       3.020      SLICE_X108Y124  lesion_i/video/hdmi_out/frontend/rgb2dvi_0/inst/core/de_pipe_reg[7]_srl6___inst_core_hs_pipe_reg_r_4/CLK



---------------------------------------------------------------------------------------------------
From Clock:  hdmi_stream_serial
  To Clock:  hdmi_stream_serial

Setup :           NA  Failing Endpoints,  Worst Slack           NA  ,  Total Violation           NA
Hold  :           NA  Failing Endpoints,  Worst Slack           NA  ,  Total Violation           NA
PW    :            0  Failing Endpoints,  Worst Slack        0.333ns,  Total Violation        0.000ns
---------------------------------------------------------------------------------------------------


Pulse Width Checks
--------------------------------------------------------------------------------------
Clock Name:         hdmi_stream_serial
Waveform(ns):       { 0.000 1.000 }
Period(ns):         2.000
Sources:            { lesion_i/video/hdmi_out/frontend/rgb2dvi_0/SerialClk }

Check Type  Corner  Lib Pin        Reference Pin  Required(ns)  Actual(ns)  Slack(ns)  Location       Pin
Min Period  n/a     OSERDESE2/CLK  n/a            1.667         2.000       0.333      OLOGIC_X1Y126  lesion_i/video/hdmi_out/frontend/rgb2dvi_0/inst/core/serialize/xilinx_serialize[0].primary/CLK



---------------------------------------------------------------------------------------------------
From Clock:  mmcm_fbclk_out
  To Clock:  mmcm_fbclk_out

Setup :           NA  Failing Endpoints,  Worst Slack           NA  ,  Total Violation           NA
Hold  :           NA  Failing Endpoints,  Worst Slack           NA  ,  Total Violation           NA
PW    :            0  Failing Endpoints,  Worst Slack        8.751ns,  Total Violation        0.000ns
---------------------------------------------------------------------------------------------------


Pulse Width Checks
--------------------------------------------------------------------------------------
Clock Name:         mmcm_fbclk_out
Waveform(ns):       { 0.000 5.000 }
Period(ns):         10.000
Sources:            { lesion_i/video/hdmi_out/frontend/axi_dynclk/U0/Inst_mmcme2_drp/mmcm_adv_inst/CLKFBOUT }

Check Type  Corner  Lib Pin              Reference Pin  Required(ns)  Actual(ns)  Slack(ns)  Location         Pin
Min Period  n/a     MMCME2_ADV/CLKFBOUT  n/a            1.249         10.000      8.751      MMCME2_ADV_X1Y2  lesion_i/video/hdmi_out/frontend/axi_dynclk/U0/Inst_mmcme2_drp/mmcm_adv_inst/CLKFBOUT
Max Period  n/a     MMCME2_ADV/CLKFBIN   n/a            100.000       10.000      90.000     MMCME2_ADV_X1Y2  lesion_i/video/hdmi_out/frontend/axi_dynclk/U0/Inst_mmcme2_drp/mmcm_adv_inst/CLKFBIN



---------------------------------------------------------------------------------------------------
From Clock:  clk_fpga_1
  To Clock:  clk_fpga_1

Setup :            0  Failing Endpoints,  Worst Slack        0.446ns,  Total Violation        0.000ns
Hold  :            0  Failing Endpoints,  Worst Slack        0.030ns,  Total Violation        0.000ns
PW    :            0  Failing Endpoints,  Worst Slack        2.250ns,  Total Violation        0.000ns
---------------------------------------------------------------------------------------------------


Max Delay Paths
--------------------------------------------------------------------------------------
Slack (MET) :             0.446ns  (required time - arrival time)
  Source:                 lesion_i/video/axi_mem_intercon/s01_couplers/auto_us/inst/gen_upsizer.gen_full_upsizer.axi_upsizer_inst/USE_READ.read_addr_inst/GEN_CMD_QUEUE.cmd_queue/USE_FF_OUT.USE_RTL_OUTPUT_PIPELINE.M_MESG_Q_reg[29]/C
                            (rising edge-triggered cell FDRE clocked by clk_fpga_1  {rise@0.000ns fall@3.500ns period=7.000ns})
  Destination:            lesion_i/video/axi_vdma/U0/GEN_SPRT_FOR_MM2S.MM2S_LINEBUFFER_I/GEN_LINEBUF_NO_SOF.GEN_LINEBUFFER.GEN_SYNC_FIFO.I_LINEBUFFER_FIFO/xpm_fifo_sync_inst/xpm_fifo_base_inst/gen_sdpram.xpm_memory_base_inst/gen_wr_a.gen_word_narrow.mem_reg/DIPADIP[0]
                            (rising edge-triggered cell RAMB18E1 clocked by clk_fpga_1  {rise@0.000ns fall@3.500ns period=7.000ns})
  Path Group:             clk_fpga_1
  Path Type:              Setup (Max at Slow Process Corner)
  Requirement:            7.000ns  (clk_fpga_1 rise@7.000ns - clk_fpga_1 rise@0.000ns)
  Data Path Delay:        6.149ns  (logic 1.368ns (22.249%)  route 4.781ns (77.751%))
  Logic Levels:           5  (LUT2=1 LUT4=2 LUT5=1 LUT6=1)
  Clock Path Skew:        -0.054ns (DCD - SCD + CPR)
    Destination Clock Delay (DCD):    2.699ns = ( 9.699 - 7.000 ) 
    Source Clock Delay      (SCD):    2.982ns
    Clock Pessimism Removal (CPR):    0.229ns
  Clock Uncertainty:      0.111ns  ((TSJ^2 + TIJ^2)^1/2 + DJ) / 2 + PE
    Total System Jitter     (TSJ):    0.071ns
    Total Input Jitter      (TIJ):    0.210ns
    Discrete Jitter          (DJ):    0.000ns
    Phase Error              (PE):    0.000ns

    Location             Delay type                Incr(ns)  Path(ns)    Netlist Resource(s)
  -------------------------------------------------------------------    -------------------
                         (clock clk_fpga_1 rise edge)
                                                      0.000     0.000 r  
    PS7_X0Y0             PS7                          0.000     0.000 r  lesion_i/ps7_0/inst/PS7_i/FCLKCLK[1]
                         net (fo=1, routed)           1.193     1.193    lesion_i/ps7_0/inst/FCLK_CLK_unbuffered[1]
    BUFGCTRL_X0Y17       BUFG (Prop_bufg_I_O)         0.101     1.294 r  lesion_i/ps7_0/inst/buffer_fclk_clk_1.FCLK_CLK_1_BUFG/O
                         net (fo=7661, routed)        1.688     2.982    lesion_i/video/axi_mem_intercon/s01_couplers/auto_us/inst/gen_upsizer.gen_full_upsizer.axi_upsizer_inst/USE_READ.read_addr_inst/GEN_CMD_QUEUE.cmd_queue/out
    SLICE_X26Y65         FDRE                                         r  lesion_i/video/axi_mem_intercon/s01_couplers/auto_us/inst/gen_upsizer.gen_full_upsizer.axi_upsizer_inst/USE_READ.read_addr_inst/GEN_CMD_QUEUE.cmd_queue/USE_FF_OUT.USE_RTL_OUTPUT_PIPELINE.M_MESG_Q_reg[29]/C
  -------------------------------------------------------------------    -------------------
    SLICE_X26Y65         FDRE (Prop_fdre_C_Q)         0.518     3.500 r  lesion_i/video/axi_mem_intercon/s01_couplers/auto_us/inst/gen_upsizer.gen_full_upsizer.axi_upsizer_inst/USE_READ.read_addr_inst/GEN_CMD_QUEUE.cmd_queue/USE_FF_OUT.USE_RTL_OUTPUT_PIPELINE.M_MESG_Q_reg[29]/Q
                         net (fo=14, routed)          1.232     4.732    lesion_i/video/axi_mem_intercon/s01_couplers/auto_us/inst/gen_upsizer.gen_full_upsizer.axi_upsizer_inst/USE_READ.read_addr_inst/GEN_CMD_QUEUE.cmd_queue/Q[7]
    SLICE_X32Y65         LUT5 (Prop_lut5_I3_O)        0.150     4.882 r  lesion_i/video/axi_mem_intercon/s01_couplers/auto_us/inst/gen_upsizer.gen_full_upsizer.axi_upsizer_inst/USE_READ.read_addr_inst/GEN_CMD_QUEUE.cmd_queue/s_axi_rlast_INST_0_i_7/O
                         net (fo=1, routed)           0.501     5.382    lesion_i/video/axi_mem_intercon/s01_couplers/auto_us/inst/gen_upsizer.gen_full_upsizer.axi_upsizer_inst/USE_READ.read_addr_inst/GEN_CMD_QUEUE.cmd_queue/s_axi_rlast_INST_0_i_7_n_0
    SLICE_X31Y65         LUT6 (Prop_lut6_I4_O)        0.328     5.710 f  lesion_i/video/axi_mem_intercon/s01_couplers/auto_us/inst/gen_upsizer.gen_full_upsizer.axi_upsizer_inst/USE_READ.read_addr_inst/GEN_CMD_QUEUE.cmd_queue/s_axi_rlast_INST_0_i_2/O
                         net (fo=4, routed)           0.791     6.501    lesion_i/video/axi_mem_intercon/s01_couplers/auto_us/inst/gen_upsizer.gen_full_upsizer.axi_upsizer_inst/USE_READ.gen_non_fifo_r_upsizer.read_data_inst/use_wrap_buffer_reg_0
    SLICE_X30Y71         LUT4 (Prop_lut4_I2_O)        0.124     6.625 r  lesion_i/video/axi_mem_intercon/s01_couplers/auto_us/inst/gen_upsizer.gen_full_upsizer.axi_upsizer_inst/USE_READ.gen_non_fifo_r_upsizer.read_data_inst/s_axi_rlast_INST_0/O
                         net (fo=3, routed)           0.476     7.102    lesion_i/video/axi_mem_intercon/s01_couplers/auto_pc/inst/gen_axi4_axi3.axi3_conv_inst/USE_READ.USE_SPLIT_R.read_addr_inst/USE_R_CHANNEL.cmd_queue/inst/m_axi_rlast
    SLICE_X30Y73         LUT2 (Prop_lut2_I0_O)        0.124     7.226 r  lesion_i/video/axi_mem_intercon/s01_couplers/auto_pc/inst/gen_axi4_axi3.axi3_conv_inst/USE_READ.USE_SPLIT_R.read_addr_inst/USE_R_CHANNEL.cmd_queue/inst/s_axi_rlast_INST_0/O
                         net (fo=4, routed)           0.946     8.171    lesion_i/video/axi_vdma/U0/I_PRMRY_DATAMOVER/GEN_MM2S_FULL.I_MM2S_FULL_WRAPPER/I_RD_DATA_CNTL/m_axi_mm2s_rlast
    SLICE_X33Y85         LUT4 (Prop_lut4_I2_O)        0.124     8.295 r  lesion_i/video/axi_vdma/U0/I_PRMRY_DATAMOVER/GEN_MM2S_FULL.I_MM2S_FULL_WRAPPER/I_RD_DATA_CNTL/xpm_fifo_sync_inst_i_2/O
                         net (fo=1, routed)           0.835     9.131    lesion_i/video/axi_vdma/U0/GEN_SPRT_FOR_MM2S.MM2S_LINEBUFFER_I/GEN_LINEBUF_NO_SOF.GEN_LINEBUFFER.GEN_SYNC_FIFO.I_LINEBUFFER_FIFO/xpm_fifo_sync_inst/xpm_fifo_base_inst/gen_sdpram.xpm_memory_base_inst/dina[32]
    RAMB18_X2Y36         RAMB18E1                                     r  lesion_i/video/axi_vdma/U0/GEN_SPRT_FOR_MM2S.MM2S_LINEBUFFER_I/GEN_LINEBUF_NO_SOF.GEN_LINEBUFFER.GEN_SYNC_FIFO.I_LINEBUFFER_FIFO/xpm_fifo_sync_inst/xpm_fifo_base_inst/gen_sdpram.xpm_memory_base_inst/gen_wr_a.gen_word_narrow.mem_reg/DIPADIP[0]
  -------------------------------------------------------------------    -------------------

                         (clock clk_fpga_1 rise edge)
                                                      7.000     7.000 r  
    PS7_X0Y0             PS7                          0.000     7.000 r  lesion_i/ps7_0/inst/PS7_i/FCLKCLK[1]
                         net (fo=1, routed)           1.088     8.088    lesion_i/ps7_0/inst/FCLK_CLK_unbuffered[1]
    BUFGCTRL_X0Y17       BUFG (Prop_bufg_I_O)         0.091     8.179 r  lesion_i/ps7_0/inst/buffer_fclk_clk_1.FCLK_CLK_1_BUFG/O
                         net (fo=7661, routed)        1.520     9.699    lesion_i/video/axi_vdma/U0/GEN_SPRT_FOR_MM2S.MM2S_LINEBUFFER_I/GEN_LINEBUF_NO_SOF.GEN_LINEBUFFER.GEN_SYNC_FIFO.I_LINEBUFFER_FIFO/xpm_fifo_sync_inst/xpm_fifo_base_inst/gen_sdpram.xpm_memory_base_inst/clka
    RAMB18_X2Y36         RAMB18E1                                     r  lesion_i/video/axi_vdma/U0/GEN_SPRT_FOR_MM2S.MM2S_LINEBUFFER_I/GEN_LINEBUF_NO_SOF.GEN_LINEBUFFER.GEN_SYNC_FIFO.I_LINEBUFFER_FIFO/xpm_fifo_sync_inst/xpm_fifo_base_inst/gen_sdpram.xpm_memory_base_inst/gen_wr_a.gen_word_narrow.mem_reg/CLKBWRCLK
                         clock pessimism              0.229     9.928    
                         clock uncertainty           -0.111     9.818    
    RAMB18_X2Y36         RAMB18E1 (Setup_ramb18e1_CLKBWRCLK_DIPADIP[0])
                                                     -0.241     9.577    lesion_i/video/axi_vdma/U0/GEN_SPRT_FOR_MM2S.MM2S_LINEBUFFER_I/GEN_LINEBUF_NO_SOF.GEN_LINEBUFFER.GEN_SYNC_FIFO.I_LINEBUFFER_FIFO/xpm_fifo_sync_inst/xpm_fifo_base_inst/gen_sdpram.xpm_memory_base_inst/gen_wr_a.gen_word_narrow.mem_reg
  -------------------------------------------------------------------
                         required time                          9.577    
                         arrival time                          -9.131    
  -------------------------------------------------------------------
                         slack                                  0.446    





Min Delay Paths
--------------------------------------------------------------------------------------
Slack (MET) :             0.030ns  (arrival time - required time)
  Source:                 lesion_i/video/axi_vdma/U0/AXI_LITE_REG_INTERFACE_I/GEN_AXI_LITE_IF.AXI_LITE_IF_I/GEN_LITE_IS_ASYNC.GEN_ASYNC_LITE_ACCESS.s2mm_axi2ip_wrdata_cdc_tig_reg[31]/C
                            (rising edge-triggered cell FDRE clocked by clk_fpga_1  {rise@0.000ns fall@3.500ns period=7.000ns})
  Destination:            lesion_i/video/axi_vdma/U0/GEN_SPRT_FOR_S2MM.S2MM_REGISTER_MODULE_I/I_DMA_REGISTER/ENABLE_DMACR_DELAY_CNTR.dmacr_i_reg[31]/D
                            (rising edge-triggered cell FDRE clocked by clk_fpga_1  {rise@0.000ns fall@3.500ns period=7.000ns})
  Path Group:             clk_fpga_1
  Path Type:              Hold (Min at Fast Process Corner)
  Requirement:            0.000ns  (clk_fpga_1 rise@0.000ns - clk_fpga_1 rise@0.000ns)
  Data Path Delay:        0.366ns  (logic 0.141ns (38.514%)  route 0.225ns (61.486%))
  Logic Levels:           0  
  Clock Path Skew:        0.258ns (DCD - SCD - CPR)
    Destination Clock Delay (DCD):    1.266ns
    Source Clock Delay      (SCD):    0.969ns
    Clock Pessimism Removal (CPR):    0.039ns

    Location             Delay type                Incr(ns)  Path(ns)    Netlist Resource(s)
  -------------------------------------------------------------------    -------------------
                         (clock clk_fpga_1 rise edge)
                                                      0.000     0.000 r  
    PS7_X0Y0             PS7                          0.000     0.000 r  lesion_i/ps7_0/inst/PS7_i/FCLKCLK[1]
                         net (fo=1, routed)           0.310     0.310    lesion_i/ps7_0/inst/FCLK_CLK_unbuffered[1]
    BUFGCTRL_X0Y17       BUFG (Prop_bufg_I_O)         0.026     0.336 r  lesion_i/ps7_0/inst/buffer_fclk_clk_1.FCLK_CLK_1_BUFG/O
                         net (fo=7661, routed)        0.633     0.969    lesion_i/video/axi_vdma/U0/AXI_LITE_REG_INTERFACE_I/GEN_AXI_LITE_IF.AXI_LITE_IF_I/m_axi_s2mm_aclk
    SLICE_X49Y134        FDRE                                         r  lesion_i/video/axi_vdma/U0/AXI_LITE_REG_INTERFACE_I/GEN_AXI_LITE_IF.AXI_LITE_IF_I/GEN_LITE_IS_ASYNC.GEN_ASYNC_LITE_ACCESS.s2mm_axi2ip_wrdata_cdc_tig_reg[31]/C
  -------------------------------------------------------------------    -------------------
    SLICE_X49Y134        FDRE (Prop_fdre_C_Q)         0.141     1.110 r  lesion_i/video/axi_vdma/U0/AXI_LITE_REG_INTERFACE_I/GEN_AXI_LITE_IF.AXI_LITE_IF_I/GEN_LITE_IS_ASYNC.GEN_ASYNC_LITE_ACCESS.s2mm_axi2ip_wrdata_cdc_tig_reg[31]/Q
                         net (fo=6, routed)           0.225     1.335    lesion_i/video/axi_vdma/U0/GEN_SPRT_FOR_S2MM.S2MM_REGISTER_MODULE_I/I_DMA_REGISTER/D[26]
    SLICE_X52Y134        FDRE                                         r  lesion_i/video/axi_vdma/U0/GEN_SPRT_FOR_S2MM.S2MM_REGISTER_MODULE_I/I_DMA_REGISTER/ENABLE_DMACR_DELAY_CNTR.dmacr_i_reg[31]/D
  -------------------------------------------------------------------    -------------------

                         (clock clk_fpga_1 rise edge)
                                                      0.000     0.000 r  
    PS7_X0Y0             PS7                          0.000     0.000 r  lesion_i/ps7_0/inst/PS7_i/FCLKCLK[1]
                         net (fo=1, routed)           0.337     0.337    lesion_i/ps7_0/inst/FCLK_CLK_unbuffered[1]
    BUFGCTRL_X0Y17       BUFG (Prop_bufg_I_O)         0.029     0.366 r  lesion_i/ps7_0/inst/buffer_fclk_clk_1.FCLK_CLK_1_BUFG/O
                         net (fo=7661, routed)        0.900     1.266    lesion_i/video/axi_vdma/U0/GEN_SPRT_FOR_S2MM.S2MM_REGISTER_MODULE_I/I_DMA_REGISTER/m_axi_s2mm_aclk
    SLICE_X52Y134        FDRE                                         r  lesion_i/video/axi_vdma/U0/GEN_SPRT_FOR_S2MM.S2MM_REGISTER_MODULE_I/I_DMA_REGISTER/ENABLE_DMACR_DELAY_CNTR.dmacr_i_reg[31]/C
                         clock pessimism             -0.039     1.227    
    SLICE_X52Y134        FDRE (Hold_fdre_C_D)         0.078     1.305    lesion_i/video/axi_vdma/U0/GEN_SPRT_FOR_S2MM.S2MM_REGISTER_MODULE_I/I_DMA_REGISTER/ENABLE_DMACR_DELAY_CNTR.dmacr_i_reg[31]
  -------------------------------------------------------------------
                         required time                         -1.305    
                         arrival time                           1.335    
  -------------------------------------------------------------------
                         slack                                  0.030    





Pulse Width Checks
--------------------------------------------------------------------------------------
Clock Name:         clk_fpga_1
Waveform(ns):       { 0.000 3.500 }
Period(ns):         7.000
Sources:            { lesion_i/ps7_0/inst/PS7_i/FCLKCLK[1] }

Check Type        Corner  Lib Pin      Reference Pin  Required(ns)  Actual(ns)  Slack(ns)  Location      Pin
Min Period        n/a     DSP48E1/CLK  n/a            3.884         7.000       3.116      DSP48_X4Y51   lesion_i/video/hdmi_in/color_convert/inst/mul_ln32_1_reg_1036_reg/CLK
Low Pulse Width   Slow    RAMD32/CLK   n/a            1.250         3.500       2.250      SLICE_X26Y67  lesion_wrapper/lesion/video_imp_15QDWM9/lesion_axi_mem_intercon_0/s00_couplers_imp_1A8C7Z7/lesion_axi_mem_intercon_imp_auto_pc_0/lesion_axi_mem_intercon_imp_auto_pc_0_axi_protocol_converter_v2_1_37_axi_protocol_converter/lesion_axi_mem_intercon_imp_auto_pc_0_axi_protocol_converter_v2_1_37_axi3_conv/lesion_axi_mem_intercon_imp_auto_pc_0_axi_protocol_converter_v2_1_37_a_axi3_conv/lesion_axi_mem_intercon_imp_auto_pc_0_axi_data_fifo_v2_1_36_axic_fifo/lesion_axi_mem_intercon_imp_auto_pc_0_axi_data_fifo_v2_1_36_fifo_gen_1/<hidden>/<hidden>/<hidden>/<hidden>/<hidden>/<hidden>/<hidden>
High Pulse Width  Slow    RAMD32/CLK   n/a            1.250         3.500       2.250      SLICE_X26Y67  lesion_wrapper/lesion/video_imp_15QDWM9/lesion_axi_mem_intercon_0/s00_couplers_imp_1A8C7Z7/lesion_axi_mem_intercon_imp_auto_pc_0/lesion_axi_mem_intercon_imp_auto_pc_0_axi_protocol_converter_v2_1_37_axi_protocol_converter/lesion_axi_mem_intercon_imp_auto_pc_0_axi_protocol_converter_v2_1_37_axi3_conv/lesion_axi_mem_intercon_imp_auto_pc_0_axi_protocol_converter_v2_1_37_a_axi3_conv/lesion_axi_mem_intercon_imp_auto_pc_0_axi_data_fifo_v2_1_36_axic_fifo/lesion_axi_mem_intercon_imp_auto_pc_0_axi_data_fifo_v2_1_36_fifo_gen_1/<hidden>/<hidden>/<hidden>/<hidden>/<hidden>/<hidden>/<hidden>



---------------------------------------------------------------------------------------------------
From Clock:  clk_fpga_2
  To Clock:  clk_fpga_2

Setup :            0  Failing Endpoints,  Worst Slack        1.310ns,  Total Violation        0.000ns
Hold  :            0  Failing Endpoints,  Worst Slack        0.099ns,  Total Violation        0.000ns
PW    :            0  Failing Endpoints,  Worst Slack        0.264ns,  Total Violation        0.000ns
---------------------------------------------------------------------------------------------------


Max Delay Paths
--------------------------------------------------------------------------------------
Slack (MET) :             1.310ns  (required time - arrival time)
  Source:                 lesion_i/video/hdmi_in/frontend/dvi2rgb_0/U0/GenerateDDC.DDC_EEPROM/I2C_SlaveController/dScl_reg/C
                            (rising edge-triggered cell FDRE clocked by clk_fpga_2  {rise@0.000ns fall@2.500ns period=5.000ns})
  Destination:            lesion_i/video/hdmi_in/frontend/dvi2rgb_0/U0/GenerateDDC.DDC_EEPROM/I2C_SlaveController/dataByte_reg[0]/CE
                            (rising edge-triggered cell FDRE clocked by clk_fpga_2  {rise@0.000ns fall@2.500ns period=5.000ns})
  Path Group:             clk_fpga_2
  Path Type:              Setup (Max at Slow Process Corner)
  Requirement:            5.000ns  (clk_fpga_2 rise@5.000ns - clk_fpga_2 rise@0.000ns)
  Data Path Delay:        3.380ns  (logic 1.200ns (35.507%)  route 2.180ns (64.493%))
  Logic Levels:           3  (LUT2=1 LUT6=2)
  Clock Path Skew:        -0.022ns (DCD - SCD + CPR)
    Destination Clock Delay (DCD):    2.879ns = ( 7.879 - 5.000 ) 
    Source Clock Delay      (SCD):    3.171ns
    Clock Pessimism Removal (CPR):    0.270ns
  Clock Uncertainty:      0.083ns  ((TSJ^2 + TIJ^2)^1/2 + DJ) / 2 + PE
    Total System Jitter     (TSJ):    0.071ns
    Total Input Jitter      (TIJ):    0.150ns
    Discrete Jitter          (DJ):    0.000ns
    Phase Error              (PE):    0.000ns

    Location             Delay type                Incr(ns)  Path(ns)    Netlist Resource(s)
  -------------------------------------------------------------------    -------------------
                         (clock clk_fpga_2 rise edge)
                                                      0.000     0.000 r  
    PS7_X0Y0             PS7                          0.000     0.000 r  lesion_i/ps7_0/inst/PS7_i/FCLKCLK[2]
                         net (fo=1, routed)           1.193     1.193    lesion_i/ps7_0/inst/FCLK_CLK_unbuffered[2]
    BUFGCTRL_X0Y18       BUFG (Prop_bufg_I_O)         0.101     1.294 r  lesion_i/ps7_0/inst/buffer_fclk_clk_2.FCLK_CLK_2_BUFG/O
                         net (fo=157, routed)         1.877     3.171    lesion_i/video/hdmi_in/frontend/dvi2rgb_0/U0/GenerateDDC.DDC_EEPROM/I2C_SlaveController/RefClk
    SLICE_X111Y13        FDRE                                         r  lesion_i/video/hdmi_in/frontend/dvi2rgb_0/U0/GenerateDDC.DDC_EEPROM/I2C_SlaveController/dScl_reg/C
  -------------------------------------------------------------------    -------------------
    SLICE_X111Y13        FDRE (Prop_fdre_C_Q)         0.419     3.590 f  lesion_i/video/hdmi_in/frontend/dvi2rgb_0/U0/GenerateDDC.DDC_EEPROM/I2C_SlaveController/dScl_reg/Q
                         net (fo=15, routed)          0.653     4.243    lesion_i/video/hdmi_in/frontend/dvi2rgb_0/U0/GenerateDDC.DDC_EEPROM/I2C_SlaveController/dScl
    SLICE_X110Y13        LUT2 (Prop_lut2_I1_O)        0.325     4.568 r  lesion_i/video/hdmi_in/frontend/dvi2rgb_0/U0/GenerateDDC.DDC_EEPROM/I2C_SlaveController/FSM_gray_state[2]_i_11/O
                         net (fo=2, routed)           0.788     5.356    lesion_i/video/hdmi_in/frontend/dvi2rgb_0/U0/GenerateDDC.DDC_EEPROM/I2C_SlaveController/p_15_in
    SLICE_X110Y11        LUT6 (Prop_lut6_I0_O)        0.332     5.688 r  lesion_i/video/hdmi_in/frontend/dvi2rgb_0/U0/GenerateDDC.DDC_EEPROM/I2C_SlaveController/dataByte[7]_i_3/O
                         net (fo=12, routed)          0.207     5.895    lesion_i/video/hdmi_in/frontend/dvi2rgb_0/U0/GenerateDDC.DDC_EEPROM/I2C_SlaveController/dataByte[7]_i_3_n_0
    SLICE_X110Y11        LUT6 (Prop_lut6_I0_O)        0.124     6.019 r  lesion_i/video/hdmi_in/frontend/dvi2rgb_0/U0/GenerateDDC.DDC_EEPROM/I2C_SlaveController/dataByte[7]_i_1/O
                         net (fo=8, routed)           0.532     6.551    lesion_i/video/hdmi_in/frontend/dvi2rgb_0/U0/GenerateDDC.DDC_EEPROM/I2C_SlaveController/dataByte[7]_i_1_n_0
    SLICE_X110Y10        FDRE                                         r  lesion_i/video/hdmi_in/frontend/dvi2rgb_0/U0/GenerateDDC.DDC_EEPROM/I2C_SlaveController/dataByte_reg[0]/CE
  -------------------------------------------------------------------    -------------------

                         (clock clk_fpga_2 rise edge)
                                                      5.000     5.000 r  
    PS7_X0Y0             PS7                          0.000     5.000 r  lesion_i/ps7_0/inst/PS7_i/FCLKCLK[2]
                         net (fo=1, routed)           1.088     6.088    lesion_i/ps7_0/inst/FCLK_CLK_unbuffered[2]
    BUFGCTRL_X0Y18       BUFG (Prop_bufg_I_O)         0.091     6.179 r  lesion_i/ps7_0/inst/buffer_fclk_clk_2.FCLK_CLK_2_BUFG/O
                         net (fo=157, routed)         1.700     7.879    lesion_i/video/hdmi_in/frontend/dvi2rgb_0/U0/GenerateDDC.DDC_EEPROM/I2C_SlaveController/RefClk
    SLICE_X110Y10        FDRE                                         r  lesion_i/video/hdmi_in/frontend/dvi2rgb_0/U0/GenerateDDC.DDC_EEPROM/I2C_SlaveController/dataByte_reg[0]/C
                         clock pessimism              0.270     8.149    
                         clock uncertainty           -0.083     8.066    
    SLICE_X110Y10        FDRE (Setup_fdre_C_CE)      -0.205     7.861    lesion_i/video/hdmi_in/frontend/dvi2rgb_0/U0/GenerateDDC.DDC_EEPROM/I2C_SlaveController/dataByte_reg[0]
  -------------------------------------------------------------------
                         required time                          7.861    
                         arrival time                          -6.551    
  -------------------------------------------------------------------
                         slack                                  1.310    





Min Delay Paths
--------------------------------------------------------------------------------------
Slack (MET) :             0.099ns  (arrival time - required time)
  Source:                 lesion_i/video/hdmi_in/frontend/dvi2rgb_0/U0/DataDecoders[0].DecoderX/rTimeoutCnt_reg[14]/C
                            (rising edge-triggered cell FDRE clocked by clk_fpga_2  {rise@0.000ns fall@2.500ns period=5.000ns})
  Destination:            lesion_i/video/hdmi_in/frontend/dvi2rgb_0/U0/DataDecoders[0].DecoderX/rTimeoutCnt_reg[16]/D
                            (rising edge-triggered cell FDRE clocked by clk_fpga_2  {rise@0.000ns fall@2.500ns period=5.000ns})
  Path Group:             clk_fpga_2
  Path Type:              Hold (Min at Fast Process Corner)
  Requirement:            0.000ns  (clk_fpga_2 rise@0.000ns - clk_fpga_2 rise@0.000ns)
  Data Path Delay:        0.500ns  (logic 0.373ns (74.667%)  route 0.127ns (25.333%))
  Logic Levels:           2  (CARRY4=2)
  Clock Path Skew:        0.266ns (DCD - SCD - CPR)
    Destination Clock Delay (DCD):    1.275ns
    Source Clock Delay      (SCD):    0.979ns
    Clock Pessimism Removal (CPR):    0.030ns

    Location             Delay type                Incr(ns)  Path(ns)    Netlist Resource(s)
  -------------------------------------------------------------------    -------------------
                         (clock clk_fpga_2 rise edge)
                                                      0.000     0.000 r  
    PS7_X0Y0             PS7                          0.000     0.000 r  lesion_i/ps7_0/inst/PS7_i/FCLKCLK[2]
                         net (fo=1, routed)           0.310     0.310    lesion_i/ps7_0/inst/FCLK_CLK_unbuffered[2]
    BUFGCTRL_X0Y18       BUFG (Prop_bufg_I_O)         0.026     0.336 r  lesion_i/ps7_0/inst/buffer_fclk_clk_2.FCLK_CLK_2_BUFG/O
                         net (fo=157, routed)         0.643     0.979    lesion_i/video/hdmi_in/frontend/dvi2rgb_0/U0/DataDecoders[0].DecoderX/RefClk
    SLICE_X112Y49        FDRE                                         r  lesion_i/video/hdmi_in/frontend/dvi2rgb_0/U0/DataDecoders[0].DecoderX/rTimeoutCnt_reg[14]/C
  -------------------------------------------------------------------    -------------------
    SLICE_X112Y49        FDRE (Prop_fdre_C_Q)         0.164     1.143 r  lesion_i/video/hdmi_in/frontend/dvi2rgb_0/U0/DataDecoders[0].DecoderX/rTimeoutCnt_reg[14]/Q
                         net (fo=2, routed)           0.126     1.268    lesion_i/video/hdmi_in/frontend/dvi2rgb_0/U0/DataDecoders[0].DecoderX/rTimeoutCnt_reg[14]
    SLICE_X112Y49        CARRY4 (Prop_carry4_S[2]_CO[3])
                                                      0.156     1.424 r  lesion_i/video/hdmi_in/frontend/dvi2rgb_0/U0/DataDecoders[0].DecoderX/rTimeoutCnt_reg[12]_i_1__1/CO[3]
                         net (fo=1, routed)           0.001     1.425    lesion_i/video/hdmi_in/frontend/dvi2rgb_0/U0/DataDecoders[0].DecoderX/rTimeoutCnt_reg[12]_i_1__1_n_0
    SLICE_X112Y50        CARRY4 (Prop_carry4_CI_O[0])
                                                      0.053     1.478 r  lesion_i/video/hdmi_in/frontend/dvi2rgb_0/U0/DataDecoders[0].DecoderX/rTimeoutCnt_reg[16]_i_1__1/O[0]
                         net (fo=1, routed)           0.000     1.478    lesion_i/video/hdmi_in/frontend/dvi2rgb_0/U0/DataDecoders[0].DecoderX/rTimeoutCnt_reg[16]_i_1__1_n_7
    SLICE_X112Y50        FDRE                                         r  lesion_i/video/hdmi_in/frontend/dvi2rgb_0/U0/DataDecoders[0].DecoderX/rTimeoutCnt_reg[16]/D
  -------------------------------------------------------------------    -------------------

                         (clock clk_fpga_2 rise edge)
                                                      0.000     0.000 r  
    PS7_X0Y0             PS7                          0.000     0.000 r  lesion_i/ps7_0/inst/PS7_i/FCLKCLK[2]
                         net (fo=1, routed)           0.337     0.337    lesion_i/ps7_0/inst/FCLK_CLK_unbuffered[2]
    BUFGCTRL_X0Y18       BUFG (Prop_bufg_I_O)         0.029     0.366 r  lesion_i/ps7_0/inst/buffer_fclk_clk_2.FCLK_CLK_2_BUFG/O
                         net (fo=157, routed)         0.909     1.275    lesion_i/video/hdmi_in/frontend/dvi2rgb_0/U0/DataDecoders[0].DecoderX/RefClk
    SLICE_X112Y50        FDRE                                         r  lesion_i/video/hdmi_in/frontend/dvi2rgb_0/U0/DataDecoders[0].DecoderX/rTimeoutCnt_reg[16]/C
                         clock pessimism             -0.030     1.245    
    SLICE_X112Y50        FDRE (Hold_fdre_C_D)         0.134     1.379    lesion_i/video/hdmi_in/frontend/dvi2rgb_0/U0/DataDecoders[0].DecoderX/rTimeoutCnt_reg[16]
  -------------------------------------------------------------------
                         required time                         -1.379    
                         arrival time                           1.478    
  -------------------------------------------------------------------
                         slack                                  0.099    





Pulse Width Checks
--------------------------------------------------------------------------------------
Clock Name:         clk_fpga_2
Waveform(ns):       { 0.000 2.500 }
Period(ns):         5.000
Sources:            { lesion_i/ps7_0/inst/PS7_i/FCLKCLK[2] }

Check Type        Corner  Lib Pin            Reference Pin  Required(ns)  Actual(ns)  Slack(ns)  Location         Pin
Min Period        n/a     IDELAYCTRL/REFCLK  n/a            3.225         5.000       1.775      IDELAYCTRL_X1Y1  lesion_i/video/hdmi_in/frontend/dvi2rgb_0/U0/TMDS_ClockingX/IDelayCtrlX/REFCLK
Max Period        n/a     IDELAYCTRL/REFCLK  n/a            5.264         5.000       0.264      IDELAYCTRL_X1Y1  lesion_i/video/hdmi_in/frontend/dvi2rgb_0/U0/TMDS_ClockingX/IDelayCtrlX/REFCLK
Low Pulse Width   Slow    FDRE/C             n/a            0.500         2.500       2.000      SLICE_X112Y46    lesion_i/video/hdmi_in/frontend/dvi2rgb_0/U0/DataDecoders[0].DecoderX/rTimeoutCnt_reg[0]/C
High Pulse Width  Slow    FDRE/C             n/a            0.500         2.500       2.000      SLICE_X112Y46    lesion_i/video/hdmi_in/frontend/dvi2rgb_0/U0/DataDecoders[0].DecoderX/rTimeoutCnt_reg[0]/C



---------------------------------------------------------------------------------------------------
From Clock:  hdmi_in_clk_p
  To Clock:  hdmi_in_clk_p

Setup :           NA  Failing Endpoints,  Worst Slack           NA  ,  Total Violation           NA
Hold  :           NA  Failing Endpoints,  Worst Slack           NA  ,  Total Violation           NA
PW    :            0  Failing Endpoints,  Worst Slack        2.166ns,  Total Violation        0.000ns
---------------------------------------------------------------------------------------------------


Pulse Width Checks
--------------------------------------------------------------------------------------
Clock Name:         hdmi_in_clk_p
Waveform(ns):       { 0.000 4.167 }
Period(ns):         8.333
Sources:            { hdmi_in_clk_p }

Check Type        Corner  Lib Pin            Reference Pin  Required(ns)  Actual(ns)  Slack(ns)  Location         Pin
Min Period        n/a     MMCME2_ADV/CLKIN1  n/a            1.249         8.333       7.084      MMCME2_ADV_X1Y1  lesion_i/video/hdmi_in/frontend/dvi2rgb_0/U0/TMDS_ClockingX/DVI_ClkGenerator/CLKIN1
Max Period        n/a     MMCME2_ADV/CLKIN1  n/a            100.000       8.333       91.667     MMCME2_ADV_X1Y1  lesion_i/video/hdmi_in/frontend/dvi2rgb_0/U0/TMDS_ClockingX/DVI_ClkGenerator/CLKIN1
Low Pulse Width   Slow    MMCME2_ADV/CLKIN1  n/a            2.000         4.166       2.166      MMCME2_ADV_X1Y1  lesion_i/video/hdmi_in/frontend/dvi2rgb_0/U0/TMDS_ClockingX/DVI_ClkGenerator/CLKIN1
High Pulse Width  Slow    MMCME2_ADV/CLKIN1  n/a            2.000         4.167       2.167      MMCME2_ADV_X1Y1  lesion_i/video/hdmi_in/frontend/dvi2rgb_0/U0/TMDS_ClockingX/DVI_ClkGenerator/CLKIN1



---------------------------------------------------------------------------------------------------
From Clock:  CLKFBIN
  To Clock:  CLKFBIN

Setup :           NA  Failing Endpoints,  Worst Slack           NA  ,  Total Violation           NA
Hold  :           NA  Failing Endpoints,  Worst Slack           NA  ,  Total Violation           NA
PW    :            0  Failing Endpoints,  Worst Slack        7.084ns,  Total Violation        0.000ns
---------------------------------------------------------------------------------------------------


Pulse Width Checks
--------------------------------------------------------------------------------------
Clock Name:         CLKFBIN
Waveform(ns):       { 0.000 4.167 }
Period(ns):         8.333
Sources:            { lesion_i/video/hdmi_in/frontend/dvi2rgb_0/U0/TMDS_ClockingX/DVI_ClkGenerator/CLKFBOUT }

Check Type  Corner  Lib Pin              Reference Pin  Required(ns)  Actual(ns)  Slack(ns)  Location         Pin
Min Period  n/a     MMCME2_ADV/CLKFBOUT  n/a            1.249         8.333       7.084      MMCME2_ADV_X1Y1  lesion_i/video/hdmi_in/frontend/dvi2rgb_0/U0/TMDS_ClockingX/DVI_ClkGenerator/CLKFBOUT
Max Period  n/a     MMCME2_ADV/CLKFBIN   n/a            100.000       8.333       91.667     MMCME2_ADV_X1Y1  lesion_i/video/hdmi_in/frontend/dvi2rgb_0/U0/TMDS_ClockingX/DVI_ClkGenerator/CLKFBIN



---------------------------------------------------------------------------------------------------
From Clock:  CLK_OUT_5x_hdmi_clk
  To Clock:  CLK_OUT_5x_hdmi_clk

Setup :           NA  Failing Endpoints,  Worst Slack           NA  ,  Total Violation           NA
Hold  :           NA  Failing Endpoints,  Worst Slack           NA  ,  Total Violation           NA
PW    :            0  Failing Endpoints,  Worst Slack        0.000ns,  Total Violation        0.000ns
---------------------------------------------------------------------------------------------------


Pulse Width Checks
--------------------------------------------------------------------------------------
Clock Name:         CLK_OUT_5x_hdmi_clk
Waveform(ns):       { 0.000 0.833 }
Period(ns):         1.667
Sources:            { lesion_i/video/hdmi_in/frontend/dvi2rgb_0/U0/TMDS_ClockingX/DVI_ClkGenerator/CLKOUT0 }

Check Type  Corner  Lib Pin             Reference Pin  Required(ns)  Actual(ns)  Slack(ns)  Location         Pin
Min Period  n/a     ISERDESE2/CLK       n/a            1.667         1.667       0.000      ILOGIC_X1Y68     lesion_i/video/hdmi_in/frontend/dvi2rgb_0/U0/DataDecoders[0].DecoderX/InputSERDES_X/DeserializerMaster/CLK
Max Period  n/a     MMCME2_ADV/CLKOUT0  n/a            213.360       1.667       211.693    MMCME2_ADV_X1Y1  lesion_i/video/hdmi_in/frontend/dvi2rgb_0/U0/TMDS_ClockingX/DVI_ClkGenerator/CLKOUT0



---------------------------------------------------------------------------------------------------
From Clock:  hdmi_in_PixelClk
  To Clock:  hdmi_in_PixelClk

Setup :            0  Failing Endpoints,  Worst Slack        0.222ns,  Total Violation        0.000ns
Hold  :            0  Failing Endpoints,  Worst Slack        0.072ns,  Total Violation        0.000ns
PW    :            0  Failing Endpoints,  Worst Slack        2.083ns,  Total Violation        0.000ns
---------------------------------------------------------------------------------------------------


Max Delay Paths
--------------------------------------------------------------------------------------
Slack (MET) :             0.222ns  (required time - arrival time)
  Source:                 lesion_wrapper/lesion/video_imp_15QDWM9/hdmi_in_imp_WH11TZ/frontend_imp_1R3YJ4E/lesion_vtc_in_0/<hidden>/<hidden>/<hidden>
                            (rising edge-triggered cell FDRE clocked by hdmi_in_PixelClk  {rise@0.000ns fall@3.333ns period=8.333ns})
  Destination:            lesion_wrapper/lesion/video_imp_15QDWM9/hdmi_in_imp_WH11TZ/frontend_imp_1R3YJ4E/lesion_vtc_in_0/<hidden>/<hidden>/<hidden>
                            (rising edge-triggered cell FDRE clocked by hdmi_in_PixelClk  {rise@0.000ns fall@3.333ns period=8.333ns})
  Path Group:             hdmi_in_PixelClk
  Path Type:              Setup (Max at Slow Process Corner)
  Requirement:            8.333ns  (hdmi_in_PixelClk rise@8.333ns - hdmi_in_PixelClk rise@0.000ns)
  Data Path Delay:        8.177ns  (logic 0.985ns (12.046%)  route 7.192ns (87.954%))
  Logic Levels:           2  (LUT6=1 MUXF7=1)
  Clock Path Skew:        0.062ns (DCD - SCD + CPR)
    Destination Clock Delay (DCD):    4.965ns = ( 13.298 - 8.333 ) 
    Source Clock Delay      (SCD):    5.290ns
    Clock Pessimism Removal (CPR):    0.387ns
  Clock Uncertainty:      0.060ns  ((TSJ^2 + DJ^2)^1/2) / 2 + PE
    Total System Jitter     (TSJ):    0.071ns
    Discrete Jitter          (DJ):    0.097ns
    Phase Error              (PE):    0.000ns

    Location             Delay type                Incr(ns)  Path(ns)    Netlist Resource(s)
  -------------------------------------------------------------------    -------------------
                         (clock hdmi_in_PixelClk rise edge)
                                                      0.000     0.000 r  
    N18                                               0.000     0.000 r  hdmi_in_clk_p (IN)
                         net (fo=0)                   0.000     0.000    lesion_i/video/hdmi_in/frontend/dvi2rgb_0/U0/TMDS_ClockingX/TMDS_Clk_p
    N18                  IBUFDS (Prop_ibufds_I_O)     0.930     0.930 r  lesion_i/video/hdmi_in/frontend/dvi2rgb_0/U0/TMDS_ClockingX/InputBuffer/O
                         net (fo=1, routed)           1.285     2.215    lesion_i/video/hdmi_in/frontend/dvi2rgb_0/U0/TMDS_ClockingX/CLK_IN_hdmi_clk
    MMCME2_ADV_X1Y1      MMCME2_ADV (Prop_mmcme2_adv_CLKIN1_CLKOUT0)
                                                      0.089     2.304 r  lesion_i/video/hdmi_in/frontend/dvi2rgb_0/U0/TMDS_ClockingX/DVI_ClkGenerator/CLKOUT0
                         net (fo=2, routed)           1.063     3.367    lesion_i/video/hdmi_in/frontend/dvi2rgb_0/U0/TMDS_ClockingX/CLK_OUT_5x_hdmi_clk
    BUFR_X1Y5            BUFR (Prop_bufr_I_O)         1.031     4.398 r  lesion_i/video/hdmi_in/frontend/dvi2rgb_0/U0/TMDS_ClockingX/PixelClkBuffer/O
                         net (fo=3140, routed)        0.892     5.290    lesion_wrapper/lesion/video_imp_15QDWM9/hdmi_in_imp_WH11TZ/frontend_imp_1R3YJ4E/lesion_vtc_in_0/<hidden>/<hidden>/<hidden>
    SLICE_X92Y93         FDRE                                         r  lesion_wrapper/lesion/video_imp_15QDWM9/hdmi_in_imp_WH11TZ/frontend_imp_1R3YJ4E/lesion_vtc_in_0/<hidden>/<hidden>/<hidden>
  -------------------------------------------------------------------    -------------------
    SLICE_X92Y93         FDRE (Prop_fdre_C_Q)         0.478     5.768 r  lesion_wrapper/lesion/video_imp_15QDWM9/hdmi_in_imp_WH11TZ/frontend_imp_1R3YJ4E/lesion_vtc_in_0/<hidden>/<hidden>/<hidden>
                         net (fo=130, routed)         7.192    12.960    lesion_wrapper/lesion/video_imp_15QDWM9/hdmi_in_imp_WH11TZ/frontend_imp_1R3YJ4E/lesion_vtc_in_0/<hidden>/<hidden>/<hidden>
    SLICE_X52Y91         LUT6 (Prop_lut6_I4_O)        0.295    13.255 r  lesion_wrapper/lesion/video_imp_15QDWM9/hdmi_in_imp_WH11TZ/frontend_imp_1R3YJ4E/lesion_vtc_in_0/<hidden>/<hidden>/<hidden>
                         net (fo=1, routed)           0.000    13.255    lesion_wrapper/lesion/video_imp_15QDWM9/hdmi_in_imp_WH11TZ/frontend_imp_1R3YJ4E/lesion_vtc_in_0/<hidden>/<hidden>/<hidden>
    SLICE_X52Y91         MUXF7 (Prop_muxf7_I0_O)      0.212    13.467 r  lesion_wrapper/lesion/video_imp_15QDWM9/hdmi_in_imp_WH11TZ/frontend_imp_1R3YJ4E/lesion_vtc_in_0/<hidden>/<hidden>/<hidden>
                         net (fo=1, routed)           0.000    13.467    lesion_wrapper/lesion/video_imp_15QDWM9/hdmi_in_imp_WH11TZ/frontend_imp_1R3YJ4E/lesion_vtc_in_0/<hidden>/<hidden>/<hidden>
    SLICE_X52Y91         FDRE                                         r  lesion_wrapper/lesion/video_imp_15QDWM9/hdmi_in_imp_WH11TZ/frontend_imp_1R3YJ4E/lesion_vtc_in_0/<hidden>/<hidden>/<hidden>
  -------------------------------------------------------------------    -------------------

                         (clock hdmi_in_PixelClk rise edge)
                                                      8.333     8.333 r  
    N18                                               0.000     8.333 r  hdmi_in_clk_p (IN)
                         net (fo=0)                   0.000     8.333    lesion_i/video/hdmi_in/frontend/dvi2rgb_0/U0/TMDS_ClockingX/TMDS_Clk_p
    N18                  IBUFDS (Prop_ibufds_I_O)     0.887     9.220 r  lesion_i/video/hdmi_in/frontend/dvi2rgb_0/U0/TMDS_ClockingX/InputBuffer/O
                         net (fo=1, routed)           1.162    10.382    lesion_i/video/hdmi_in/frontend/dvi2rgb_0/U0/TMDS_ClockingX/CLK_IN_hdmi_clk
    MMCME2_ADV_X1Y1      MMCME2_ADV (Prop_mmcme2_adv_CLKIN1_CLKOUT0)
                                                      0.084    10.466 r  lesion_i/video/hdmi_in/frontend/dvi2rgb_0/U0/TMDS_ClockingX/DVI_ClkGenerator/CLKOUT0
                         net (fo=2, routed)           0.960    11.426    lesion_i/video/hdmi_in/frontend/dvi2rgb_0/U0/TMDS_ClockingX/CLK_OUT_5x_hdmi_clk
    BUFR_X1Y5            BUFR (Prop_bufr_I_O)         0.918    12.344 r  lesion_i/video/hdmi_in/frontend/dvi2rgb_0/U0/TMDS_ClockingX/PixelClkBuffer/O
                         net (fo=3140, routed)        0.954    13.298    lesion_wrapper/lesion/video_imp_15QDWM9/hdmi_in_imp_WH11TZ/frontend_imp_1R3YJ4E/lesion_vtc_in_0/<hidden>/<hidden>/<hidden>
    SLICE_X52Y91         FDRE                                         r  lesion_wrapper/lesion/video_imp_15QDWM9/hdmi_in_imp_WH11TZ/frontend_imp_1R3YJ4E/lesion_vtc_in_0/<hidden>/<hidden>/<hidden>
                         clock pessimism              0.387    13.685    
                         clock uncertainty           -0.060    13.625    
    SLICE_X52Y91         FDRE (Setup_fdre_C_D)        0.064    13.689    lesion_wrapper/lesion/video_imp_15QDWM9/hdmi_in_imp_WH11TZ/frontend_imp_1R3YJ4E/lesion_vtc_in_0/<hidden>/<hidden>/<hidden>
  -------------------------------------------------------------------
                         required time                         13.689    
                         arrival time                         -13.467    
  -------------------------------------------------------------------
                         slack                                  0.222    





Min Delay Paths
--------------------------------------------------------------------------------------
Slack (MET) :             0.072ns  (arrival time - required time)
  Source:                 lesion_i/video/hdmi_in/frontend/dvi2rgb_0/U0/DataDecoders[1].DecoderX/ChannelBondX/pWrA_reg[3]/C
                            (rising edge-triggered cell FDRE clocked by hdmi_in_PixelClk  {rise@0.000ns fall@3.333ns period=8.333ns})
  Destination:            lesion_i/video/hdmi_in/frontend/dvi2rgb_0/U0/DataDecoders[1].DecoderX/ChannelBondX/pFIFO_reg_0_31_6_9/RAMA/WADR3
                            (rising edge-triggered cell RAMD32 clocked by hdmi_in_PixelClk  {rise@0.000ns fall@3.333ns period=8.333ns})
  Path Group:             hdmi_in_PixelClk
  Path Type:              Hold (Min at Fast Process Corner)
  Requirement:            0.000ns  (hdmi_in_PixelClk rise@0.000ns - hdmi_in_PixelClk rise@0.000ns)
  Data Path Delay:        0.347ns  (logic 0.141ns (40.606%)  route 0.206ns (59.394%))
  Logic Levels:           0  
  Clock Path Skew:        0.035ns (DCD - SCD - CPR)
    Destination Clock Delay (DCD):    2.154ns
    Source Clock Delay      (SCD):    1.828ns
    Clock Pessimism Removal (CPR):    0.290ns

    Location             Delay type                Incr(ns)  Path(ns)    Netlist Resource(s)
  -------------------------------------------------------------------    -------------------
                         (clock hdmi_in_PixelClk rise edge)
                                                      0.000     0.000 r  
    N18                                               0.000     0.000 r  hdmi_in_clk_p (IN)
                         net (fo=0)                   0.000     0.000    lesion_i/video/hdmi_in/frontend/dvi2rgb_0/U0/TMDS_ClockingX/TMDS_Clk_p
    N18                  IBUFDS (Prop_ibufds_I_O)     0.451     0.451 r  lesion_i/video/hdmi_in/frontend/dvi2rgb_0/U0/TMDS_ClockingX/InputBuffer/O
                         net (fo=1, routed)           0.440     0.891    lesion_i/video/hdmi_in/frontend/dvi2rgb_0/U0/TMDS_ClockingX/CLK_IN_hdmi_clk
    MMCME2_ADV_X1Y1      MMCME2_ADV (Prop_mmcme2_adv_CLKIN1_CLKOUT0)
                                                      0.051     0.942 r  lesion_i/video/hdmi_in/frontend/dvi2rgb_0/U0/TMDS_ClockingX/DVI_ClkGenerator/CLKOUT0
                         net (fo=2, routed)           0.363     1.305    lesion_i/video/hdmi_in/frontend/dvi2rgb_0/U0/TMDS_ClockingX/CLK_OUT_5x_hdmi_clk
    BUFR_X1Y5            BUFR (Prop_bufr_I_O)         0.270     1.575 r  lesion_i/video/hdmi_in/frontend/dvi2rgb_0/U0/TMDS_ClockingX/PixelClkBuffer/O
                         net (fo=3140, routed)        0.253     1.828    lesion_i/video/hdmi_in/frontend/dvi2rgb_0/U0/DataDecoders[1].DecoderX/ChannelBondX/pTokenFlag_q_reg_0
    SLICE_X110Y72        FDRE                                         r  lesion_i/video/hdmi_in/frontend/dvi2rgb_0/U0/DataDecoders[1].DecoderX/ChannelBondX/pWrA_reg[3]/C
  -------------------------------------------------------------------    -------------------
    SLICE_X110Y72        FDRE (Prop_fdre_C_Q)         0.141     1.969 r  lesion_i/video/hdmi_in/frontend/dvi2rgb_0/U0/DataDecoders[1].DecoderX/ChannelBondX/pWrA_reg[3]/Q
                         net (fo=18, routed)          0.206     2.176    lesion_i/video/hdmi_in/frontend/dvi2rgb_0/U0/DataDecoders[1].DecoderX/ChannelBondX/pFIFO_reg_0_31_6_9/ADDRD3
    SLICE_X108Y71        RAMD32                                       r  lesion_i/video/hdmi_in/frontend/dvi2rgb_0/U0/DataDecoders[1].DecoderX/ChannelBondX/pFIFO_reg_0_31_6_9/RAMA/WADR3
  -------------------------------------------------------------------    -------------------

                         (clock hdmi_in_PixelClk rise edge)
                                                      0.000     0.000 r  
    N18                                               0.000     0.000 r  hdmi_in_clk_p (IN)
                         net (fo=0)                   0.000     0.000    lesion_i/video/hdmi_in/frontend/dvi2rgb_0/U0/TMDS_ClockingX/TMDS_Clk_p
    N18                  IBUFDS (Prop_ibufds_I_O)     0.499     0.499 r  lesion_i/video/hdmi_in/frontend/dvi2rgb_0/U0/TMDS_ClockingX/InputBuffer/O
                         net (fo=1, routed)           0.480     0.979    lesion_i/video/hdmi_in/frontend/dvi2rgb_0/U0/TMDS_ClockingX/CLK_IN_hdmi_clk
    MMCME2_ADV_X1Y1      MMCME2_ADV (Prop_mmcme2_adv_CLKIN1_CLKOUT0)
                                                      0.054     1.033 r  lesion_i/video/hdmi_in/frontend/dvi2rgb_0/U0/TMDS_ClockingX/DVI_ClkGenerator/CLKOUT0
                         net (fo=2, routed)           0.402     1.435    lesion_i/video/hdmi_in/frontend/dvi2rgb_0/U0/TMDS_ClockingX/CLK_OUT_5x_hdmi_clk
    BUFR_X1Y5            BUFR (Prop_bufr_I_O)         0.431     1.866 r  lesion_i/video/hdmi_in/frontend/dvi2rgb_0/U0/TMDS_ClockingX/PixelClkBuffer/O
                         net (fo=3140, routed)        0.288     2.154    lesion_i/video/hdmi_in/frontend/dvi2rgb_0/U0/DataDecoders[1].DecoderX/ChannelBondX/pFIFO_reg_0_31_6_9/WCLK
    SLICE_X108Y71        RAMD32                                       r  lesion_i/video/hdmi_in/frontend/dvi2rgb_0/U0/DataDecoders[1].DecoderX/ChannelBondX/pFIFO_reg_0_31_6_9/RAMA/CLK
                         clock pessimism             -0.290     1.863    
    SLICE_X108Y71        RAMD32 (Hold_ramd32_CLK_WADR3)
                                                      0.240     2.103    lesion_i/video/hdmi_in/frontend/dvi2rgb_0/U0/DataDecoders[1].DecoderX/ChannelBondX/pFIFO_reg_0_31_6_9/RAMA
  -------------------------------------------------------------------
                         required time                         -2.103    
                         arrival time                           2.176    
  -------------------------------------------------------------------
                         slack                                  0.072    





Pulse Width Checks
--------------------------------------------------------------------------------------
Clock Name:         hdmi_in_PixelClk
Waveform(ns):       { 0.000 3.333 }
Period(ns):         8.333
Sources:            { lesion_i/video/hdmi_in/frontend/dvi2rgb_0/U0/TMDS_ClockingX/PixelClkBuffer/O }

Check Type        Corner  Lib Pin             Reference Pin  Required(ns)  Actual(ns)  Slack(ns)  Location       Pin
Min Period        n/a     RAMB36E1/CLKARDCLK  n/a            2.576         8.333       5.757      RAMB36_X5Y17   lesion_i/video/hdmi_in/frontend/v_vid_in_axi4s_0/inst/COUPLER_INST/generate_async_fifo.FIFO_INST/XPM_FIFO_ASYNC_INST/gnuram_async_fifo.xpm_fifo_base_inst/gen_sdpram.xpm_memory_base_inst/gen_wr_a.gen_word_narrow.mem_reg_0/CLKARDCLK
Low Pulse Width   Slow    RAMD32/CLK          n/a            1.250         5.000       3.750      SLICE_X108Y68  lesion_i/video/hdmi_in/frontend/dvi2rgb_0/U0/DataDecoders[0].DecoderX/ChannelBondX/pFIFO_reg_0_31_0_5/RAMA/CLK
High Pulse Width  Slow    RAMD32/CLK          n/a            1.250         3.333       2.083      SLICE_X108Y68  lesion_i/video/hdmi_in/frontend/dvi2rgb_0/U0/DataDecoders[0].DecoderX/ChannelBondX/pFIFO_reg_0_31_0_5/RAMA/CLK



---------------------------------------------------------------------------------------------------
From Clock:  axi_dynclk_0_PXL_CLK_O
  To Clock:  clk_fpga_0

Setup :            0  Failing Endpoints,  Worst Slack        7.898ns,  Total Violation        0.000ns
Hold  :           NA  Failing Endpoints,  Worst Slack           NA  ,  Total Violation           NA
---------------------------------------------------------------------------------------------------


Max Delay Paths
--------------------------------------------------------------------------------------
Slack (MET) :             7.898ns  (required time - arrival time)
  Source:                 lesion_wrapper/lesion/video_imp_15QDWM9/hdmi_out_imp_1SB5NOD/frontend_imp_DZ8CGD/lesion_vtc_out_0/<hidden>/<hidden>
                            (rising edge-triggered cell FDRE clocked by axi_dynclk_0_PXL_CLK_O  {rise@0.000ns fall@4.000ns period=10.000ns})
  Destination:            lesion_wrapper/lesion/video_imp_15QDWM9/hdmi_out_imp_1SB5NOD/frontend_imp_DZ8CGD/lesion_vtc_out_0/<hidden>/<hidden>/<hidden>
                            (rising edge-triggered cell FDRE clocked by clk_fpga_0  {rise@0.000ns fall@5.000ns period=10.000ns})
  Path Group:             clk_fpga_0
  Path Type:              Setup (Max at Slow Process Corner)
  Requirement:            10.000ns  (MaxDelay Path 10.000ns)
  Data Path Delay:        2.059ns  (logic 0.456ns (22.146%)  route 1.603ns (77.854%))
  Logic Levels:           0  
  Timing Exception:       MaxDelay Path 10.000ns -datapath_only

    Location             Delay type                Incr(ns)  Path(ns)    Netlist Resource(s)
  -------------------------------------------------------------------    -------------------
    SLICE_X60Y108                                     0.000     0.000 r  lesion_wrapper/lesion/video_imp_15QDWM9/hdmi_out_imp_1SB5NOD/frontend_imp_DZ8CGD/lesion_vtc_out_0/<hidden>/<hidden>
    SLICE_X60Y108        FDRE (Prop_fdre_C_Q)         0.456     0.456 r  lesion_wrapper/lesion/video_imp_15QDWM9/hdmi_out_imp_1SB5NOD/frontend_imp_DZ8CGD/lesion_vtc_out_0/<hidden>/<hidden>
                         net (fo=1, routed)           1.603     2.059    lesion_wrapper/lesion/video_imp_15QDWM9/hdmi_out_imp_1SB5NOD/frontend_imp_DZ8CGD/lesion_vtc_out_0/<hidden>/<hidden>/<hidden>
    SLICE_X96Y120        FDRE                                         r  lesion_wrapper/lesion/video_imp_15QDWM9/hdmi_out_imp_1SB5NOD/frontend_imp_DZ8CGD/lesion_vtc_out_0/<hidden>/<hidden>/<hidden>
  -------------------------------------------------------------------    -------------------

                         max delay                   10.000    10.000    
    SLICE_X96Y120        FDRE (Setup_fdre_C_D)       -0.043     9.957    lesion_wrapper/lesion/video_imp_15QDWM9/hdmi_out_imp_1SB5NOD/frontend_imp_DZ8CGD/lesion_vtc_out_0/<hidden>/<hidden>/<hidden>
  -------------------------------------------------------------------
                         required time                          9.957    
                         arrival time                          -2.059    
  -------------------------------------------------------------------
                         slack                                  7.898    





---------------------------------------------------------------------------------------------------
From Clock:  clk_fpga_1
  To Clock:  clk_fpga_0

Setup :            0  Failing Endpoints,  Worst Slack       28.313ns,  Total Violation        0.000ns
Hold  :           NA  Failing Endpoints,  Worst Slack           NA  ,  Total Violation           NA
---------------------------------------------------------------------------------------------------


Max Delay Paths
--------------------------------------------------------------------------------------
Slack (MET) :             28.313ns  (required time - arrival time)
  Source:                 lesion_i/video/axi_interconnect_0/m07_couplers/auto_cc/inst/gen_clock_conv.gen_async_lite_conv.clock_conv_lite_resp_r/handshake/src_hsdata_ff_reg[6]/C
                            (rising edge-triggered cell FDRE clocked by clk_fpga_1  {rise@0.000ns fall@3.500ns period=7.000ns})
  Destination:            lesion_i/video/axi_interconnect_0/m07_couplers/auto_cc/inst/gen_clock_conv.gen_async_lite_conv.clock_conv_lite_resp_r/handshake/dest_hsdata_ff_reg[6]/D
                            (rising edge-triggered cell FDRE clocked by clk_fpga_0  {rise@0.000ns fall@5.000ns period=10.000ns})
  Path Group:             clk_fpga_0
  Path Type:              Setup (Max at Slow Process Corner)
  Requirement:            30.000ns  (MaxDelay Path 30.000ns)
  Data Path Delay:        1.472ns  (logic 0.419ns (28.460%)  route 1.053ns (71.540%))
  Logic Levels:           0  
  Timing Exception:       MaxDelay Path 30.000ns -datapath_only

    Location             Delay type                Incr(ns)  Path(ns)    Netlist Resource(s)
  -------------------------------------------------------------------    -------------------
    SLICE_X80Y144                                     0.000     0.000 r  lesion_i/video/axi_interconnect_0/m07_couplers/auto_cc/inst/gen_clock_conv.gen_async_lite_conv.clock_conv_lite_resp_r/handshake/src_hsdata_ff_reg[6]/C
    SLICE_X80Y144        FDRE (Prop_fdre_C_Q)         0.419     0.419 r  lesion_i/video/axi_interconnect_0/m07_couplers/auto_cc/inst/gen_clock_conv.gen_async_lite_conv.clock_conv_lite_resp_r/handshake/src_hsdata_ff_reg[6]/Q
                         net (fo=1, routed)           1.053     1.472    lesion_i/video/axi_interconnect_0/m07_couplers/auto_cc/inst/gen_clock_conv.gen_async_lite_conv.clock_conv_lite_resp_r/handshake/src_hsdata_ff[6]
    SLICE_X81Y143        FDRE                                         r  lesion_i/video/axi_interconnect_0/m07_couplers/auto_cc/inst/gen_clock_conv.gen_async_lite_conv.clock_conv_lite_resp_r/handshake/dest_hsdata_ff_reg[6]/D
  -------------------------------------------------------------------    -------------------

                         max delay                   30.000    30.000    
    SLICE_X81Y143        FDRE (Setup_fdre_C_D)       -0.215    29.785    lesion_i/video/axi_interconnect_0/m07_couplers/auto_cc/inst/gen_clock_conv.gen_async_lite_conv.clock_conv_lite_resp_r/handshake/dest_hsdata_ff_reg[6]
  -------------------------------------------------------------------
                         required time                         29.785    
                         arrival time                          -1.472    
  -------------------------------------------------------------------
                         slack                                 28.313    





---------------------------------------------------------------------------------------------------
From Clock:  hdmi_in_PixelClk
  To Clock:  clk_fpga_0

Setup :            0  Failing Endpoints,  Worst Slack        5.016ns,  Total Violation        0.000ns
Hold  :           NA  Failing Endpoints,  Worst Slack           NA  ,  Total Violation           NA
---------------------------------------------------------------------------------------------------


Max Delay Paths
--------------------------------------------------------------------------------------
Slack (MET) :             5.016ns  (required time - arrival time)
  Source:                 lesion_wrapper/lesion/video_imp_15QDWM9/hdmi_in_imp_WH11TZ/frontend_imp_1R3YJ4E/lesion_vtc_in_0/<hidden>/<hidden>
                            (rising edge-triggered cell FDRE clocked by hdmi_in_PixelClk  {rise@0.000ns fall@3.333ns period=8.333ns})
  Destination:            lesion_wrapper/lesion/video_imp_15QDWM9/hdmi_in_imp_WH11TZ/frontend_imp_1R3YJ4E/lesion_vtc_in_0/<hidden>/<hidden>/<hidden>
                            (rising edge-triggered cell FDRE clocked by clk_fpga_0  {rise@0.000ns fall@5.000ns period=10.000ns})
  Path Group:             clk_fpga_0
  Path Type:              Setup (Max at Slow Process Corner)
  Requirement:            8.334ns  (MaxDelay Path 8.334ns)
  Data Path Delay:        3.223ns  (logic 0.456ns (14.148%)  route 2.767ns (85.852%))
  Logic Levels:           0  
  Timing Exception:       MaxDelay Path 8.334ns -datapath_only

    Location             Delay type                Incr(ns)  Path(ns)    Netlist Resource(s)
  -------------------------------------------------------------------    -------------------
    SLICE_X67Y68                                      0.000     0.000 r  lesion_wrapper/lesion/video_imp_15QDWM9/hdmi_in_imp_WH11TZ/frontend_imp_1R3YJ4E/lesion_vtc_in_0/<hidden>/<hidden>
    SLICE_X67Y68         FDRE (Prop_fdre_C_Q)         0.456     0.456 r  lesion_wrapper/lesion/video_imp_15QDWM9/hdmi_in_imp_WH11TZ/frontend_imp_1R3YJ4E/lesion_vtc_in_0/<hidden>/<hidden>
                         net (fo=1, routed)           2.767     3.223    lesion_wrapper/lesion/video_imp_15QDWM9/hdmi_in_imp_WH11TZ/frontend_imp_1R3YJ4E/lesion_vtc_in_0/<hidden>/<hidden>/<hidden>
    SLICE_X87Y108        FDRE                                         r  lesion_wrapper/lesion/video_imp_15QDWM9/hdmi_in_imp_WH11TZ/frontend_imp_1R3YJ4E/lesion_vtc_in_0/<hidden>/<hidden>/<hidden>
  -------------------------------------------------------------------    -------------------

                         max delay                    8.334     8.334    
    SLICE_X87Y108        FDRE (Setup_fdre_C_D)       -0.095     8.239    lesion_wrapper/lesion/video_imp_15QDWM9/hdmi_in_imp_WH11TZ/frontend_imp_1R3YJ4E/lesion_vtc_in_0/<hidden>/<hidden>/<hidden>
  -------------------------------------------------------------------
                         required time                          8.239    
                         arrival time                          -3.223    
  -------------------------------------------------------------------
                         slack                                  5.016    





---------------------------------------------------------------------------------------------------
From Clock:  clk_fpga_0
  To Clock:  axi_dynclk_0_PXL_CLK_O

Setup :            0  Failing Endpoints,  Worst Slack        8.025ns,  Total Violation        0.000ns
Hold  :           NA  Failing Endpoints,  Worst Slack           NA  ,  Total Violation           NA
---------------------------------------------------------------------------------------------------


Max Delay Paths
--------------------------------------------------------------------------------------
Slack (MET) :             8.025ns  (required time - arrival time)
  Source:                 lesion_wrapper/lesion/video_imp_15QDWM9/hdmi_out_imp_1SB5NOD/frontend_imp_DZ8CGD/lesion_vtc_out_0/<hidden>/<hidden>
                            (rising edge-triggered cell FDRE clocked by clk_fpga_0  {rise@0.000ns fall@5.000ns period=10.000ns})
  Destination:            lesion_wrapper/lesion/video_imp_15QDWM9/hdmi_out_imp_1SB5NOD/frontend_imp_DZ8CGD/lesion_vtc_out_0/<hidden>/<hidden>/<hidden>
                            (rising edge-triggered cell FDRE clocked by axi_dynclk_0_PXL_CLK_O  {rise@0.000ns fall@4.000ns period=10.000ns})
  Path Group:             axi_dynclk_0_PXL_CLK_O
  Path Type:              Setup (Max at Slow Process Corner)
  Requirement:            10.000ns  (MaxDelay Path 10.000ns)
  Data Path Delay:        1.928ns  (logic 0.518ns (26.870%)  route 1.410ns (73.130%))
  Logic Levels:           0  
  Timing Exception:       MaxDelay Path 10.000ns -datapath_only

    Location             Delay type                Incr(ns)  Path(ns)    Netlist Resource(s)
  -------------------------------------------------------------------    -------------------
    SLICE_X98Y117                                     0.000     0.000 r  lesion_wrapper/lesion/video_imp_15QDWM9/hdmi_out_imp_1SB5NOD/frontend_imp_DZ8CGD/lesion_vtc_out_0/<hidden>/<hidden>
    SLICE_X98Y117        FDRE (Prop_fdre_C_Q)         0.518     0.518 r  lesion_wrapper/lesion/video_imp_15QDWM9/hdmi_out_imp_1SB5NOD/frontend_imp_DZ8CGD/lesion_vtc_out_0/<hidden>/<hidden>
                         net (fo=1, routed)           1.410     1.928    lesion_wrapper/lesion/video_imp_15QDWM9/hdmi_out_imp_1SB5NOD/frontend_imp_DZ8CGD/lesion_vtc_out_0/<hidden>/<hidden>/<hidden>
    SLICE_X66Y115        FDRE                                         r  lesion_wrapper/lesion/video_imp_15QDWM9/hdmi_out_imp_1SB5NOD/frontend_imp_DZ8CGD/lesion_vtc_out_0/<hidden>/<hidden>/<hidden>
  -------------------------------------------------------------------    -------------------

                         max delay                   10.000    10.000    
    SLICE_X66Y115        FDRE (Setup_fdre_C_D)       -0.047     9.953    lesion_wrapper/lesion/video_imp_15QDWM9/hdmi_out_imp_1SB5NOD/frontend_imp_DZ8CGD/lesion_vtc_out_0/<hidden>/<hidden>/<hidden>
  -------------------------------------------------------------------
                         required time                          9.953    
                         arrival time                          -1.928    
  -------------------------------------------------------------------
                         slack                                  8.025    





---------------------------------------------------------------------------------------------------
From Clock:  clk_fpga_1
  To Clock:  axi_dynclk_0_PXL_CLK_O

Setup :            0  Failing Endpoints,  Worst Slack        5.429ns,  Total Violation        0.000ns
Hold  :           NA  Failing Endpoints,  Worst Slack           NA  ,  Total Violation           NA
---------------------------------------------------------------------------------------------------


Max Delay Paths
--------------------------------------------------------------------------------------
Slack (MET) :             5.429ns  (required time - arrival time)
  Source:                 lesion_i/video/hdmi_out/frontend/v_axi4s_vid_out_0/inst/COUPLER_INST/generate_async_fifo.FIFO_INST/XPM_FIFO_ASYNC_INST/gnuram_async_fifo.xpm_fifo_base_inst/gen_cdc_pntr.wr_pntr_cdc_dc_inst/src_gray_ff_reg[7]/C
                            (rising edge-triggered cell FDRE clocked by clk_fpga_1  {rise@0.000ns fall@3.500ns period=7.000ns})
  Destination:            lesion_i/video/hdmi_out/frontend/v_axi4s_vid_out_0/inst/COUPLER_INST/generate_async_fifo.FIFO_INST/XPM_FIFO_ASYNC_INST/gnuram_async_fifo.xpm_fifo_base_inst/gen_cdc_pntr.wr_pntr_cdc_dc_inst/dest_graysync_ff_reg[0][7]/D
                            (rising edge-triggered cell FDRE clocked by axi_dynclk_0_PXL_CLK_O  {rise@0.000ns fall@4.000ns period=10.000ns})
  Path Group:             axi_dynclk_0_PXL_CLK_O
  Path Type:              Setup (Max at Slow Process Corner)
  Requirement:            7.000ns  (MaxDelay Path 7.000ns)
  Data Path Delay:        1.295ns  (logic 0.478ns (36.907%)  route 0.817ns (63.093%))
  Logic Levels:           0  
  Timing Exception:       MaxDelay Path 7.000ns -datapath_only

    Location             Delay type                Incr(ns)  Path(ns)    Netlist Resource(s)
  -------------------------------------------------------------------    -------------------
    SLICE_X92Y136                                     0.000     0.000 r  lesion_i/video/hdmi_out/frontend/v_axi4s_vid_out_0/inst/COUPLER_INST/generate_async_fifo.FIFO_INST/XPM_FIFO_ASYNC_INST/gnuram_async_fifo.xpm_fifo_base_inst/gen_cdc_pntr.wr_pntr_cdc_dc_inst/src_gray_ff_reg[7]/C
    SLICE_X92Y136        FDRE (Prop_fdre_C_Q)         0.478     0.478 r  lesion_i/video/hdmi_out/frontend/v_axi4s_vid_out_0/inst/COUPLER_INST/generate_async_fifo.FIFO_INST/XPM_FIFO_ASYNC_INST/gnuram_async_fifo.xpm_fifo_base_inst/gen_cdc_pntr.wr_pntr_cdc_dc_inst/src_gray_ff_reg[7]/Q
                         net (fo=1, routed)           0.817     1.295    lesion_i/video/hdmi_out/frontend/v_axi4s_vid_out_0/inst/COUPLER_INST/generate_async_fifo.FIFO_INST/XPM_FIFO_ASYNC_INST/gnuram_async_fifo.xpm_fifo_base_inst/gen_cdc_pntr.wr_pntr_cdc_dc_inst/async_path[7]
    SLICE_X91Y136        FDRE                                         r  lesion_i/video/hdmi_out/frontend/v_axi4s_vid_out_0/inst/COUPLER_INST/generate_async_fifo.FIFO_INST/XPM_FIFO_ASYNC_INST/gnuram_async_fifo.xpm_fifo_base_inst/gen_cdc_pntr.wr_pntr_cdc_dc_inst/dest_graysync_ff_reg[0][7]/D
  -------------------------------------------------------------------    -------------------

                         max delay                    7.000     7.000    
    SLICE_X91Y136        FDRE (Setup_fdre_C_D)       -0.276     6.724    lesion_i/video/hdmi_out/frontend/v_axi4s_vid_out_0/inst/COUPLER_INST/generate_async_fifo.FIFO_INST/XPM_FIFO_ASYNC_INST/gnuram_async_fifo.xpm_fifo_base_inst/gen_cdc_pntr.wr_pntr_cdc_dc_inst/dest_graysync_ff_reg[0][7]
  -------------------------------------------------------------------
                         required time                          6.724    
                         arrival time                          -1.295    
  -------------------------------------------------------------------
                         slack                                  5.429    





---------------------------------------------------------------------------------------------------
From Clock:  clk_fpga_0
  To Clock:  clk_fpga_1

Setup :            0  Failing Endpoints,  Worst Slack       19.368ns,  Total Violation        0.000ns
Hold  :           NA  Failing Endpoints,  Worst Slack           NA  ,  Total Violation           NA
---------------------------------------------------------------------------------------------------


Max Delay Paths
--------------------------------------------------------------------------------------
Slack (MET) :             19.368ns  (required time - arrival time)
  Source:                 lesion_i/video/axi_interconnect_0/m02_couplers/auto_cc/inst/gen_clock_conv.gen_async_lite_conv.clock_conv_lite_fwd_w/handshake/src_hsdata_ff_reg[6]/C
                            (rising edge-triggered cell FDRE clocked by clk_fpga_0  {rise@0.000ns fall@5.000ns period=10.000ns})
  Destination:            lesion_i/video/axi_interconnect_0/m02_couplers/auto_cc/inst/gen_clock_conv.gen_async_lite_conv.clock_conv_lite_fwd_w/handshake/dest_hsdata_ff_reg[6]/D
                            (rising edge-triggered cell FDRE clocked by clk_fpga_1  {rise@0.000ns fall@3.500ns period=7.000ns})
  Path Group:             clk_fpga_1
  Path Type:              Setup (Max at Slow Process Corner)
  Requirement:            21.000ns  (MaxDelay Path 21.000ns)
  Data Path Delay:        1.412ns  (logic 0.478ns (33.855%)  route 0.934ns (66.145%))
  Logic Levels:           0  
  Timing Exception:       MaxDelay Path 21.000ns -datapath_only

    Location             Delay type                Incr(ns)  Path(ns)    Netlist Resource(s)
  -------------------------------------------------------------------    -------------------
    SLICE_X46Y138                                     0.000     0.000 r  lesion_i/video/axi_interconnect_0/m02_couplers/auto_cc/inst/gen_clock_conv.gen_async_lite_conv.clock_conv_lite_fwd_w/handshake/src_hsdata_ff_reg[6]/C
    SLICE_X46Y138        FDRE (Prop_fdre_C_Q)         0.478     0.478 r  lesion_i/video/axi_interconnect_0/m02_couplers/auto_cc/inst/gen_clock_conv.gen_async_lite_conv.clock_conv_lite_fwd_w/handshake/src_hsdata_ff_reg[6]/Q
                         net (fo=1, routed)           0.934     1.412    lesion_i/video/axi_interconnect_0/m02_couplers/auto_cc/inst/gen_clock_conv.gen_async_lite_conv.clock_conv_lite_fwd_w/handshake/src_hsdata_ff[6]
    SLICE_X44Y138        FDRE                                         r  lesion_i/video/axi_interconnect_0/m02_couplers/auto_cc/inst/gen_clock_conv.gen_async_lite_conv.clock_conv_lite_fwd_w/handshake/dest_hsdata_ff_reg[6]/D
  -------------------------------------------------------------------    -------------------

                         max delay                   21.000    21.000    
    SLICE_X44Y138        FDRE (Setup_fdre_C_D)       -0.220    20.780    lesion_i/video/axi_interconnect_0/m02_couplers/auto_cc/inst/gen_clock_conv.gen_async_lite_conv.clock_conv_lite_fwd_w/handshake/dest_hsdata_ff_reg[6]
  -------------------------------------------------------------------
                         required time                         20.780    
                         arrival time                          -1.412    
  -------------------------------------------------------------------
                         slack                                 19.368    





---------------------------------------------------------------------------------------------------
From Clock:  axi_dynclk_0_PXL_CLK_O
  To Clock:  clk_fpga_1

Setup :            0  Failing Endpoints,  Worst Slack        8.520ns,  Total Violation        0.000ns
Hold  :           NA  Failing Endpoints,  Worst Slack           NA  ,  Total Violation           NA
---------------------------------------------------------------------------------------------------


Max Delay Paths
--------------------------------------------------------------------------------------
Slack (MET) :             8.520ns  (required time - arrival time)
  Source:                 lesion_i/video/hdmi_out/frontend/v_axi4s_vid_out_0/inst/COUPLER_INST/generate_async_fifo.FIFO_INST/XPM_FIFO_ASYNC_INST/gnuram_async_fifo.xpm_fifo_base_inst/gen_cdc_pntr.rd_pntr_cdc_inst/src_gray_ff_reg[0]/C
                            (rising edge-triggered cell FDRE clocked by axi_dynclk_0_PXL_CLK_O  {rise@0.000ns fall@4.000ns period=10.000ns})
  Destination:            lesion_i/video/hdmi_out/frontend/v_axi4s_vid_out_0/inst/COUPLER_INST/generate_async_fifo.FIFO_INST/XPM_FIFO_ASYNC_INST/gnuram_async_fifo.xpm_fifo_base_inst/gen_cdc_pntr.rd_pntr_cdc_inst/dest_graysync_ff_reg[0][0]/D
                            (rising edge-triggered cell FDRE clocked by clk_fpga_1  {rise@0.000ns fall@3.500ns period=7.000ns})
  Path Group:             clk_fpga_1
  Path Type:              Setup (Max at Slow Process Corner)
  Requirement:            10.000ns  (MaxDelay Path 10.000ns)
  Data Path Delay:        1.385ns  (logic 0.518ns (37.404%)  route 0.867ns (62.596%))
  Logic Levels:           0  
  Timing Exception:       MaxDelay Path 10.000ns -datapath_only

    Location             Delay type                Incr(ns)  Path(ns)    Netlist Resource(s)
  -------------------------------------------------------------------    -------------------
    SLICE_X86Y135                                     0.000     0.000 r  lesion_i/video/hdmi_out/frontend/v_axi4s_vid_out_0/inst/COUPLER_INST/generate_async_fifo.FIFO_INST/XPM_FIFO_ASYNC_INST/gnuram_async_fifo.xpm_fifo_base_inst/gen_cdc_pntr.rd_pntr_cdc_inst/src_gray_ff_reg[0]/C
    SLICE_X86Y135        FDRE (Prop_fdre_C_Q)         0.518     0.518 r  lesion_i/video/hdmi_out/frontend/v_axi4s_vid_out_0/inst/COUPLER_INST/generate_async_fifo.FIFO_INST/XPM_FIFO_ASYNC_INST/gnuram_async_fifo.xpm_fifo_base_inst/gen_cdc_pntr.rd_pntr_cdc_inst/src_gray_ff_reg[0]/Q
                         net (fo=1, routed)           0.867     1.385    lesion_i/video/hdmi_out/frontend/v_axi4s_vid_out_0/inst/COUPLER_INST/generate_async_fifo.FIFO_INST/XPM_FIFO_ASYNC_INST/gnuram_async_fifo.xpm_fifo_base_inst/gen_cdc_pntr.rd_pntr_cdc_inst/async_path[0]
    SLICE_X85Y135        FDRE                                         r  lesion_i/video/hdmi_out/frontend/v_axi4s_vid_out_0/inst/COUPLER_INST/generate_async_fifo.FIFO_INST/XPM_FIFO_ASYNC_INST/gnuram_async_fifo.xpm_fifo_base_inst/gen_cdc_pntr.rd_pntr_cdc_inst/dest_graysync_ff_reg[0][0]/D
  -------------------------------------------------------------------    -------------------

                         max delay                   10.000    10.000    
    SLICE_X85Y135        FDRE (Setup_fdre_C_D)       -0.095     9.905    lesion_i/video/hdmi_out/frontend/v_axi4s_vid_out_0/inst/COUPLER_INST/generate_async_fifo.FIFO_INST/XPM_FIFO_ASYNC_INST/gnuram_async_fifo.xpm_fifo_base_inst/gen_cdc_pntr.rd_pntr_cdc_inst/dest_graysync_ff_reg[0][0]
  -------------------------------------------------------------------
                         required time                          9.905    
                         arrival time                          -1.385    
  -------------------------------------------------------------------
                         slack                                  8.520    





---------------------------------------------------------------------------------------------------
From Clock:  hdmi_in_PixelClk
  To Clock:  clk_fpga_1

Setup :            0  Failing Endpoints,  Worst Slack        6.670ns,  Total Violation        0.000ns
Hold  :           NA  Failing Endpoints,  Worst Slack           NA  ,  Total Violation           NA
---------------------------------------------------------------------------------------------------


Max Delay Paths
--------------------------------------------------------------------------------------
Slack (MET) :             6.670ns  (required time - arrival time)
  Source:                 lesion_i/video/hdmi_in/frontend/v_vid_in_axi4s_0/inst/COUPLER_INST/generate_async_fifo.FIFO_INST/XPM_FIFO_ASYNC_INST/gnuram_async_fifo.xpm_fifo_base_inst/gen_cdc_pntr.wr_pntr_cdc_inst/src_gray_ff_reg[8]/C
                            (rising edge-triggered cell FDRE clocked by hdmi_in_PixelClk  {rise@0.000ns fall@3.333ns period=8.333ns})
  Destination:            lesion_i/video/hdmi_in/frontend/v_vid_in_axi4s_0/inst/COUPLER_INST/generate_async_fifo.FIFO_INST/XPM_FIFO_ASYNC_INST/gnuram_async_fifo.xpm_fifo_base_inst/gen_cdc_pntr.wr_pntr_cdc_inst/dest_graysync_ff_reg[0][8]/D
                            (rising edge-triggered cell FDRE clocked by clk_fpga_1  {rise@0.000ns fall@3.500ns period=7.000ns})
  Path Group:             clk_fpga_1
  Path Type:              Setup (Max at Slow Process Corner)
  Requirement:            8.334ns  (MaxDelay Path 8.334ns)
  Data Path Delay:        1.559ns  (logic 0.456ns (29.241%)  route 1.103ns (70.759%))
  Logic Levels:           0  
  Timing Exception:       MaxDelay Path 8.334ns -datapath_only

    Location             Delay type                Incr(ns)  Path(ns)    Netlist Resource(s)
  -------------------------------------------------------------------    -------------------
    SLICE_X107Y94                                     0.000     0.000 r  lesion_i/video/hdmi_in/frontend/v_vid_in_axi4s_0/inst/COUPLER_INST/generate_async_fifo.FIFO_INST/XPM_FIFO_ASYNC_INST/gnuram_async_fifo.xpm_fifo_base_inst/gen_cdc_pntr.wr_pntr_cdc_inst/src_gray_ff_reg[8]/C
    SLICE_X107Y94        FDRE (Prop_fdre_C_Q)         0.456     0.456 r  lesion_i/video/hdmi_in/frontend/v_vid_in_axi4s_0/inst/COUPLER_INST/generate_async_fifo.FIFO_INST/XPM_FIFO_ASYNC_INST/gnuram_async_fifo.xpm_fifo_base_inst/gen_cdc_pntr.wr_pntr_cdc_inst/src_gray_ff_reg[8]/Q
                         net (fo=1, routed)           1.103     1.559    lesion_i/video/hdmi_in/frontend/v_vid_in_axi4s_0/inst/COUPLER_INST/generate_async_fifo.FIFO_INST/XPM_FIFO_ASYNC_INST/gnuram_async_fifo.xpm_fifo_base_inst/gen_cdc_pntr.wr_pntr_cdc_inst/async_path[8]
    SLICE_X113Y96        FDRE                                         r  lesion_i/video/hdmi_in/frontend/v_vid_in_axi4s_0/inst/COUPLER_INST/generate_async_fifo.FIFO_INST/XPM_FIFO_ASYNC_INST/gnuram_async_fifo.xpm_fifo_base_inst/gen_cdc_pntr.wr_pntr_cdc_inst/dest_graysync_ff_reg[0][8]/D
  -------------------------------------------------------------------    -------------------

                         max delay                    8.334     8.334    
    SLICE_X113Y96        FDRE (Setup_fdre_C_D)       -0.105     8.229    lesion_i/video/hdmi_in/frontend/v_vid_in_axi4s_0/inst/COUPLER_INST/generate_async_fifo.FIFO_INST/XPM_FIFO_ASYNC_INST/gnuram_async_fifo.xpm_fifo_base_inst/gen_cdc_pntr.wr_pntr_cdc_inst/dest_graysync_ff_reg[0][8]
  -------------------------------------------------------------------
                         required time                          8.229    
                         arrival time                          -1.559    
  -------------------------------------------------------------------
                         slack                                  6.670    





---------------------------------------------------------------------------------------------------
From Clock:  clk_fpga_0
  To Clock:  hdmi_in_PixelClk

Setup :            0  Failing Endpoints,  Worst Slack        7.337ns,  Total Violation        0.000ns
Hold  :           NA  Failing Endpoints,  Worst Slack           NA  ,  Total Violation           NA
---------------------------------------------------------------------------------------------------


Max Delay Paths
--------------------------------------------------------------------------------------
Slack (MET) :             7.337ns  (required time - arrival time)
  Source:                 lesion_wrapper/lesion/video_imp_15QDWM9/hdmi_in_imp_WH11TZ/frontend_imp_1R3YJ4E/lesion_vtc_in_0/<hidden>/<hidden>
                            (rising edge-triggered cell FDRE clocked by clk_fpga_0  {rise@0.000ns fall@5.000ns period=10.000ns})
  Destination:            lesion_wrapper/lesion/video_imp_15QDWM9/hdmi_in_imp_WH11TZ/frontend_imp_1R3YJ4E/lesion_vtc_in_0/<hidden>/<hidden>/<hidden>
                            (rising edge-triggered cell FDRE clocked by hdmi_in_PixelClk  {rise@0.000ns fall@3.333ns period=8.333ns})
  Path Group:             hdmi_in_PixelClk
  Path Type:              Setup (Max at Slow Process Corner)
  Requirement:            10.000ns  (MaxDelay Path 10.000ns)
  Data Path Delay:        2.568ns  (logic 0.456ns (17.756%)  route 2.112ns (82.244%))
  Logic Levels:           0  
  Timing Exception:       MaxDelay Path 10.000ns -datapath_only

    Location             Delay type                Incr(ns)  Path(ns)    Netlist Resource(s)
  -------------------------------------------------------------------    -------------------
    SLICE_X95Y119                                     0.000     0.000 r  lesion_wrapper/lesion/video_imp_15QDWM9/hdmi_in_imp_WH11TZ/frontend_imp_1R3YJ4E/lesion_vtc_in_0/<hidden>/<hidden>
    SLICE_X95Y119        FDRE (Prop_fdre_C_Q)         0.456     0.456 r  lesion_wrapper/lesion/video_imp_15QDWM9/hdmi_in_imp_WH11TZ/frontend_imp_1R3YJ4E/lesion_vtc_in_0/<hidden>/<hidden>
                         net (fo=1, routed)           2.112     2.568    lesion_wrapper/lesion/video_imp_15QDWM9/hdmi_in_imp_WH11TZ/frontend_imp_1R3YJ4E/lesion_vtc_in_0/<hidden>/<hidden>/<hidden>
    SLICE_X91Y79         FDRE                                         r  lesion_wrapper/lesion/video_imp_15QDWM9/hdmi_in_imp_WH11TZ/frontend_imp_1R3YJ4E/lesion_vtc_in_0/<hidden>/<hidden>/<hidden>
  -------------------------------------------------------------------    -------------------

                         max delay                   10.000    10.000    
    SLICE_X91Y79         FDRE (Setup_fdre_C_D)       -0.095     9.905    lesion_wrapper/lesion/video_imp_15QDWM9/hdmi_in_imp_WH11TZ/frontend_imp_1R3YJ4E/lesion_vtc_in_0/<hidden>/<hidden>/<hidden>
  -------------------------------------------------------------------
                         required time                          9.905    
                         arrival time                          -2.568    
  -------------------------------------------------------------------
                         slack                                  7.337    





---------------------------------------------------------------------------------------------------
From Clock:  clk_fpga_1
  To Clock:  hdmi_in_PixelClk

Setup :            0  Failing Endpoints,  Worst Slack        5.375ns,  Total Violation        0.000ns
Hold  :           NA  Failing Endpoints,  Worst Slack           NA  ,  Total Violation           NA
---------------------------------------------------------------------------------------------------


Max Delay Paths
--------------------------------------------------------------------------------------
Slack (MET) :             5.375ns  (required time - arrival time)
  Source:                 lesion_i/video/hdmi_in/frontend/v_vid_in_axi4s_0/inst/COUPLER_INST/generate_async_fifo.FIFO_INST/XPM_FIFO_ASYNC_INST/gnuram_async_fifo.xpm_fifo_base_inst/gen_cdc_pntr.rd_pntr_cdc_inst/src_gray_ff_reg[11]/C
                            (rising edge-triggered cell FDRE clocked by clk_fpga_1  {rise@0.000ns fall@3.500ns period=7.000ns})
  Destination:            lesion_i/video/hdmi_in/frontend/v_vid_in_axi4s_0/inst/COUPLER_INST/generate_async_fifo.FIFO_INST/XPM_FIFO_ASYNC_INST/gnuram_async_fifo.xpm_fifo_base_inst/gen_cdc_pntr.rd_pntr_cdc_inst/dest_graysync_ff_reg[0][11]/D
                            (rising edge-triggered cell FDRE clocked by hdmi_in_PixelClk  {rise@0.000ns fall@3.333ns period=8.333ns})
  Path Group:             hdmi_in_PixelClk
  Path Type:              Setup (Max at Slow Process Corner)
  Requirement:            7.000ns  (MaxDelay Path 7.000ns)
  Data Path Delay:        1.530ns  (logic 0.456ns (29.813%)  route 1.074ns (70.187%))
  Logic Levels:           0  
  Timing Exception:       MaxDelay Path 7.000ns -datapath_only

    Location             Delay type                Incr(ns)  Path(ns)    Netlist Resource(s)
  -------------------------------------------------------------------    -------------------
    SLICE_X110Y91                                     0.000     0.000 r  lesion_i/video/hdmi_in/frontend/v_vid_in_axi4s_0/inst/COUPLER_INST/generate_async_fifo.FIFO_INST/XPM_FIFO_ASYNC_INST/gnuram_async_fifo.xpm_fifo_base_inst/gen_cdc_pntr.rd_pntr_cdc_inst/src_gray_ff_reg[11]/C
    SLICE_X110Y91        FDRE (Prop_fdre_C_Q)         0.456     0.456 r  lesion_i/video/hdmi_in/frontend/v_vid_in_axi4s_0/inst/COUPLER_INST/generate_async_fifo.FIFO_INST/XPM_FIFO_ASYNC_INST/gnuram_async_fifo.xpm_fifo_base_inst/gen_cdc_pntr.rd_pntr_cdc_inst/src_gray_ff_reg[11]/Q
                         net (fo=1, routed)           1.074     1.530    lesion_i/video/hdmi_in/frontend/v_vid_in_axi4s_0/inst/COUPLER_INST/generate_async_fifo.FIFO_INST/XPM_FIFO_ASYNC_INST/gnuram_async_fifo.xpm_fifo_base_inst/gen_cdc_pntr.rd_pntr_cdc_inst/async_path[11]
    SLICE_X109Y91        FDRE                                         r  lesion_i/video/hdmi_in/frontend/v_vid_in_axi4s_0/inst/COUPLER_INST/generate_async_fifo.FIFO_INST/XPM_FIFO_ASYNC_INST/gnuram_async_fifo.xpm_fifo_base_inst/gen_cdc_pntr.rd_pntr_cdc_inst/dest_graysync_ff_reg[0][11]/D
  -------------------------------------------------------------------    -------------------

                         max delay                    7.000     7.000    
    SLICE_X109Y91        FDRE (Setup_fdre_C_D)       -0.095     6.905    lesion_i/video/hdmi_in/frontend/v_vid_in_axi4s_0/inst/COUPLER_INST/generate_async_fifo.FIFO_INST/XPM_FIFO_ASYNC_INST/gnuram_async_fifo.xpm_fifo_base_inst/gen_cdc_pntr.rd_pntr_cdc_inst/dest_graysync_ff_reg[0][11]
  -------------------------------------------------------------------
                         required time                          6.905    
                         arrival time                          -1.530    
  -------------------------------------------------------------------
                         slack                                  5.375    





---------------------------------------------------------------------------------------------------
Path Group:  **async_default**
From Clock:  clk_fpga_0
  To Clock:  clk_fpga_0

Setup :            0  Failing Endpoints,  Worst Slack        5.784ns,  Total Violation        0.000ns
Hold  :            0  Failing Endpoints,  Worst Slack        0.541ns,  Total Violation        0.000ns
---------------------------------------------------------------------------------------------------


Max Delay Paths
--------------------------------------------------------------------------------------
Slack (MET) :             5.784ns  (required time - arrival time)
  Source:                 lesion_wrapper/lesion/lesion_memory_0/s01_couplers_imp_1K29ZFW/lesion_memory_imp_auto_pc_1/lesion_memory_imp_auto_pc_1_axi_protocol_converter_v2_1_37_axi_protocol_converter/lesion_memory_imp_auto_pc_1_axi_protocol_converter_v2_1_37_axi3_conv/lesion_memory_imp_auto_pc_1_axi_protocol_converter_v2_1_37_a_axi3_conv/lesion_memory_imp_auto_pc_1_axi_data_fifo_v2_1_36_axic_fifo_0/lesion_memory_imp_auto_pc_1_axi_data_fifo_v2_1_36_fifo_gen/<hidden>/<hidden>/<hidden>/<hidden>/<hidden>
                            (rising edge-triggered cell FDRE clocked by clk_fpga_0  {rise@0.000ns fall@5.000ns period=10.000ns})
  Destination:            lesion_wrapper/lesion/lesion_memory_0/s01_couplers_imp_1K29ZFW/lesion_memory_imp_auto_pc_1/lesion_memory_imp_auto_pc_1_axi_protocol_converter_v2_1_37_axi_protocol_converter/lesion_memory_imp_auto_pc_1_axi_protocol_converter_v2_1_37_axi3_conv/lesion_memory_imp_auto_pc_1_axi_protocol_converter_v2_1_37_a_axi3_conv/lesion_memory_imp_auto_pc_1_axi_data_fifo_v2_1_36_axic_fifo_0/lesion_memory_imp_auto_pc_1_axi_data_fifo_v2_1_36_fifo_gen/<hidden>/<hidden>/<hidden>/<hidden>/<hidden>/<hidden>
                            (recovery check against rising-edge clock clk_fpga_0  {rise@0.000ns fall@5.000ns period=10.000ns})
  Path Group:             **async_default**
  Path Type:              Recovery (Max at Slow Process Corner)
  Requirement:            10.000ns  (clk_fpga_0 rise@10.000ns - clk_fpga_0 rise@0.000ns)
  Data Path Delay:        3.598ns  (logic 0.718ns (19.957%)  route 2.880ns (80.043%))
  Logic Levels:           1  (LUT3=1)
  Clock Path Skew:        -0.059ns (DCD - SCD + CPR)
    Destination Clock Delay (DCD):    2.725ns = ( 12.726 - 10.000 ) 
    Source Clock Delay      (SCD):    3.014ns
    Clock Pessimism Removal (CPR):    0.230ns
  Clock Uncertainty:      0.154ns  ((TSJ^2 + TIJ^2)^1/2 + DJ) / 2 + PE
    Total System Jitter     (TSJ):    0.071ns
    Total Input Jitter      (TIJ):    0.300ns
    Discrete Jitter          (DJ):    0.000ns
    Phase Error              (PE):    0.000ns

    Location             Delay type                Incr(ns)  Path(ns)    Netlist Resource(s)
  -------------------------------------------------------------------    -------------------
                         (clock clk_fpga_0 rise edge)
                                                      0.000     0.000 r  
    PS7_X0Y0             PS7                          0.000     0.000 r  lesion_i/ps7_0/inst/PS7_i/FCLKCLK[0]
                         net (fo=1, routed)           1.193     1.193    lesion_i/ps7_0/inst/FCLK_CLK_unbuffered[0]
    BUFGCTRL_X0Y16       BUFG (Prop_bufg_I_O)         0.101     1.294 r  lesion_i/ps7_0/inst/buffer_fclk_clk_0.FCLK_CLK_0_BUFG/O
                         net (fo=24936, routed)       1.720     3.014    lesion_wrapper/lesion/lesion_memory_0/s01_couplers_imp_1K29ZFW/lesion_memory_imp_auto_pc_1/lesion_memory_imp_auto_pc_1_axi_protocol_converter_v2_1_37_axi_protocol_converter/lesion_memory_imp_auto_pc_1_axi_protocol_converter_v2_1_37_axi3_conv/lesion_memory_imp_auto_pc_1_axi_protocol_converter_v2_1_37_a_axi3_conv/lesion_memory_imp_auto_pc_1_axi_data_fifo_v2_1_36_axic_fifo_0/lesion_memory_imp_auto_pc_1_axi_data_fifo_v2_1_36_fifo_gen/<hidden>/<hidden>/<hidden>/<hidden>/<hidden>
    SLICE_X65Y19         FDRE                                         r  lesion_wrapper/lesion/lesion_memory_0/s01_couplers_imp_1K29ZFW/lesion_memory_imp_auto_pc_1/lesion_memory_imp_auto_pc_1_axi_protocol_converter_v2_1_37_axi_protocol_converter/lesion_memory_imp_auto_pc_1_axi_protocol_converter_v2_1_37_axi3_conv/lesion_memory_imp_auto_pc_1_axi_protocol_converter_v2_1_37_a_axi3_conv/lesion_memory_imp_auto_pc_1_axi_data_fifo_v2_1_36_axic_fifo_0/lesion_memory_imp_auto_pc_1_axi_data_fifo_v2_1_36_fifo_gen/<hidden>/<hidden>/<hidden>/<hidden>/<hidden>
  -------------------------------------------------------------------    -------------------
    SLICE_X65Y19         FDRE (Prop_fdre_C_Q)         0.419     3.433 f  lesion_wrapper/lesion/lesion_memory_0/s01_couplers_imp_1K29ZFW/lesion_memory_imp_auto_pc_1/lesion_memory_imp_auto_pc_1_axi_protocol_converter_v2_1_37_axi_protocol_converter/lesion_memory_imp_auto_pc_1_axi_protocol_converter_v2_1_37_axi3_conv/lesion_memory_imp_auto_pc_1_axi_protocol_converter_v2_1_37_a_axi3_conv/lesion_memory_imp_auto_pc_1_axi_data_fifo_v2_1_36_axic_fifo_0/lesion_memory_imp_auto_pc_1_axi_data_fifo_v2_1_36_fifo_gen/<hidden>/<hidden>/<hidden>/<hidden>/<hidden>
                         net (fo=3, routed)           0.833     4.266    lesion_wrapper/lesion/lesion_memory_0/s01_couplers_imp_1K29ZFW/lesion_memory_imp_auto_pc_1/lesion_memory_imp_auto_pc_1_axi_protocol_converter_v2_1_37_axi_protocol_converter/lesion_memory_imp_auto_pc_1_axi_protocol_converter_v2_1_37_axi3_conv/lesion_memory_imp_auto_pc_1_axi_protocol_converter_v2_1_37_a_axi3_conv/lesion_memory_imp_auto_pc_1_axi_data_fifo_v2_1_36_axic_fifo_0/lesion_memory_imp_auto_pc_1_axi_data_fifo_v2_1_36_fifo_gen/<hidden>/<hidden>/<hidden>/<hidden>/<hidden>
    SLICE_X65Y20         LUT3 (Prop_lut3_I1_O)        0.299     4.565 f  lesion_wrapper/lesion/lesion_memory_0/s01_couplers_imp_1K29ZFW/lesion_memory_imp_auto_pc_1/lesion_memory_imp_auto_pc_1_axi_protocol_converter_v2_1_37_axi_protocol_converter/lesion_memory_imp_auto_pc_1_axi_protocol_converter_v2_1_37_axi3_conv/lesion_memory_imp_auto_pc_1_axi_protocol_converter_v2_1_37_a_axi3_conv/lesion_memory_imp_auto_pc_1_axi_data_fifo_v2_1_36_axic_fifo_0/lesion_memory_imp_auto_pc_1_axi_data_fifo_v2_1_36_fifo_gen/<hidden>/<hidden>/<hidden>/<hidden>/<hidden>
                         net (fo=32, routed)          2.047     6.612    lesion_wrapper/lesion/lesion_memory_0/s01_couplers_imp_1K29ZFW/lesion_memory_imp_auto_pc_1/lesion_memory_imp_auto_pc_1_axi_protocol_converter_v2_1_37_axi_protocol_converter/lesion_memory_imp_auto_pc_1_axi_protocol_converter_v2_1_37_axi3_conv/lesion_memory_imp_auto_pc_1_axi_protocol_converter_v2_1_37_a_axi3_conv/lesion_memory_imp_auto_pc_1_axi_data_fifo_v2_1_36_axic_fifo_0/lesion_memory_imp_auto_pc_1_axi_data_fifo_v2_1_36_fifo_gen/<hidden>/<hidden>/<hidden>/<hidden>/<hidden>/<hidden>
    SLICE_X63Y18         FDCE                                         f  lesion_wrapper/lesion/lesion_memory_0/s01_couplers_imp_1K29ZFW/lesion_memory_imp_auto_pc_1/lesion_memory_imp_auto_pc_1_axi_protocol_converter_v2_1_37_axi_protocol_converter/lesion_memory_imp_auto_pc_1_axi_protocol_converter_v2_1_37_axi3_conv/lesion_memory_imp_auto_pc_1_axi_protocol_converter_v2_1_37_a_axi3_conv/lesion_memory_imp_auto_pc_1_axi_data_fifo_v2_1_36_axic_fifo_0/lesion_memory_imp_auto_pc_1_axi_data_fifo_v2_1_36_fifo_gen/<hidden>/<hidden>/<hidden>/<hidden>/<hidden>/<hidden>
  -------------------------------------------------------------------    -------------------

                         (clock clk_fpga_0 rise edge)
                                                     10.000    10.000 r  
    PS7_X0Y0             PS7                          0.000    10.000 r  lesion_i/ps7_0/inst/PS7_i/FCLKCLK[0]
                         net (fo=1, routed)           1.088    11.088    lesion_i/ps7_0/inst/FCLK_CLK_unbuffered[0]
    BUFGCTRL_X0Y16       BUFG (Prop_bufg_I_O)         0.091    11.179 r  lesion_i/ps7_0/inst/buffer_fclk_clk_0.FCLK_CLK_0_BUFG/O
                         net (fo=24936, routed)       1.546    12.726    lesion_wrapper/lesion/lesion_memory_0/s01_couplers_imp_1K29ZFW/lesion_memory_imp_auto_pc_1/lesion_memory_imp_auto_pc_1_axi_protocol_converter_v2_1_37_axi_protocol_converter/lesion_memory_imp_auto_pc_1_axi_protocol_converter_v2_1_37_axi3_conv/lesion_memory_imp_auto_pc_1_axi_protocol_converter_v2_1_37_a_axi3_conv/lesion_memory_imp_auto_pc_1_axi_data_fifo_v2_1_36_axic_fifo_0/lesion_memory_imp_auto_pc_1_axi_data_fifo_v2_1_36_fifo_gen/<hidden>/<hidden>/<hidden>/<hidden>/<hidden>/<hidden>
    SLICE_X63Y18         FDCE                                         r  lesion_wrapper/lesion/lesion_memory_0/s01_couplers_imp_1K29ZFW/lesion_memory_imp_auto_pc_1/lesion_memory_imp_auto_pc_1_axi_protocol_converter_v2_1_37_axi_protocol_converter/lesion_memory_imp_auto_pc_1_axi_protocol_converter_v2_1_37_axi3_conv/lesion_memory_imp_auto_pc_1_axi_protocol_converter_v2_1_37_a_axi3_conv/lesion_memory_imp_auto_pc_1_axi_data_fifo_v2_1_36_axic_fifo_0/lesion_memory_imp_auto_pc_1_axi_data_fifo_v2_1_36_fifo_gen/<hidden>/<hidden>/<hidden>/<hidden>/<hidden>/<hidden>
                         clock pessimism              0.230    12.955    
                         clock uncertainty           -0.154    12.801    
    SLICE_X63Y18         FDCE (Recov_fdce_C_CLR)     -0.405    12.396    lesion_wrapper/lesion/lesion_memory_0/s01_couplers_imp_1K29ZFW/lesion_memory_imp_auto_pc_1/lesion_memory_imp_auto_pc_1_axi_protocol_converter_v2_1_37_axi_protocol_converter/lesion_memory_imp_auto_pc_1_axi_protocol_converter_v2_1_37_axi3_conv/lesion_memory_imp_auto_pc_1_axi_protocol_converter_v2_1_37_a_axi3_conv/lesion_memory_imp_auto_pc_1_axi_data_fifo_v2_1_36_axic_fifo_0/lesion_memory_imp_auto_pc_1_axi_data_fifo_v2_1_36_fifo_gen/<hidden>/<hidden>/<hidden>/<hidden>/<hidden>/<hidden>
  -------------------------------------------------------------------
                         required time                         12.396    
                         arrival time                          -6.612    
  -------------------------------------------------------------------
                         slack                                  5.784    





Min Delay Paths
--------------------------------------------------------------------------------------
Slack (MET) :             0.541ns  (arrival time - required time)
  Source:                 lesion_wrapper/lesion/lesion_memory_0/s00_couplers_imp_RUVM7X/lesion_memory_imp_auto_pc_0/lesion_memory_imp_auto_pc_0_axi_protocol_converter_v2_1_37_axi_protocol_converter/lesion_memory_imp_auto_pc_0_axi_protocol_converter_v2_1_37_axi3_conv/lesion_memory_imp_auto_pc_0_axi_protocol_converter_v2_1_37_a_axi3_conv/lesion_memory_imp_auto_pc_0_axi_data_fifo_v2_1_36_axic_fifo/lesion_memory_imp_auto_pc_0_axi_data_fifo_v2_1_36_fifo_gen_1/<hidden>/<hidden>/<hidden>/<hidden>/<hidden>
                            (rising edge-triggered cell FDRE clocked by clk_fpga_0  {rise@0.000ns fall@5.000ns period=10.000ns})
  Destination:            lesion_wrapper/lesion/lesion_memory_0/s00_couplers_imp_RUVM7X/lesion_memory_imp_auto_pc_0/lesion_memory_imp_auto_pc_0_axi_protocol_converter_v2_1_37_axi_protocol_converter/lesion_memory_imp_auto_pc_0_axi_protocol_converter_v2_1_37_axi3_conv/lesion_memory_imp_auto_pc_0_axi_protocol_converter_v2_1_37_a_axi3_conv/lesion_memory_imp_auto_pc_0_axi_data_fifo_v2_1_36_axic_fifo/lesion_memory_imp_auto_pc_0_axi_data_fifo_v2_1_36_fifo_gen_1/<hidden>/<hidden>/<hidden>/<hidden>/<hidden>/<hidden>
                            (removal check against rising-edge clock clk_fpga_0  {rise@0.000ns fall@5.000ns period=10.000ns})
  Path Group:             **async_default**
  Path Type:              Removal (Min at Fast Process Corner)
  Requirement:            0.000ns  (clk_fpga_0 rise@0.000ns - clk_fpga_0 rise@0.000ns)
  Data Path Delay:        0.711ns  (logic 0.209ns (29.403%)  route 0.502ns (70.597%))
  Logic Levels:           1  (LUT3=1)
  Clock Path Skew:        0.261ns (DCD - SCD - CPR)
    Destination Clock Delay (DCD):    1.186ns
    Source Clock Delay      (SCD):    0.890ns
    Clock Pessimism Removal (CPR):    0.035ns

    Location             Delay type                Incr(ns)  Path(ns)    Netlist Resource(s)
  -------------------------------------------------------------------    -------------------
                         (clock clk_fpga_0 rise edge)
                                                      0.000     0.000 r  
    PS7_X0Y0             PS7                          0.000     0.000 r  lesion_i/ps7_0/inst/PS7_i/FCLKCLK[0]
                         net (fo=1, routed)           0.310     0.310    lesion_i/ps7_0/inst/FCLK_CLK_unbuffered[0]
    BUFGCTRL_X0Y16       BUFG (Prop_bufg_I_O)         0.026     0.336 r  lesion_i/ps7_0/inst/buffer_fclk_clk_0.FCLK_CLK_0_BUFG/O
                         net (fo=24936, routed)       0.554     0.890    lesion_wrapper/lesion/lesion_memory_0/s00_couplers_imp_RUVM7X/lesion_memory_imp_auto_pc_0/lesion_memory_imp_auto_pc_0_axi_protocol_converter_v2_1_37_axi_protocol_converter/lesion_memory_imp_auto_pc_0_axi_protocol_converter_v2_1_37_axi3_conv/lesion_memory_imp_auto_pc_0_axi_protocol_converter_v2_1_37_a_axi3_conv/lesion_memory_imp_auto_pc_0_axi_data_fifo_v2_1_36_axic_fifo/lesion_memory_imp_auto_pc_0_axi_data_fifo_v2_1_36_fifo_gen_1/<hidden>/<hidden>/<hidden>/<hidden>/<hidden>
    SLICE_X50Y34         FDRE                                         r  lesion_wrapper/lesion/lesion_memory_0/s00_couplers_imp_RUVM7X/lesion_memory_imp_auto_pc_0/lesion_memory_imp_auto_pc_0_axi_protocol_converter_v2_1_37_axi_protocol_converter/lesion_memory_imp_auto_pc_0_axi_protocol_converter_v2_1_37_axi3_conv/lesion_memory_imp_auto_pc_0_axi_protocol_converter_v2_1_37_a_axi3_conv/lesion_memory_imp_auto_pc_0_axi_data_fifo_v2_1_36_axic_fifo/lesion_memory_imp_auto_pc_0_axi_data_fifo_v2_1_36_fifo_gen_1/<hidden>/<hidden>/<hidden>/<hidden>/<hidden>
  -------------------------------------------------------------------    -------------------
    SLICE_X50Y34         FDRE (Prop_fdre_C_Q)         0.164     1.054 f  lesion_wrapper/lesion/lesion_memory_0/s00_couplers_imp_RUVM7X/lesion_memory_imp_auto_pc_0/lesion_memory_imp_auto_pc_0_axi_protocol_converter_v2_1_37_axi_protocol_converter/lesion_memory_imp_auto_pc_0_axi_protocol_converter_v2_1_37_axi3_conv/lesion_memory_imp_auto_pc_0_axi_protocol_converter_v2_1_37_a_axi3_conv/lesion_memory_imp_auto_pc_0_axi_data_fifo_v2_1_36_axic_fifo/lesion_memory_imp_auto_pc_0_axi_data_fifo_v2_1_36_fifo_gen_1/<hidden>/<hidden>/<hidden>/<hidden>/<hidden>
                         net (fo=3, routed)           0.237     1.291    lesion_wrapper/lesion/lesion_memory_0/s00_couplers_imp_RUVM7X/lesion_memory_imp_auto_pc_0/lesion_memory_imp_auto_pc_0_axi_protocol_converter_v2_1_37_axi_protocol_converter/lesion_memory_imp_auto_pc_0_axi_protocol_converter_v2_1_37_axi3_conv/lesion_memory_imp_auto_pc_0_axi_protocol_converter_v2_1_37_a_axi3_conv/lesion_memory_imp_auto_pc_0_axi_data_fifo_v2_1_36_axic_fifo/lesion_memory_imp_auto_pc_0_axi_data_fifo_v2_1_36_fifo_gen_1/<hidden>/<hidden>/<hidden>/<hidden>/<hidden>
    SLICE_X50Y33         LUT3 (Prop_lut3_I1_O)        0.045     1.336 f  lesion_wrapper/lesion/lesion_memory_0/s00_couplers_imp_RUVM7X/lesion_memory_imp_auto_pc_0/lesion_memory_imp_auto_pc_0_axi_protocol_converter_v2_1_37_axi_protocol_converter/lesion_memory_imp_auto_pc_0_axi_protocol_converter_v2_1_37_axi3_conv/lesion_memory_imp_auto_pc_0_axi_protocol_converter_v2_1_37_a_axi3_conv/lesion_memory_imp_auto_pc_0_axi_data_fifo_v2_1_36_axic_fifo/lesion_memory_imp_auto_pc_0_axi_data_fifo_v2_1_36_fifo_gen_1/<hidden>/<hidden>/<hidden>/<hidden>/<hidden>
                         net (fo=32, routed)          0.264     1.600    lesion_wrapper/lesion/lesion_memory_0/s00_couplers_imp_RUVM7X/lesion_memory_imp_auto_pc_0/lesion_memory_imp_auto_pc_0_axi_protocol_converter_v2_1_37_axi_protocol_converter/lesion_memory_imp_auto_pc_0_axi_protocol_converter_v2_1_37_axi3_conv/lesion_memory_imp_auto_pc_0_axi_protocol_converter_v2_1_37_a_axi3_conv/lesion_memory_imp_auto_pc_0_axi_data_fifo_v2_1_36_axic_fifo/lesion_memory_imp_auto_pc_0_axi_data_fifo_v2_1_36_fifo_gen_1/<hidden>/<hidden>/<hidden>/<hidden>/<hidden>/<hidden>
    SLICE_X48Y31         FDCE                                         f  lesion_wrapper/lesion/lesion_memory_0/s00_couplers_imp_RUVM7X/lesion_memory_imp_auto_pc_0/lesion_memory_imp_auto_pc_0_axi_protocol_converter_v2_1_37_axi_protocol_converter/lesion_memory_imp_auto_pc_0_axi_protocol_converter_v2_1_37_axi3_conv/lesion_memory_imp_auto_pc_0_axi_protocol_converter_v2_1_37_a_axi3_conv/lesion_memory_imp_auto_pc_0_axi_data_fifo_v2_1_36_axic_fifo/lesion_memory_imp_auto_pc_0_axi_data_fifo_v2_1_36_fifo_gen_1/<hidden>/<hidden>/<hidden>/<hidden>/<hidden>/<hidden>
  -------------------------------------------------------------------    -------------------

                         (clock clk_fpga_0 rise edge)
                                                      0.000     0.000 r  
    PS7_X0Y0             PS7                          0.000     0.000 r  lesion_i/ps7_0/inst/PS7_i/FCLKCLK[0]
                         net (fo=1, routed)           0.337     0.337    lesion_i/ps7_0/inst/FCLK_CLK_unbuffered[0]
    BUFGCTRL_X0Y16       BUFG (Prop_bufg_I_O)         0.029     0.366 r  lesion_i/ps7_0/inst/buffer_fclk_clk_0.FCLK_CLK_0_BUFG/O
                         net (fo=24936, routed)       0.820     1.186    lesion_wrapper/lesion/lesion_memory_0/s00_couplers_imp_RUVM7X/lesion_memory_imp_auto_pc_0/lesion_memory_imp_auto_pc_0_axi_protocol_converter_v2_1_37_axi_protocol_converter/lesion_memory_imp_auto_pc_0_axi_protocol_converter_v2_1_37_axi3_conv/lesion_memory_imp_auto_pc_0_axi_protocol_converter_v2_1_37_a_axi3_conv/lesion_memory_imp_auto_pc_0_axi_data_fifo_v2_1_36_axic_fifo/lesion_memory_imp_auto_pc_0_axi_data_fifo_v2_1_36_fifo_gen_1/<hidden>/<hidden>/<hidden>/<hidden>/<hidden>/<hidden>
    SLICE_X48Y31         FDCE                                         r  lesion_wrapper/lesion/lesion_memory_0/s00_couplers_imp_RUVM7X/lesion_memory_imp_auto_pc_0/lesion_memory_imp_auto_pc_0_axi_protocol_converter_v2_1_37_axi_protocol_converter/lesion_memory_imp_auto_pc_0_axi_protocol_converter_v2_1_37_axi3_conv/lesion_memory_imp_auto_pc_0_axi_protocol_converter_v2_1_37_a_axi3_conv/lesion_memory_imp_auto_pc_0_axi_data_fifo_v2_1_36_axic_fifo/lesion_memory_imp_auto_pc_0_axi_data_fifo_v2_1_36_fifo_gen_1/<hidden>/<hidden>/<hidden>/<hidden>/<hidden>/<hidden>
                         clock pessimism             -0.035     1.151    
    SLICE_X48Y31         FDCE (Remov_fdce_C_CLR)     -0.092     1.059    lesion_wrapper/lesion/lesion_memory_0/s00_couplers_imp_RUVM7X/lesion_memory_imp_auto_pc_0/lesion_memory_imp_auto_pc_0_axi_protocol_converter_v2_1_37_axi_protocol_converter/lesion_memory_imp_auto_pc_0_axi_protocol_converter_v2_1_37_axi3_conv/lesion_memory_imp_auto_pc_0_axi_protocol_converter_v2_1_37_a_axi3_conv/lesion_memory_imp_auto_pc_0_axi_data_fifo_v2_1_36_axic_fifo/lesion_memory_imp_auto_pc_0_axi_data_fifo_v2_1_36_fifo_gen_1/<hidden>/<hidden>/<hidden>/<hidden>/<hidden>/<hidden>
  -------------------------------------------------------------------
                         required time                         -1.059    
                         arrival time                           1.600    
  -------------------------------------------------------------------
                         slack                                  0.541    





---------------------------------------------------------------------------------------------------
Path Group:  **async_default**
From Clock:  clk_fpga_1
  To Clock:  clk_fpga_1

Setup :            0  Failing Endpoints,  Worst Slack        3.142ns,  Total Violation        0.000ns
Hold  :            0  Failing Endpoints,  Worst Slack        0.584ns,  Total Violation        0.000ns
---------------------------------------------------------------------------------------------------


Max Delay Paths
--------------------------------------------------------------------------------------
Slack (MET) :             3.142ns  (required time - arrival time)
  Source:                 lesion_wrapper/lesion/video_imp_15QDWM9/lesion_axi_mem_intercon_0/s00_couplers_imp_1A8C7Z7/lesion_axi_mem_intercon_imp_auto_pc_0/lesion_axi_mem_intercon_imp_auto_pc_0_axi_protocol_converter_v2_1_37_axi_protocol_converter/lesion_axi_mem_intercon_imp_auto_pc_0_axi_protocol_converter_v2_1_37_axi3_conv/lesion_axi_mem_intercon_imp_auto_pc_0_axi_protocol_converter_v2_1_37_a_axi3_conv/lesion_axi_mem_intercon_imp_auto_pc_0_axi_data_fifo_v2_1_36_axic_fifo_0/lesion_axi_mem_intercon_imp_auto_pc_0_axi_data_fifo_v2_1_36_fifo_gen/<hidden>/<hidden>/<hidden>/<hidden>/<hidden>/<hidden>
                            (rising edge-triggered cell FDPE clocked by clk_fpga_1  {rise@0.000ns fall@3.500ns period=7.000ns})
  Destination:            lesion_wrapper/lesion/video_imp_15QDWM9/lesion_axi_mem_intercon_0/s00_couplers_imp_1A8C7Z7/lesion_axi_mem_intercon_imp_auto_pc_0/lesion_axi_mem_intercon_imp_auto_pc_0_axi_protocol_converter_v2_1_37_axi_protocol_converter/lesion_axi_mem_intercon_imp_auto_pc_0_axi_protocol_converter_v2_1_37_axi3_conv/lesion_axi_mem_intercon_imp_auto_pc_0_axi_protocol_converter_v2_1_37_a_axi3_conv/lesion_axi_mem_intercon_imp_auto_pc_0_axi_data_fifo_v2_1_36_axic_fifo_0/lesion_axi_mem_intercon_imp_auto_pc_0_axi_data_fifo_v2_1_36_fifo_gen/<hidden>/<hidden>/<hidden>/<hidden>/<hidden>/<hidden>
                            (recovery check against rising-edge clock clk_fpga_1  {rise@0.000ns fall@3.500ns period=7.000ns})
  Path Group:             **async_default**
  Path Type:              Recovery (Max at Slow Process Corner)
  Requirement:            7.000ns  (clk_fpga_1 rise@7.000ns - clk_fpga_1 rise@0.000ns)
  Data Path Delay:        3.294ns  (logic 0.718ns (21.794%)  route 2.576ns (78.206%))
  Logic Levels:           1  (LUT3=1)
  Clock Path Skew:        -0.048ns (DCD - SCD + CPR)
    Destination Clock Delay (DCD):    2.703ns = ( 9.703 - 7.000 ) 
    Source Clock Delay      (SCD):    2.980ns
    Clock Pessimism Removal (CPR):    0.229ns
  Clock Uncertainty:      0.111ns  ((TSJ^2 + TIJ^2)^1/2 + DJ) / 2 + PE
    Total System Jitter     (TSJ):    0.071ns
    Total Input Jitter      (TIJ):    0.210ns
    Discrete Jitter          (DJ):    0.000ns
    Phase Error              (PE):    0.000ns

    Location             Delay type                Incr(ns)  Path(ns)    Netlist Resource(s)
  -------------------------------------------------------------------    -------------------
                         (clock clk_fpga_1 rise edge)
                                                      0.000     0.000 r  
    PS7_X0Y0             PS7                          0.000     0.000 r  lesion_i/ps7_0/inst/PS7_i/FCLKCLK[1]
                         net (fo=1, routed)           1.193     1.193    lesion_i/ps7_0/inst/FCLK_CLK_unbuffered[1]
    BUFGCTRL_X0Y17       BUFG (Prop_bufg_I_O)         0.101     1.294 r  lesion_i/ps7_0/inst/buffer_fclk_clk_1.FCLK_CLK_1_BUFG/O
                         net (fo=7661, routed)        1.686     2.980    lesion_wrapper/lesion/video_imp_15QDWM9/lesion_axi_mem_intercon_0/s00_couplers_imp_1A8C7Z7/lesion_axi_mem_intercon_imp_auto_pc_0/lesion_axi_mem_intercon_imp_auto_pc_0_axi_protocol_converter_v2_1_37_axi_protocol_converter/lesion_axi_mem_intercon_imp_auto_pc_0_axi_protocol_converter_v2_1_37_axi3_conv/lesion_axi_mem_intercon_imp_auto_pc_0_axi_protocol_converter_v2_1_37_a_axi3_conv/lesion_axi_mem_intercon_imp_auto_pc_0_axi_data_fifo_v2_1_36_axic_fifo_0/lesion_axi_mem_intercon_imp_auto_pc_0_axi_data_fifo_v2_1_36_fifo_gen/<hidden>/<hidden>/<hidden>/<hidden>/<hidden>/<hidden>
    SLICE_X27Y82         FDPE                                         r  lesion_wrapper/lesion/video_imp_15QDWM9/lesion_axi_mem_intercon_0/s00_couplers_imp_1A8C7Z7/lesion_axi_mem_intercon_imp_auto_pc_0/lesion_axi_mem_intercon_imp_auto_pc_0_axi_protocol_converter_v2_1_37_axi_protocol_converter/lesion_axi_mem_intercon_imp_auto_pc_0_axi_protocol_converter_v2_1_37_axi3_conv/lesion_axi_mem_intercon_imp_auto_pc_0_axi_protocol_converter_v2_1_37_a_axi3_conv/lesion_axi_mem_intercon_imp_auto_pc_0_axi_data_fifo_v2_1_36_axic_fifo_0/lesion_axi_mem_intercon_imp_auto_pc_0_axi_data_fifo_v2_1_36_fifo_gen/<hidden>/<hidden>/<hidden>/<hidden>/<hidden>/<hidden>
  -------------------------------------------------------------------    -------------------
    SLICE_X27Y82         FDPE (Prop_fdpe_C_Q)         0.419     3.399 f  lesion_wrapper/lesion/video_imp_15QDWM9/lesion_axi_mem_intercon_0/s00_couplers_imp_1A8C7Z7/lesion_axi_mem_intercon_imp_auto_pc_0/lesion_axi_mem_intercon_imp_auto_pc_0_axi_protocol_converter_v2_1_37_axi_protocol_converter/lesion_axi_mem_intercon_imp_auto_pc_0_axi_protocol_converter_v2_1_37_axi3_conv/lesion_axi_mem_intercon_imp_auto_pc_0_axi_protocol_converter_v2_1_37_a_axi3_conv/lesion_axi_mem_intercon_imp_auto_pc_0_axi_data_fifo_v2_1_36_axic_fifo_0/lesion_axi_mem_intercon_imp_auto_pc_0_axi_data_fifo_v2_1_36_fifo_gen/<hidden>/<hidden>/<hidden>/<hidden>/<hidden>/<hidden>
                         net (fo=3, routed)           1.045     4.444    lesion_wrapper/lesion/video_imp_15QDWM9/lesion_axi_mem_intercon_0/s00_couplers_imp_1A8C7Z7/lesion_axi_mem_intercon_imp_auto_pc_0/lesion_axi_mem_intercon_imp_auto_pc_0_axi_protocol_converter_v2_1_37_axi_protocol_converter/lesion_axi_mem_intercon_imp_auto_pc_0_axi_protocol_converter_v2_1_37_axi3_conv/lesion_axi_mem_intercon_imp_auto_pc_0_axi_protocol_converter_v2_1_37_a_axi3_conv/lesion_axi_mem_intercon_imp_auto_pc_0_axi_data_fifo_v2_1_36_axic_fifo_0/lesion_axi_mem_intercon_imp_auto_pc_0_axi_data_fifo_v2_1_36_fifo_gen/<hidden>/<hidden>/<hidden>/<hidden>/<hidden>
    SLICE_X29Y88         LUT3 (Prop_lut3_I2_O)        0.299     4.743 f  lesion_wrapper/lesion/video_imp_15QDWM9/lesion_axi_mem_intercon_0/s00_couplers_imp_1A8C7Z7/lesion_axi_mem_intercon_imp_auto_pc_0/lesion_axi_mem_intercon_imp_auto_pc_0_axi_protocol_converter_v2_1_37_axi_protocol_converter/lesion_axi_mem_intercon_imp_auto_pc_0_axi_protocol_converter_v2_1_37_axi3_conv/lesion_axi_mem_intercon_imp_auto_pc_0_axi_protocol_converter_v2_1_37_a_axi3_conv/lesion_axi_mem_intercon_imp_auto_pc_0_axi_data_fifo_v2_1_36_axic_fifo_0/lesion_axi_mem_intercon_imp_auto_pc_0_axi_data_fifo_v2_1_36_fifo_gen/<hidden>/<hidden>/<hidden>/<hidden>/<hidden>
                         net (fo=32, routed)          1.531     6.274    lesion_wrapper/lesion/video_imp_15QDWM9/lesion_axi_mem_intercon_0/s00_couplers_imp_1A8C7Z7/lesion_axi_mem_intercon_imp_auto_pc_0/lesion_axi_mem_intercon_imp_auto_pc_0_axi_protocol_converter_v2_1_37_axi_protocol_converter/lesion_axi_mem_intercon_imp_auto_pc_0_axi_protocol_converter_v2_1_37_axi3_conv/lesion_axi_mem_intercon_imp_auto_pc_0_axi_protocol_converter_v2_1_37_a_axi3_conv/lesion_axi_mem_intercon_imp_auto_pc_0_axi_data_fifo_v2_1_36_axic_fifo_0/lesion_axi_mem_intercon_imp_auto_pc_0_axi_data_fifo_v2_1_36_fifo_gen/<hidden>/<hidden>/<hidden>/<hidden>/<hidden>/<hidden>
    SLICE_X31Y91         FDCE                                         f  lesion_wrapper/lesion/video_imp_15QDWM9/lesion_axi_mem_intercon_0/s00_couplers_imp_1A8C7Z7/lesion_axi_mem_intercon_imp_auto_pc_0/lesion_axi_mem_intercon_imp_auto_pc_0_axi_protocol_converter_v2_1_37_axi_protocol_converter/lesion_axi_mem_intercon_imp_auto_pc_0_axi_protocol_converter_v2_1_37_axi3_conv/lesion_axi_mem_intercon_imp_auto_pc_0_axi_protocol_converter_v2_1_37_a_axi3_conv/lesion_axi_mem_intercon_imp_auto_pc_0_axi_data_fifo_v2_1_36_axic_fifo_0/lesion_axi_mem_intercon_imp_auto_pc_0_axi_data_fifo_v2_1_36_fifo_gen/<hidden>/<hidden>/<hidden>/<hidden>/<hidden>/<hidden>
  -------------------------------------------------------------------    -------------------

                         (clock clk_fpga_1 rise edge)
                                                      7.000     7.000 r  
    PS7_X0Y0             PS7                          0.000     7.000 r  lesion_i/ps7_0/inst/PS7_i/FCLKCLK[1]
                         net (fo=1, routed)           1.088     8.088    lesion_i/ps7_0/inst/FCLK_CLK_unbuffered[1]
    BUFGCTRL_X0Y17       BUFG (Prop_bufg_I_O)         0.091     8.179 r  lesion_i/ps7_0/inst/buffer_fclk_clk_1.FCLK_CLK_1_BUFG/O
                         net (fo=7661, routed)        1.524     9.703    lesion_wrapper/lesion/video_imp_15QDWM9/lesion_axi_mem_intercon_0/s00_couplers_imp_1A8C7Z7/lesion_axi_mem_intercon_imp_auto_pc_0/lesion_axi_mem_intercon_imp_auto_pc_0_axi_protocol_converter_v2_1_37_axi_protocol_converter/lesion_axi_mem_intercon_imp_auto_pc_0_axi_protocol_converter_v2_1_37_axi3_conv/lesion_axi_mem_intercon_imp_auto_pc_0_axi_protocol_converter_v2_1_37_a_axi3_conv/lesion_axi_mem_intercon_imp_auto_pc_0_axi_data_fifo_v2_1_36_axic_fifo_0/lesion_axi_mem_intercon_imp_auto_pc_0_axi_data_fifo_v2_1_36_fifo_gen/<hidden>/<hidden>/<hidden>/<hidden>/<hidden>/<hidden>
    SLICE_X31Y91         FDCE                                         r  lesion_wrapper/lesion/video_imp_15QDWM9/lesion_axi_mem_intercon_0/s00_couplers_imp_1A8C7Z7/lesion_axi_mem_intercon_imp_auto_pc_0/lesion_axi_mem_intercon_imp_auto_pc_0_axi_protocol_converter_v2_1_37_axi_protocol_converter/lesion_axi_mem_intercon_imp_auto_pc_0_axi_protocol_converter_v2_1_37_axi3_conv/lesion_axi_mem_intercon_imp_auto_pc_0_axi_protocol_converter_v2_1_37_a_axi3_conv/lesion_axi_mem_intercon_imp_auto_pc_0_axi_data_fifo_v2_1_36_axic_fifo_0/lesion_axi_mem_intercon_imp_auto_pc_0_axi_data_fifo_v2_1_36_fifo_gen/<hidden>/<hidden>/<hidden>/<hidden>/<hidden>/<hidden>
                         clock pessimism              0.229     9.932    
                         clock uncertainty           -0.111     9.821    
    SLICE_X31Y91         FDCE (Recov_fdce_C_CLR)     -0.405     9.416    lesion_wrapper/lesion/video_imp_15QDWM9/lesion_axi_mem_intercon_0/s00_couplers_imp_1A8C7Z7/lesion_axi_mem_intercon_imp_auto_pc_0/lesion_axi_mem_intercon_imp_auto_pc_0_axi_protocol_converter_v2_1_37_axi_protocol_converter/lesion_axi_mem_intercon_imp_auto_pc_0_axi_protocol_converter_v2_1_37_axi3_conv/lesion_axi_mem_intercon_imp_auto_pc_0_axi_protocol_converter_v2_1_37_a_axi3_conv/lesion_axi_mem_intercon_imp_auto_pc_0_axi_data_fifo_v2_1_36_axic_fifo_0/lesion_axi_mem_intercon_imp_auto_pc_0_axi_data_fifo_v2_1_36_fifo_gen/<hidden>/<hidden>/<hidden>/<hidden>/<hidden>/<hidden>
  -------------------------------------------------------------------
                         required time                          9.416    
                         arrival time                          -6.274    
  -------------------------------------------------------------------
                         slack                                  3.142    





Min Delay Paths
--------------------------------------------------------------------------------------
Slack (MET) :             0.584ns  (arrival time - required time)
  Source:                 lesion_wrapper/lesion/video_imp_15QDWM9/lesion_axi_mem_intercon_0/s00_couplers_imp_1A8C7Z7/lesion_axi_mem_intercon_imp_auto_pc_0/lesion_axi_mem_intercon_imp_auto_pc_0_axi_protocol_converter_v2_1_37_axi_protocol_converter/lesion_axi_mem_intercon_imp_auto_pc_0_axi_protocol_converter_v2_1_37_axi3_conv/lesion_axi_mem_intercon_imp_auto_pc_0_axi_protocol_converter_v2_1_37_a_axi3_conv/lesion_axi_mem_intercon_imp_auto_pc_0_axi_data_fifo_v2_1_36_axic_fifo_0/lesion_axi_mem_intercon_imp_auto_pc_0_axi_data_fifo_v2_1_36_fifo_gen/<hidden>/<hidden>/<hidden>/<hidden>/<hidden>
                            (rising edge-triggered cell FDRE clocked by clk_fpga_1  {rise@0.000ns fall@3.500ns period=7.000ns})
  Destination:            lesion_wrapper/lesion/video_imp_15QDWM9/lesion_axi_mem_intercon_0/s00_couplers_imp_1A8C7Z7/lesion_axi_mem_intercon_imp_auto_pc_0/lesion_axi_mem_intercon_imp_auto_pc_0_axi_protocol_converter_v2_1_37_axi_protocol_converter/lesion_axi_mem_intercon_imp_auto_pc_0_axi_protocol_converter_v2_1_37_axi3_conv/lesion_axi_mem_intercon_imp_auto_pc_0_axi_protocol_converter_v2_1_37_a_axi3_conv/lesion_axi_mem_intercon_imp_auto_pc_0_axi_data_fifo_v2_1_36_axic_fifo_0/lesion_axi_mem_intercon_imp_auto_pc_0_axi_data_fifo_v2_1_36_fifo_gen/<hidden>/<hidden>/<hidden>/<hidden>/<hidden>/<hidden>
                            (removal check against rising-edge clock clk_fpga_1  {rise@0.000ns fall@3.500ns period=7.000ns})
  Path Group:             **async_default**
  Path Type:              Removal (Min at Fast Process Corner)
  Requirement:            0.000ns  (clk_fpga_1 rise@0.000ns - clk_fpga_1 rise@0.000ns)
  Data Path Delay:        0.508ns  (logic 0.186ns (36.587%)  route 0.322ns (63.413%))
  Logic Levels:           1  (LUT3=1)
  Clock Path Skew:        0.016ns (DCD - SCD - CPR)
    Destination Clock Delay (DCD):    1.208ns
    Source Clock Delay      (SCD):    0.910ns
    Clock Pessimism Removal (CPR):    0.282ns

    Location             Delay type                Incr(ns)  Path(ns)    Netlist Resource(s)
  -------------------------------------------------------------------    -------------------
                         (clock clk_fpga_1 rise edge)
                                                      0.000     0.000 r  
    PS7_X0Y0             PS7                          0.000     0.000 r  lesion_i/ps7_0/inst/PS7_i/FCLKCLK[1]
                         net (fo=1, routed)           0.310     0.310    lesion_i/ps7_0/inst/FCLK_CLK_unbuffered[1]
    BUFGCTRL_X0Y17       BUFG (Prop_bufg_I_O)         0.026     0.336 r  lesion_i/ps7_0/inst/buffer_fclk_clk_1.FCLK_CLK_1_BUFG/O
                         net (fo=7661, routed)        0.574     0.910    lesion_wrapper/lesion/video_imp_15QDWM9/lesion_axi_mem_intercon_0/s00_couplers_imp_1A8C7Z7/lesion_axi_mem_intercon_imp_auto_pc_0/lesion_axi_mem_intercon_imp_auto_pc_0_axi_protocol_converter_v2_1_37_axi_protocol_converter/lesion_axi_mem_intercon_imp_auto_pc_0_axi_protocol_converter_v2_1_37_axi3_conv/lesion_axi_mem_intercon_imp_auto_pc_0_axi_protocol_converter_v2_1_37_a_axi3_conv/lesion_axi_mem_intercon_imp_auto_pc_0_axi_data_fifo_v2_1_36_axic_fifo_0/lesion_axi_mem_intercon_imp_auto_pc_0_axi_data_fifo_v2_1_36_fifo_gen/<hidden>/<hidden>/<hidden>/<hidden>/<hidden>
    SLICE_X29Y89         FDRE                                         r  lesion_wrapper/lesion/video_imp_15QDWM9/lesion_axi_mem_intercon_0/s00_couplers_imp_1A8C7Z7/lesion_axi_mem_intercon_imp_auto_pc_0/lesion_axi_mem_intercon_imp_auto_pc_0_axi_protocol_converter_v2_1_37_axi_protocol_converter/lesion_axi_mem_intercon_imp_auto_pc_0_axi_protocol_converter_v2_1_37_axi3_conv/lesion_axi_mem_intercon_imp_auto_pc_0_axi_protocol_converter_v2_1_37_a_axi3_conv/lesion_axi_mem_intercon_imp_auto_pc_0_axi_data_fifo_v2_1_36_axic_fifo_0/lesion_axi_mem_intercon_imp_auto_pc_0_axi_data_fifo_v2_1_36_fifo_gen/<hidden>/<hidden>/<hidden>/<hidden>/<hidden>
  -------------------------------------------------------------------    -------------------
    SLICE_X29Y89         FDRE (Prop_fdre_C_Q)         0.141     1.051 f  lesion_wrapper/lesion/video_imp_15QDWM9/lesion_axi_mem_intercon_0/s00_couplers_imp_1A8C7Z7/lesion_axi_mem_intercon_imp_auto_pc_0/lesion_axi_mem_intercon_imp_auto_pc_0_axi_protocol_converter_v2_1_37_axi_protocol_converter/lesion_axi_mem_intercon_imp_auto_pc_0_axi_protocol_converter_v2_1_37_axi3_conv/lesion_axi_mem_intercon_imp_auto_pc_0_axi_protocol_converter_v2_1_37_a_axi3_conv/lesion_axi_mem_intercon_imp_auto_pc_0_axi_data_fifo_v2_1_36_axic_fifo_0/lesion_axi_mem_intercon_imp_auto_pc_0_axi_data_fifo_v2_1_36_fifo_gen/<hidden>/<hidden>/<hidden>/<hidden>/<hidden>
                         net (fo=2, routed)           0.203     1.254    lesion_wrapper/lesion/video_imp_15QDWM9/lesion_axi_mem_intercon_0/s00_couplers_imp_1A8C7Z7/lesion_axi_mem_intercon_imp_auto_pc_0/lesion_axi_mem_intercon_imp_auto_pc_0_axi_protocol_converter_v2_1_37_axi_protocol_converter/lesion_axi_mem_intercon_imp_auto_pc_0_axi_protocol_converter_v2_1_37_axi3_conv/lesion_axi_mem_intercon_imp_auto_pc_0_axi_protocol_converter_v2_1_37_a_axi3_conv/lesion_axi_mem_intercon_imp_auto_pc_0_axi_data_fifo_v2_1_36_axic_fifo_0/lesion_axi_mem_intercon_imp_auto_pc_0_axi_data_fifo_v2_1_36_fifo_gen/<hidden>/<hidden>/<hidden>/<hidden>/<hidden>
    SLICE_X29Y88         LUT3 (Prop_lut3_I0_O)        0.045     1.299 f  lesion_wrapper/lesion/video_imp_15QDWM9/lesion_axi_mem_intercon_0/s00_couplers_imp_1A8C7Z7/lesion_axi_mem_intercon_imp_auto_pc_0/lesion_axi_mem_intercon_imp_auto_pc_0_axi_protocol_converter_v2_1_37_axi_protocol_converter/lesion_axi_mem_intercon_imp_auto_pc_0_axi_protocol_converter_v2_1_37_axi3_conv/lesion_axi_mem_intercon_imp_auto_pc_0_axi_protocol_converter_v2_1_37_a_axi3_conv/lesion_axi_mem_intercon_imp_auto_pc_0_axi_data_fifo_v2_1_36_axic_fifo_0/lesion_axi_mem_intercon_imp_auto_pc_0_axi_data_fifo_v2_1_36_fifo_gen/<hidden>/<hidden>/<hidden>/<hidden>/<hidden>
                         net (fo=32, routed)          0.119     1.418    lesion_wrapper/lesion/video_imp_15QDWM9/lesion_axi_mem_intercon_0/s00_couplers_imp_1A8C7Z7/lesion_axi_mem_intercon_imp_auto_pc_0/lesion_axi_mem_intercon_imp_auto_pc_0_axi_protocol_converter_v2_1_37_axi_protocol_converter/lesion_axi_mem_intercon_imp_auto_pc_0_axi_protocol_converter_v2_1_37_axi3_conv/lesion_axi_mem_intercon_imp_auto_pc_0_axi_protocol_converter_v2_1_37_a_axi3_conv/lesion_axi_mem_intercon_imp_auto_pc_0_axi_data_fifo_v2_1_36_axic_fifo_0/lesion_axi_mem_intercon_imp_auto_pc_0_axi_data_fifo_v2_1_36_fifo_gen/<hidden>/<hidden>/<hidden>/<hidden>/<hidden>/<hidden>
    SLICE_X29Y88         FDCE                                         f  lesion_wrapper/lesion/video_imp_15QDWM9/lesion_axi_mem_intercon_0/s00_couplers_imp_1A8C7Z7/lesion_axi_mem_intercon_imp_auto_pc_0/lesion_axi_mem_intercon_imp_auto_pc_0_axi_protocol_converter_v2_1_37_axi_protocol_converter/lesion_axi_mem_intercon_imp_auto_pc_0_axi_protocol_converter_v2_1_37_axi3_conv/lesion_axi_mem_intercon_imp_auto_pc_0_axi_protocol_converter_v2_1_37_a_axi3_conv/lesion_axi_mem_intercon_imp_auto_pc_0_axi_data_fifo_v2_1_36_axic_fifo_0/lesion_axi_mem_intercon_imp_auto_pc_0_axi_data_fifo_v2_1_36_fifo_gen/<hidden>/<hidden>/<hidden>/<hidden>/<hidden>/<hidden>
  -------------------------------------------------------------------    -------------------

                         (clock clk_fpga_1 rise edge)
                                                      0.000     0.000 r  
    PS7_X0Y0             PS7                          0.000     0.000 r  lesion_i/ps7_0/inst/PS7_i/FCLKCLK[1]
                         net (fo=1, routed)           0.337     0.337    lesion_i/ps7_0/inst/FCLK_CLK_unbuffered[1]
    BUFGCTRL_X0Y17       BUFG (Prop_bufg_I_O)         0.029     0.366 r  lesion_i/ps7_0/inst/buffer_fclk_clk_1.FCLK_CLK_1_BUFG/O
                         net (fo=7661, routed)        0.842     1.208    lesion_wrapper/lesion/video_imp_15QDWM9/lesion_axi_mem_intercon_0/s00_couplers_imp_1A8C7Z7/lesion_axi_mem_intercon_imp_auto_pc_0/lesion_axi_mem_intercon_imp_auto_pc_0_axi_protocol_converter_v2_1_37_axi_protocol_converter/lesion_axi_mem_intercon_imp_auto_pc_0_axi_protocol_converter_v2_1_37_axi3_conv/lesion_axi_mem_intercon_imp_auto_pc_0_axi_protocol_converter_v2_1_37_a_axi3_conv/lesion_axi_mem_intercon_imp_auto_pc_0_axi_data_fifo_v2_1_36_axic_fifo_0/lesion_axi_mem_intercon_imp_auto_pc_0_axi_data_fifo_v2_1_36_fifo_gen/<hidden>/<hidden>/<hidden>/<hidden>/<hidden>/<hidden>
    SLICE_X29Y88         FDCE                                         r  lesion_wrapper/lesion/video_imp_15QDWM9/lesion_axi_mem_intercon_0/s00_couplers_imp_1A8C7Z7/lesion_axi_mem_intercon_imp_auto_pc_0/lesion_axi_mem_intercon_imp_auto_pc_0_axi_protocol_converter_v2_1_37_axi_protocol_converter/lesion_axi_mem_intercon_imp_auto_pc_0_axi_protocol_converter_v2_1_37_axi3_conv/lesion_axi_mem_intercon_imp_auto_pc_0_axi_protocol_converter_v2_1_37_a_axi3_conv/lesion_axi_mem_intercon_imp_auto_pc_0_axi_data_fifo_v2_1_36_axic_fifo_0/lesion_axi_mem_intercon_imp_auto_pc_0_axi_data_fifo_v2_1_36_fifo_gen/<hidden>/<hidden>/<hidden>/<hidden>/<hidden>/<hidden>
                         clock pessimism             -0.282     0.926    
    SLICE_X29Y88         FDCE (Remov_fdce_C_CLR)     -0.092     0.834    lesion_wrapper/lesion/video_imp_15QDWM9/lesion_axi_mem_intercon_0/s00_couplers_imp_1A8C7Z7/lesion_axi_mem_intercon_imp_auto_pc_0/lesion_axi_mem_intercon_imp_auto_pc_0_axi_protocol_converter_v2_1_37_axi_protocol_converter/lesion_axi_mem_intercon_imp_auto_pc_0_axi_protocol_converter_v2_1_37_axi3_conv/lesion_axi_mem_intercon_imp_auto_pc_0_axi_protocol_converter_v2_1_37_a_axi3_conv/lesion_axi_mem_intercon_imp_auto_pc_0_axi_data_fifo_v2_1_36_axic_fifo_0/lesion_axi_mem_intercon_imp_auto_pc_0_axi_data_fifo_v2_1_36_fifo_gen/<hidden>/<hidden>/<hidden>/<hidden>/<hidden>/<hidden>
  -------------------------------------------------------------------
                         required time                         -0.834    
                         arrival time                           1.418    
  -------------------------------------------------------------------
                         slack                                  0.584    





---------------------------------------------------------------------------------------------------
Path Group:  **async_default**
From Clock:  clk_fpga_2
  To Clock:  clk_fpga_2

Setup :            0  Failing Endpoints,  Worst Slack        3.006ns,  Total Violation        0.000ns
Hold  :            0  Failing Endpoints,  Worst Slack        0.436ns,  Total Violation        0.000ns
---------------------------------------------------------------------------------------------------


Max Delay Paths
--------------------------------------------------------------------------------------
Slack (MET) :             3.006ns  (required time - arrival time)
  Source:                 lesion_i/video/hdmi_in/frontend/dvi2rgb_0/U0/TMDS_ClockingX/LockLostReset/SyncAsyncx/oSyncStages_reg[1]/C
                            (rising edge-triggered cell FDPE clocked by clk_fpga_2  {rise@0.000ns fall@2.500ns period=5.000ns})
  Destination:            lesion_i/video/hdmi_in/frontend/dvi2rgb_0/U0/TMDS_ClockingX/rMMCM_Reset_q_reg[0]/PRE
                            (recovery check against rising-edge clock clk_fpga_2  {rise@0.000ns fall@2.500ns period=5.000ns})
  Path Group:             **async_default**
  Path Type:              Recovery (Max at Slow Process Corner)
  Requirement:            5.000ns  (clk_fpga_2 rise@5.000ns - clk_fpga_2 rise@0.000ns)
  Data Path Delay:        1.319ns  (logic 0.478ns (36.233%)  route 0.841ns (63.767%))
  Logic Levels:           0  
  Clock Path Skew:        -0.062ns (DCD - SCD + CPR)
    Destination Clock Delay (DCD):    3.039ns = ( 8.039 - 5.000 ) 
    Source Clock Delay      (SCD):    3.348ns
    Clock Pessimism Removal (CPR):    0.247ns
  Clock Uncertainty:      0.083ns  ((TSJ^2 + TIJ^2)^1/2 + DJ) / 2 + PE
    Total System Jitter     (TSJ):    0.071ns
    Total Input Jitter      (TIJ):    0.150ns
    Discrete Jitter          (DJ):    0.000ns
    Phase Error              (PE):    0.000ns

    Location             Delay type                Incr(ns)  Path(ns)    Netlist Resource(s)
  -------------------------------------------------------------------    -------------------
                         (clock clk_fpga_2 rise edge)
                                                      0.000     0.000 r  
    PS7_X0Y0             PS7                          0.000     0.000 r  lesion_i/ps7_0/inst/PS7_i/FCLKCLK[2]
                         net (fo=1, routed)           1.193     1.193    lesion_i/ps7_0/inst/FCLK_CLK_unbuffered[2]
    BUFGCTRL_X0Y18       BUFG (Prop_bufg_I_O)         0.101     1.294 r  lesion_i/ps7_0/inst/buffer_fclk_clk_2.FCLK_CLK_2_BUFG/O
                         net (fo=157, routed)         2.054     3.348    lesion_i/video/hdmi_in/frontend/dvi2rgb_0/U0/TMDS_ClockingX/LockLostReset/SyncAsyncx/RefClk
    SLICE_X108Y108       FDPE                                         r  lesion_i/video/hdmi_in/frontend/dvi2rgb_0/U0/TMDS_ClockingX/LockLostReset/SyncAsyncx/oSyncStages_reg[1]/C
  -------------------------------------------------------------------    -------------------
    SLICE_X108Y108       FDPE (Prop_fdpe_C_Q)         0.478     3.826 f  lesion_i/video/hdmi_in/frontend/dvi2rgb_0/U0/TMDS_ClockingX/LockLostReset/SyncAsyncx/oSyncStages_reg[1]/Q
                         net (fo=8, routed)           0.841     4.667    lesion_i/video/hdmi_in/frontend/dvi2rgb_0/U0/TMDS_ClockingX/rLockLostRst
    SLICE_X111Y105       FDPE                                         f  lesion_i/video/hdmi_in/frontend/dvi2rgb_0/U0/TMDS_ClockingX/rMMCM_Reset_q_reg[0]/PRE
  -------------------------------------------------------------------    -------------------

                         (clock clk_fpga_2 rise edge)
                                                      5.000     5.000 r  
    PS7_X0Y0             PS7                          0.000     5.000 r  lesion_i/ps7_0/inst/PS7_i/FCLKCLK[2]
                         net (fo=1, routed)           1.088     6.088    lesion_i/ps7_0/inst/FCLK_CLK_unbuffered[2]
    BUFGCTRL_X0Y18       BUFG (Prop_bufg_I_O)         0.091     6.179 r  lesion_i/ps7_0/inst/buffer_fclk_clk_2.FCLK_CLK_2_BUFG/O
                         net (fo=157, routed)         1.860     8.039    lesion_i/video/hdmi_in/frontend/dvi2rgb_0/U0/TMDS_ClockingX/RefClk
    SLICE_X111Y105       FDPE                                         r  lesion_i/video/hdmi_in/frontend/dvi2rgb_0/U0/TMDS_ClockingX/rMMCM_Reset_q_reg[0]/C
                         clock pessimism              0.247     8.286    
                         clock uncertainty           -0.083     8.203    
    SLICE_X111Y105       FDPE (Recov_fdpe_C_PRE)     -0.530     7.673    lesion_i/video/hdmi_in/frontend/dvi2rgb_0/U0/TMDS_ClockingX/rMMCM_Reset_q_reg[0]
  -------------------------------------------------------------------
                         required time                          7.673    
                         arrival time                          -4.667    
  -------------------------------------------------------------------
                         slack                                  3.006    





Min Delay Paths
--------------------------------------------------------------------------------------
Slack (MET) :             0.436ns  (arrival time - required time)
  Source:                 lesion_i/video/hdmi_in/frontend/dvi2rgb_0/U0/TMDS_ClockingX/RdyLostReset/SyncAsyncx/oSyncStages_reg[1]/C
                            (rising edge-triggered cell FDPE clocked by clk_fpga_2  {rise@0.000ns fall@2.500ns period=5.000ns})
  Destination:            lesion_i/video/hdmi_in/frontend/dvi2rgb_0/U0/TMDS_ClockingX/aLocked_reg/CLR
                            (removal check against rising-edge clock clk_fpga_2  {rise@0.000ns fall@2.500ns period=5.000ns})
  Path Group:             **async_default**
  Path Type:              Removal (Min at Fast Process Corner)
  Requirement:            0.000ns  (clk_fpga_2 rise@0.000ns - clk_fpga_2 rise@0.000ns)
  Data Path Delay:        0.306ns  (logic 0.128ns (41.788%)  route 0.178ns (58.212%))
  Logic Levels:           0  
  Clock Path Skew:        0.016ns (DCD - SCD - CPR)
    Destination Clock Delay (DCD):    1.359ns
    Source Clock Delay      (SCD):    1.053ns
    Clock Pessimism Removal (CPR):    0.290ns

    Location             Delay type                Incr(ns)  Path(ns)    Netlist Resource(s)
  -------------------------------------------------------------------    -------------------
                         (clock clk_fpga_2 rise edge)
                                                      0.000     0.000 r  
    PS7_X0Y0             PS7                          0.000     0.000 r  lesion_i/ps7_0/inst/PS7_i/FCLKCLK[2]
                         net (fo=1, routed)           0.310     0.310    lesion_i/ps7_0/inst/FCLK_CLK_unbuffered[2]
    BUFGCTRL_X0Y18       BUFG (Prop_bufg_I_O)         0.026     0.336 r  lesion_i/ps7_0/inst/buffer_fclk_clk_2.FCLK_CLK_2_BUFG/O
                         net (fo=157, routed)         0.717     1.053    lesion_i/video/hdmi_in/frontend/dvi2rgb_0/U0/TMDS_ClockingX/RdyLostReset/SyncAsyncx/RefClk
    SLICE_X110Y108       FDPE                                         r  lesion_i/video/hdmi_in/frontend/dvi2rgb_0/U0/TMDS_ClockingX/RdyLostReset/SyncAsyncx/oSyncStages_reg[1]/C
  -------------------------------------------------------------------    -------------------
    SLICE_X110Y108       FDPE (Prop_fdpe_C_Q)         0.128     1.181 f  lesion_i/video/hdmi_in/frontend/dvi2rgb_0/U0/TMDS_ClockingX/RdyLostReset/SyncAsyncx/oSyncStages_reg[1]/Q
                         net (fo=1, routed)           0.178     1.359    lesion_i/video/hdmi_in/frontend/dvi2rgb_0/U0/TMDS_ClockingX/rRdyRst
    SLICE_X111Y107       FDCE                                         f  lesion_i/video/hdmi_in/frontend/dvi2rgb_0/U0/TMDS_ClockingX/aLocked_reg/CLR
  -------------------------------------------------------------------    -------------------

                         (clock clk_fpga_2 rise edge)
                                                      0.000     0.000 r  
    PS7_X0Y0             PS7                          0.000     0.000 r  lesion_i/ps7_0/inst/PS7_i/FCLKCLK[2]
                         net (fo=1, routed)           0.337     0.337    lesion_i/ps7_0/inst/FCLK_CLK_unbuffered[2]
    BUFGCTRL_X0Y18       BUFG (Prop_bufg_I_O)         0.029     0.366 r  lesion_i/ps7_0/inst/buffer_fclk_clk_2.FCLK_CLK_2_BUFG/O
                         net (fo=157, routed)         0.993     1.359    lesion_i/video/hdmi_in/frontend/dvi2rgb_0/U0/TMDS_ClockingX/RefClk
    SLICE_X111Y107       FDCE                                         r  lesion_i/video/hdmi_in/frontend/dvi2rgb_0/U0/TMDS_ClockingX/aLocked_reg/C
                         clock pessimism             -0.290     1.069    
    SLICE_X111Y107       FDCE (Remov_fdce_C_CLR)     -0.146     0.923    lesion_i/video/hdmi_in/frontend/dvi2rgb_0/U0/TMDS_ClockingX/aLocked_reg
  -------------------------------------------------------------------
                         required time                         -0.923    
                         arrival time                           1.359    
  -------------------------------------------------------------------
                         slack                                  0.436    





---------------------------------------------------------------------------------------------------
Path Group:  **async_default**
From Clock:  hdmi_in_PixelClk
  To Clock:  hdmi_in_PixelClk

Setup :            0  Failing Endpoints,  Worst Slack        5.283ns,  Total Violation        0.000ns
Hold  :            0  Failing Endpoints,  Worst Slack        0.799ns,  Total Violation        0.000ns
---------------------------------------------------------------------------------------------------


Max Delay Paths
--------------------------------------------------------------------------------------
Slack (MET) :             5.283ns  (required time - arrival time)
  Source:                 lesion_i/video/hdmi_in/frontend/dvi2rgb_0/U0/LockLostReset/SyncAsyncx/oSyncStages_reg[1]/C
                            (rising edge-triggered cell FDPE clocked by hdmi_in_PixelClk  {rise@0.000ns fall@3.333ns period=8.333ns})
  Destination:            lesion_i/video/hdmi_in/frontend/dvi2rgb_0/U0/DataDecoders[0].DecoderX/pAlignRst_reg/PRE
                            (recovery check against rising-edge clock hdmi_in_PixelClk  {rise@0.000ns fall@3.333ns period=8.333ns})
  Path Group:             **async_default**
  Path Type:              Recovery (Max at Slow Process Corner)
  Requirement:            8.333ns  (hdmi_in_PixelClk rise@8.333ns - hdmi_in_PixelClk rise@0.000ns)
  Data Path Delay:        2.391ns  (logic 0.419ns (17.526%)  route 1.972ns (82.474%))
  Logic Levels:           0  
  Clock Path Skew:        -0.065ns (DCD - SCD + CPR)
    Destination Clock Delay (DCD):    4.767ns = ( 13.100 - 8.333 ) 
    Source Clock Delay      (SCD):    5.219ns
    Clock Pessimism Removal (CPR):    0.387ns
  Clock Uncertainty:      0.060ns  ((TSJ^2 + DJ^2)^1/2) / 2 + PE
    Total System Jitter     (TSJ):    0.071ns
    Discrete Jitter          (DJ):    0.097ns
    Phase Error              (PE):    0.000ns

    Location             Delay type                Incr(ns)  Path(ns)    Netlist Resource(s)
  -------------------------------------------------------------------    -------------------
                         (clock hdmi_in_PixelClk rise edge)
                                                      0.000     0.000 r  
    N18                                               0.000     0.000 r  hdmi_in_clk_p (IN)
                         net (fo=0)                   0.000     0.000    lesion_i/video/hdmi_in/frontend/dvi2rgb_0/U0/TMDS_ClockingX/TMDS_Clk_p
    N18                  IBUFDS (Prop_ibufds_I_O)     0.930     0.930 r  lesion_i/video/hdmi_in/frontend/dvi2rgb_0/U0/TMDS_ClockingX/InputBuffer/O
                         net (fo=1, routed)           1.285     2.215    lesion_i/video/hdmi_in/frontend/dvi2rgb_0/U0/TMDS_ClockingX/CLK_IN_hdmi_clk
    MMCME2_ADV_X1Y1      MMCME2_ADV (Prop_mmcme2_adv_CLKIN1_CLKOUT0)
                                                      0.089     2.304 r  lesion_i/video/hdmi_in/frontend/dvi2rgb_0/U0/TMDS_ClockingX/DVI_ClkGenerator/CLKOUT0
                         net (fo=2, routed)           1.063     3.367    lesion_i/video/hdmi_in/frontend/dvi2rgb_0/U0/TMDS_ClockingX/CLK_OUT_5x_hdmi_clk
    BUFR_X1Y5            BUFR (Prop_bufr_I_O)         1.031     4.398 r  lesion_i/video/hdmi_in/frontend/dvi2rgb_0/U0/TMDS_ClockingX/PixelClkBuffer/O
                         net (fo=3140, routed)        0.821     5.219    lesion_i/video/hdmi_in/frontend/dvi2rgb_0/U0/LockLostReset/SyncAsyncx/oSyncStages_reg[1]_0
    SLICE_X111Y89        FDPE                                         r  lesion_i/video/hdmi_in/frontend/dvi2rgb_0/U0/LockLostReset/SyncAsyncx/oSyncStages_reg[1]/C
  -------------------------------------------------------------------    -------------------
    SLICE_X111Y89        FDPE (Prop_fdpe_C_Q)         0.419     5.638 f  lesion_i/video/hdmi_in/frontend/dvi2rgb_0/U0/LockLostReset/SyncAsyncx/oSyncStages_reg[1]/Q
                         net (fo=27, routed)          1.972     7.610    lesion_i/video/hdmi_in/frontend/dvi2rgb_0/U0/DataDecoders[0].DecoderX/AS[0]
    SLICE_X113Y65        FDPE                                         f  lesion_i/video/hdmi_in/frontend/dvi2rgb_0/U0/DataDecoders[0].DecoderX/pAlignRst_reg/PRE
  -------------------------------------------------------------------    -------------------

                         (clock hdmi_in_PixelClk rise edge)
                                                      8.333     8.333 r  
    N18                                               0.000     8.333 r  hdmi_in_clk_p (IN)
                         net (fo=0)                   0.000     8.333    lesion_i/video/hdmi_in/frontend/dvi2rgb_0/U0/TMDS_ClockingX/TMDS_Clk_p
    N18                  IBUFDS (Prop_ibufds_I_O)     0.887     9.220 r  lesion_i/video/hdmi_in/frontend/dvi2rgb_0/U0/TMDS_ClockingX/InputBuffer/O
                         net (fo=1, routed)           1.162    10.382    lesion_i/video/hdmi_in/frontend/dvi2rgb_0/U0/TMDS_ClockingX/CLK_IN_hdmi_clk
    MMCME2_ADV_X1Y1      MMCME2_ADV (Prop_mmcme2_adv_CLKIN1_CLKOUT0)
                                                      0.084    10.466 r  lesion_i/video/hdmi_in/frontend/dvi2rgb_0/U0/TMDS_ClockingX/DVI_ClkGenerator/CLKOUT0
                         net (fo=2, routed)           0.960    11.426    lesion_i/video/hdmi_in/frontend/dvi2rgb_0/U0/TMDS_ClockingX/CLK_OUT_5x_hdmi_clk
    BUFR_X1Y5            BUFR (Prop_bufr_I_O)         0.918    12.344 r  lesion_i/video/hdmi_in/frontend/dvi2rgb_0/U0/TMDS_ClockingX/PixelClkBuffer/O
                         net (fo=3140, routed)        0.756    13.100    lesion_i/video/hdmi_in/frontend/dvi2rgb_0/U0/DataDecoders[0].DecoderX/iIn_q_reg
    SLICE_X113Y65        FDPE                                         r  lesion_i/video/hdmi_in/frontend/dvi2rgb_0/U0/DataDecoders[0].DecoderX/pAlignRst_reg/C
                         clock pessimism              0.387    13.487    
                         clock uncertainty           -0.060    13.427    
    SLICE_X113Y65        FDPE (Recov_fdpe_C_PRE)     -0.534    12.893    lesion_i/video/hdmi_in/frontend/dvi2rgb_0/U0/DataDecoders[0].DecoderX/pAlignRst_reg
  -------------------------------------------------------------------
                         required time                         12.893    
                         arrival time                          -7.610    
  -------------------------------------------------------------------
                         slack                                  5.283    





Min Delay Paths
--------------------------------------------------------------------------------------
Slack (MET) :             0.799ns  (arrival time - required time)
  Source:                 lesion_i/video/hdmi_in/frontend/dvi2rgb_0/U0/LockLostReset/SyncAsyncx/oSyncStages_reg[1]/C
                            (rising edge-triggered cell FDPE clocked by hdmi_in_PixelClk  {rise@0.000ns fall@3.333ns period=8.333ns})
  Destination:            lesion_i/video/hdmi_in/frontend/dvi2rgb_0/U0/DataDecoders[2].DecoderX/pAlignRst_reg/PRE
                            (removal check against rising-edge clock hdmi_in_PixelClk  {rise@0.000ns fall@3.333ns period=8.333ns})
  Path Group:             **async_default**
  Path Type:              Removal (Min at Fast Process Corner)
  Requirement:            0.000ns  (hdmi_in_PixelClk rise@0.000ns - hdmi_in_PixelClk rise@0.000ns)
  Data Path Delay:        0.676ns  (logic 0.128ns (18.946%)  route 0.548ns (81.054%))
  Logic Levels:           0  
  Clock Path Skew:        0.026ns (DCD - SCD - CPR)
    Destination Clock Delay (DCD):    2.153ns
    Source Clock Delay      (SCD):    1.836ns
    Clock Pessimism Removal (CPR):    0.290ns

    Location             Delay type                Incr(ns)  Path(ns)    Netlist Resource(s)
  -------------------------------------------------------------------    -------------------
                         (clock hdmi_in_PixelClk rise edge)
                                                      0.000     0.000 r  
    N18                                               0.000     0.000 r  hdmi_in_clk_p (IN)
                         net (fo=0)                   0.000     0.000    lesion_i/video/hdmi_in/frontend/dvi2rgb_0/U0/TMDS_ClockingX/TMDS_Clk_p
    N18                  IBUFDS (Prop_ibufds_I_O)     0.451     0.451 r  lesion_i/video/hdmi_in/frontend/dvi2rgb_0/U0/TMDS_ClockingX/InputBuffer/O
                         net (fo=1, routed)           0.440     0.891    lesion_i/video/hdmi_in/frontend/dvi2rgb_0/U0/TMDS_ClockingX/CLK_IN_hdmi_clk
    MMCME2_ADV_X1Y1      MMCME2_ADV (Prop_mmcme2_adv_CLKIN1_CLKOUT0)
                                                      0.051     0.942 r  lesion_i/video/hdmi_in/frontend/dvi2rgb_0/U0/TMDS_ClockingX/DVI_ClkGenerator/CLKOUT0
                         net (fo=2, routed)           0.363     1.305    lesion_i/video/hdmi_in/frontend/dvi2rgb_0/U0/TMDS_ClockingX/CLK_OUT_5x_hdmi_clk
    BUFR_X1Y5            BUFR (Prop_bufr_I_O)         0.270     1.575 r  lesion_i/video/hdmi_in/frontend/dvi2rgb_0/U0/TMDS_ClockingX/PixelClkBuffer/O
                         net (fo=3140, routed)        0.261     1.836    lesion_i/video/hdmi_in/frontend/dvi2rgb_0/U0/LockLostReset/SyncAsyncx/oSyncStages_reg[1]_0
    SLICE_X111Y89        FDPE                                         r  lesion_i/video/hdmi_in/frontend/dvi2rgb_0/U0/LockLostReset/SyncAsyncx/oSyncStages_reg[1]/C
  -------------------------------------------------------------------    -------------------
    SLICE_X111Y89        FDPE (Prop_fdpe_C_Q)         0.128     1.964 f  lesion_i/video/hdmi_in/frontend/dvi2rgb_0/U0/LockLostReset/SyncAsyncx/oSyncStages_reg[1]/Q
                         net (fo=27, routed)          0.548     2.512    lesion_i/video/hdmi_in/frontend/dvi2rgb_0/U0/DataDecoders[2].DecoderX/out[0]
    SLICE_X113Y72        FDPE                                         f  lesion_i/video/hdmi_in/frontend/dvi2rgb_0/U0/DataDecoders[2].DecoderX/pAlignRst_reg/PRE
  -------------------------------------------------------------------    -------------------

                         (clock hdmi_in_PixelClk rise edge)
                                                      0.000     0.000 r  
    N18                                               0.000     0.000 r  hdmi_in_clk_p (IN)
                         net (fo=0)                   0.000     0.000    lesion_i/video/hdmi_in/frontend/dvi2rgb_0/U0/TMDS_ClockingX/TMDS_Clk_p
    N18                  IBUFDS (Prop_ibufds_I_O)     0.499     0.499 r  lesion_i/video/hdmi_in/frontend/dvi2rgb_0/U0/TMDS_ClockingX/InputBuffer/O
                         net (fo=1, routed)           0.480     0.979    lesion_i/video/hdmi_in/frontend/dvi2rgb_0/U0/TMDS_ClockingX/CLK_IN_hdmi_clk
    MMCME2_ADV_X1Y1      MMCME2_ADV (Prop_mmcme2_adv_CLKIN1_CLKOUT0)
                                                      0.054     1.033 r  lesion_i/video/hdmi_in/frontend/dvi2rgb_0/U0/TMDS_ClockingX/DVI_ClkGenerator/CLKOUT0
                         net (fo=2, routed)           0.402     1.435    lesion_i/video/hdmi_in/frontend/dvi2rgb_0/U0/TMDS_ClockingX/CLK_OUT_5x_hdmi_clk
    BUFR_X1Y5            BUFR (Prop_bufr_I_O)         0.431     1.866 r  lesion_i/video/hdmi_in/frontend/dvi2rgb_0/U0/TMDS_ClockingX/PixelClkBuffer/O
                         net (fo=3140, routed)        0.287     2.153    lesion_i/video/hdmi_in/frontend/dvi2rgb_0/U0/DataDecoders[2].DecoderX/iIn_q_reg
    SLICE_X113Y72        FDPE                                         r  lesion_i/video/hdmi_in/frontend/dvi2rgb_0/U0/DataDecoders[2].DecoderX/pAlignRst_reg/C
                         clock pessimism             -0.290     1.862    
    SLICE_X113Y72        FDPE (Remov_fdpe_C_PRE)     -0.149     1.713    lesion_i/video/hdmi_in/frontend/dvi2rgb_0/U0/DataDecoders[2].DecoderX/pAlignRst_reg
  -------------------------------------------------------------------
                         required time                         -1.713    
                         arrival time                           2.512    
  -------------------------------------------------------------------
                         slack                                  0.799    





