Copyright 1986-2022 Xilinx, Inc. All Rights Reserved. Copyright 2022-2025 Advanced Micro Devices, Inc. All Rights Reserved.
---------------------------------------------------------------------------------------------------------------------------------------------
| Tool Version : Vivado v.2025.2 (win64) Build 6299465 Fri Nov 14 19:35:11 GMT 2025
| Date         : Wed Sep 23 00:26:12 2026
| Host         : WIN-9V8PKT2UNH4 running 64-bit major release  (build 9200)
| Command      : report_bus_skew -file C:/temp/lesion_fpga/build/bus_skew.rpt
| Design       : lesion_wrapper
| Device       : 7z020-clg400
| Speed File   : -1  PRODUCTION 1.12 2019-11-22
| Design State : Physopt postRoute
---------------------------------------------------------------------------------------------------------------------------------------------

Bus Skew Report

Table of Contents
-----------------
1. Bus Skew Report Summary
2. Bus Skew Report Per Constraint

1. Bus Skew Report Summary
--------------------------

Id  Position  From                            To                              Corner  Requirement(ns)  Actual(ns)  Slack(ns)
--  --------  ------------------------------  ------------------------------  ------  ---------------  ----------  ---------
1   35        [get_cells [list {lesion_i/video/hdmi_out/frontend/v_axi4s_vid_out_0/inst/COUPLER_INST/generate_async_fifo.FIFO_INST/XPM_FIFO_ASYNC_INST/gnuram_async_fifo.xpm_fifo_base_inst/gen_cdc_pntr.rd_pntr_cdc_inst/src_gray_ff_reg[0]} \
          {lesion_i/video/hdmi_out/frontend/v_axi4s_vid_out_0/inst/COUPLER_INST/generate_async_fifo.FIFO_INST/XPM_FIFO_ASYNC_INST/gnuram_async_fifo.xpm_fifo_base_inst/gen_cdc_pntr.rd_pntr_cdc_inst/src_gray_ff_reg[10]} \
          {lesion_i/video/hdmi_out/frontend/v_axi4s_vid_out_0/inst/COUPLER_INST/generate_async_fifo.FIFO_INST/XPM_FIFO_ASYNC_INST/gnuram_async_fifo.xpm_fifo_base_inst/gen_cdc_pntr.rd_pntr_cdc_inst/src_gray_ff_reg[1]} \
          {lesion_i/video/hdmi_out/frontend/v_axi4s_vid_out_0/inst/COUPLER_INST/generate_async_fifo.FIFO_INST/XPM_FIFO_ASYNC_INST/gnuram_async_fifo.xpm_fifo_base_inst/gen_cdc_pntr.rd_pntr_cdc_inst/src_gray_ff_reg[2]} \
          {lesion_i/video/hdmi_out/frontend/v_axi4s_vid_out_0/inst/COUPLER_INST/generate_async_fifo.FIFO_INST/XPM_FIFO_ASYNC_INST/gnuram_async_fifo.xpm_fifo_base_inst/gen_cdc_pntr.rd_pntr_cdc_inst/src_gray_ff_reg[3]} \
          {lesion_i/video/hdmi_out/frontend/v_axi4s_vid_out_0/inst/COUPLER_INST/generate_async_fifo.FIFO_INST/XPM_FIFO_ASYNC_INST/gnuram_async_fifo.xpm_fifo_base_inst/gen_cdc_pntr.rd_pntr_cdc_inst/src_gray_ff_reg[4]} \
          {lesion_i/video/hdmi_out/frontend/v_axi4s_vid_out_0/inst/COUPLER_INST/generate_async_fifo.FIFO_INST/XPM_FIFO_ASYNC_INST/gnuram_async_fifo.xpm_fifo_base_inst/gen_cdc_pntr.rd_pntr_cdc_inst/src_gray_ff_reg[5]} \
          {lesion_i/video/hdmi_out/frontend/v_axi4s_vid_out_0/inst/COUPLER_INST/generate_async_fifo.FIFO_INST/XPM_FIFO_ASYNC_INST/gnuram_async_fifo.xpm_fifo_base_inst/gen_cdc_pntr.rd_pntr_cdc_inst/src_gray_ff_reg[6]} \
          {lesion_i/video/hdmi_out/frontend/v_axi4s_vid_out_0/inst/COUPLER_INST/generate_async_fifo.FIFO_INST/XPM_FIFO_ASYNC_INST/gnuram_async_fifo.xpm_fifo_base_inst/gen_cdc_pntr.rd_pntr_cdc_inst/src_gray_ff_reg[7]} \
          {lesion_i/video/hdmi_out/frontend/v_axi4s_vid_out_0/inst/COUPLER_INST/generate_async_fifo.FIFO_INST/XPM_FIFO_ASYNC_INST/gnuram_async_fifo.xpm_fifo_base_inst/gen_cdc_pntr.rd_pntr_cdc_inst/src_gray_ff_reg[8]} \
          {lesion_i/video/hdmi_out/frontend/v_axi4s_vid_out_0/inst/COUPLER_INST/generate_async_fifo.FIFO_INST/XPM_FIFO_ASYNC_INST/gnuram_async_fifo.xpm_fifo_base_inst/gen_cdc_pntr.rd_pntr_cdc_inst/src_gray_ff_reg[9]}]]
                                              [get_cells [list {lesion_i/video/hdmi_out/frontend/v_axi4s_vid_out_0/inst/COUPLER_INST/generate_async_fifo.FIFO_INST/XPM_FIFO_ASYNC_INST/gnuram_async_fifo.xpm_fifo_base_inst/gen_cdc_pntr.rd_pntr_cdc_inst/dest_graysync_ff_reg[0][0]} \
          {lesion_i/video/hdmi_out/frontend/v_axi4s_vid_out_0/inst/COUPLER_INST/generate_async_fifo.FIFO_INST/XPM_FIFO_ASYNC_INST/gnuram_async_fifo.xpm_fifo_base_inst/gen_cdc_pntr.rd_pntr_cdc_inst/dest_graysync_ff_reg[0][10]} \
          {lesion_i/video/hdmi_out/frontend/v_axi4s_vid_out_0/inst/COUPLER_INST/generate_async_fifo.FIFO_INST/XPM_FIFO_ASYNC_INST/gnuram_async_fifo.xpm_fifo_base_inst/gen_cdc_pntr.rd_pntr_cdc_inst/dest_graysync_ff_reg[0][1]} \
          {lesion_i/video/hdmi_out/frontend/v_axi4s_vid_out_0/inst/COUPLER_INST/generate_async_fifo.FIFO_INST/XPM_FIFO_ASYNC_INST/gnuram_async_fifo.xpm_fifo_base_inst/gen_cdc_pntr.rd_pntr_cdc_inst/dest_graysync_ff_reg[0][2]} \
          {lesion_i/video/hdmi_out/frontend/v_axi4s_vid_out_0/inst/COUPLER_INST/generate_async_fifo.FIFO_INST/XPM_FIFO_ASYNC_INST/gnuram_async_fifo.xpm_fifo_base_inst/gen_cdc_pntr.rd_pntr_cdc_inst/dest_graysync_ff_reg[0][3]} \
          {lesion_i/video/hdmi_out/frontend/v_axi4s_vid_out_0/inst/COUPLER_INST/generate_async_fifo.FIFO_INST/XPM_FIFO_ASYNC_INST/gnuram_async_fifo.xpm_fifo_base_inst/gen_cdc_pntr.rd_pntr_cdc_inst/dest_graysync_ff_reg[0][4]} \
          {lesion_i/video/hdmi_out/frontend/v_axi4s_vid_out_0/inst/COUPLER_INST/generate_async_fifo.FIFO_INST/XPM_FIFO_ASYNC_INST/gnuram_async_fifo.xpm_fifo_base_inst/gen_cdc_pntr.rd_pntr_cdc_inst/dest_graysync_ff_reg[0][5]} \
          {lesion_i/video/hdmi_out/frontend/v_axi4s_vid_out_0/inst/COUPLER_INST/generate_async_fifo.FIFO_INST/XPM_FIFO_ASYNC_INST/gnuram_async_fifo.xpm_fifo_base_inst/gen_cdc_pntr.rd_pntr_cdc_inst/dest_graysync_ff_reg[0][6]} \
          {lesion_i/video/hdmi_out/frontend/v_axi4s_vid_out_0/inst/COUPLER_INST/generate_async_fifo.FIFO_INST/XPM_FIFO_ASYNC_INST/gnuram_async_fifo.xpm_fifo_base_inst/gen_cdc_pntr.rd_pntr_cdc_inst/dest_graysync_ff_reg[0][7]} \
          {lesion_i/video/hdmi_out/frontend/v_axi4s_vid_out_0/inst/COUPLER_INST/generate_async_fifo.FIFO_INST/XPM_FIFO_ASYNC_INST/gnuram_async_fifo.xpm_fifo_base_inst/gen_cdc_pntr.rd_pntr_cdc_inst/dest_graysync_ff_reg[0][8]} \
          {lesion_i/video/hdmi_out/frontend/v_axi4s_vid_out_0/inst/COUPLER_INST/generate_async_fifo.FIFO_INST/XPM_FIFO_ASYNC_INST/gnuram_async_fifo.xpm_fifo_base_inst/gen_cdc_pntr.rd_pntr_cdc_inst/dest_graysync_ff_reg[0][9]}]]
                                                                              Slow              7.000       0.901      6.099
2   37        [get_cells [list {lesion_i/video/hdmi_out/frontend/v_axi4s_vid_out_0/inst/COUPLER_INST/generate_async_fifo.FIFO_INST/XPM_FIFO_ASYNC_INST/gnuram_async_fifo.xpm_fifo_base_inst/gen_cdc_pntr.wr_pntr_cdc_inst/src_gray_ff_reg[0]} \
          {lesion_i/video/hdmi_out/frontend/v_axi4s_vid_out_0/inst/COUPLER_INST/generate_async_fifo.FIFO_INST/XPM_FIFO_ASYNC_INST/gnuram_async_fifo.xpm_fifo_base_inst/gen_cdc_pntr.wr_pntr_cdc_inst/src_gray_ff_reg[10]} \
          {lesion_i/video/hdmi_out/frontend/v_axi4s_vid_out_0/inst/COUPLER_INST/generate_async_fifo.FIFO_INST/XPM_FIFO_ASYNC_INST/gnuram_async_fifo.xpm_fifo_base_inst/gen_cdc_pntr.wr_pntr_cdc_inst/src_gray_ff_reg[1]} \
          {lesion_i/video/hdmi_out/frontend/v_axi4s_vid_out_0/inst/COUPLER_INST/generate_async_fifo.FIFO_INST/XPM_FIFO_ASYNC_INST/gnuram_async_fifo.xpm_fifo_base_inst/gen_cdc_pntr.wr_pntr_cdc_inst/src_gray_ff_reg[2]} \
          {lesion_i/video/hdmi_out/frontend/v_axi4s_vid_out_0/inst/COUPLER_INST/generate_async_fifo.FIFO_INST/XPM_FIFO_ASYNC_INST/gnuram_async_fifo.xpm_fifo_base_inst/gen_cdc_pntr.wr_pntr_cdc_inst/src_gray_ff_reg[3]} \
          {lesion_i/video/hdmi_out/frontend/v_axi4s_vid_out_0/inst/COUPLER_INST/generate_async_fifo.FIFO_INST/XPM_FIFO_ASYNC_INST/gnuram_async_fifo.xpm_fifo_base_inst/gen_cdc_pntr.wr_pntr_cdc_inst/src_gray_ff_reg[4]} \
          {lesion_i/video/hdmi_out/frontend/v_axi4s_vid_out_0/inst/COUPLER_INST/generate_async_fifo.FIFO_INST/XPM_FIFO_ASYNC_INST/gnuram_async_fifo.xpm_fifo_base_inst/gen_cdc_pntr.wr_pntr_cdc_inst/src_gray_ff_reg[5]} \
          {lesion_i/video/hdmi_out/frontend/v_axi4s_vid_out_0/inst/COUPLER_INST/generate_async_fifo.FIFO_INST/XPM_FIFO_ASYNC_INST/gnuram_async_fifo.xpm_fifo_base_inst/gen_cdc_pntr.wr_pntr_cdc_inst/src_gray_ff_reg[6]} \
          {lesion_i/video/hdmi_out/frontend/v_axi4s_vid_out_0/inst/COUPLER_INST/generate_async_fifo.FIFO_INST/XPM_FIFO_ASYNC_INST/gnuram_async_fifo.xpm_fifo_base_inst/gen_cdc_pntr.wr_pntr_cdc_inst/src_gray_ff_reg[7]} \
          {lesion_i/video/hdmi_out/frontend/v_axi4s_vid_out_0/inst/COUPLER_INST/generate_async_fifo.FIFO_INST/XPM_FIFO_ASYNC_INST/gnuram_async_fifo.xpm_fifo_base_inst/gen_cdc_pntr.wr_pntr_cdc_inst/src_gray_ff_reg[8]} \
          {lesion_i/video/hdmi_out/frontend/v_axi4s_vid_out_0/inst/COUPLER_INST/generate_async_fifo.FIFO_INST/XPM_FIFO_ASYNC_INST/gnuram_async_fifo.xpm_fifo_base_inst/gen_cdc_pntr.wr_pntr_cdc_inst/src_gray_ff_reg[9]}]]
                                              [get_cells [list {lesion_i/video/hdmi_out/frontend/v_axi4s_vid_out_0/inst/COUPLER_INST/generate_async_fifo.FIFO_INST/XPM_FIFO_ASYNC_INST/gnuram_async_fifo.xpm_fifo_base_inst/gen_cdc_pntr.wr_pntr_cdc_inst/dest_graysync_ff_reg[0][0]} \
          {lesion_i/video/hdmi_out/frontend/v_axi4s_vid_out_0/inst/COUPLER_INST/generate_async_fifo.FIFO_INST/XPM_FIFO_ASYNC_INST/gnuram_async_fifo.xpm_fifo_base_inst/gen_cdc_pntr.wr_pntr_cdc_inst/dest_graysync_ff_reg[0][10]} \
          {lesion_i/video/hdmi_out/frontend/v_axi4s_vid_out_0/inst/COUPLER_INST/generate_async_fifo.FIFO_INST/XPM_FIFO_ASYNC_INST/gnuram_async_fifo.xpm_fifo_base_inst/gen_cdc_pntr.wr_pntr_cdc_inst/dest_graysync_ff_reg[0][1]} \
          {lesion_i/video/hdmi_out/frontend/v_axi4s_vid_out_0/inst/COUPLER_INST/generate_async_fifo.FIFO_INST/XPM_FIFO_ASYNC_INST/gnuram_async_fifo.xpm_fifo_base_inst/gen_cdc_pntr.wr_pntr_cdc_inst/dest_graysync_ff_reg[0][2]} \
          {lesion_i/video/hdmi_out/frontend/v_axi4s_vid_out_0/inst/COUPLER_INST/generate_async_fifo.FIFO_INST/XPM_FIFO_ASYNC_INST/gnuram_async_fifo.xpm_fifo_base_inst/gen_cdc_pntr.wr_pntr_cdc_inst/dest_graysync_ff_reg[0][3]} \
          {lesion_i/video/hdmi_out/frontend/v_axi4s_vid_out_0/inst/COUPLER_INST/generate_async_fifo.FIFO_INST/XPM_FIFO_ASYNC_INST/gnuram_async_fifo.xpm_fifo_base_inst/gen_cdc_pntr.wr_pntr_cdc_inst/dest_graysync_ff_reg[0][4]} \
          {lesion_i/video/hdmi_out/frontend/v_axi4s_vid_out_0/inst/COUPLER_INST/generate_async_fifo.FIFO_INST/XPM_FIFO_ASYNC_INST/gnuram_async_fifo.xpm_fifo_base_inst/gen_cdc_pntr.wr_pntr_cdc_inst/dest_graysync_ff_reg[0][5]} \
          {lesion_i/video/hdmi_out/frontend/v_axi4s_vid_out_0/inst/COUPLER_INST/generate_async_fifo.FIFO_INST/XPM_FIFO_ASYNC_INST/gnuram_async_fifo.xpm_fifo_base_inst/gen_cdc_pntr.wr_pntr_cdc_inst/dest_graysync_ff_reg[0][6]} \
          {lesion_i/video/hdmi_out/frontend/v_axi4s_vid_out_0/inst/COUPLER_INST/generate_async_fifo.FIFO_INST/XPM_FIFO_ASYNC_INST/gnuram_async_fifo.xpm_fifo_base_inst/gen_cdc_pntr.wr_pntr_cdc_inst/dest_graysync_ff_reg[0][7]} \
          {lesion_i/video/hdmi_out/frontend/v_axi4s_vid_out_0/inst/COUPLER_INST/generate_async_fifo.FIFO_INST/XPM_FIFO_ASYNC_INST/gnuram_async_fifo.xpm_fifo_base_inst/gen_cdc_pntr.wr_pntr_cdc_inst/dest_graysync_ff_reg[0][8]} \
          {lesion_i/video/hdmi_out/frontend/v_axi4s_vid_out_0/inst/COUPLER_INST/generate_async_fifo.FIFO_INST/XPM_FIFO_ASYNC_INST/gnuram_async_fifo.xpm_fifo_base_inst/gen_cdc_pntr.wr_pntr_cdc_inst/dest_graysync_ff_reg[0][9]}]]
                                                                              Slow              7.000       0.975      6.025
3   39        [get_cells [list {lesion_i/video/hdmi_out/frontend/v_axi4s_vid_out_0/inst/COUPLER_INST/generate_async_fifo.FIFO_INST/XPM_FIFO_ASYNC_INST/gnuram_async_fifo.xpm_fifo_base_inst/gen_cdc_pntr.wr_pntr_cdc_dc_inst/src_gray_ff_reg[0]} \
          {lesion_i/video/hdmi_out/frontend/v_axi4s_vid_out_0/inst/COUPLER_INST/generate_async_fifo.FIFO_INST/XPM_FIFO_ASYNC_INST/gnuram_async_fifo.xpm_fifo_base_inst/gen_cdc_pntr.wr_pntr_cdc_dc_inst/src_gray_ff_reg[10]} \
          {lesion_i/video/hdmi_out/frontend/v_axi4s_vid_out_0/inst/COUPLER_INST/generate_async_fifo.FIFO_INST/XPM_FIFO_ASYNC_INST/gnuram_async_fifo.xpm_fifo_base_inst/gen_cdc_pntr.wr_pntr_cdc_dc_inst/src_gray_ff_reg[11]} \
          {lesion_i/video/hdmi_out/frontend/v_axi4s_vid_out_0/inst/COUPLER_INST/generate_async_fifo.FIFO_INST/XPM_FIFO_ASYNC_INST/gnuram_async_fifo.xpm_fifo_base_inst/gen_cdc_pntr.wr_pntr_cdc_dc_inst/src_gray_ff_reg[1]} \
          {lesion_i/video/hdmi_out/frontend/v_axi4s_vid_out_0/inst/COUPLER_INST/generate_async_fifo.FIFO_INST/XPM_FIFO_ASYNC_INST/gnuram_async_fifo.xpm_fifo_base_inst/gen_cdc_pntr.wr_pntr_cdc_dc_inst/src_gray_ff_reg[2]} \
          {lesion_i/video/hdmi_out/frontend/v_axi4s_vid_out_0/inst/COUPLER_INST/generate_async_fifo.FIFO_INST/XPM_FIFO_ASYNC_INST/gnuram_async_fifo.xpm_fifo_base_inst/gen_cdc_pntr.wr_pntr_cdc_dc_inst/src_gray_ff_reg[3]} \
          {lesion_i/video/hdmi_out/frontend/v_axi4s_vid_out_0/inst/COUPLER_INST/generate_async_fifo.FIFO_INST/XPM_FIFO_ASYNC_INST/gnuram_async_fifo.xpm_fifo_base_inst/gen_cdc_pntr.wr_pntr_cdc_dc_inst/src_gray_ff_reg[4]} \
          {lesion_i/video/hdmi_out/frontend/v_axi4s_vid_out_0/inst/COUPLER_INST/generate_async_fifo.FIFO_INST/XPM_FIFO_ASYNC_INST/gnuram_async_fifo.xpm_fifo_base_inst/gen_cdc_pntr.wr_pntr_cdc_dc_inst/src_gray_ff_reg[5]} \
          {lesion_i/video/hdmi_out/frontend/v_axi4s_vid_out_0/inst/COUPLER_INST/generate_async_fifo.FIFO_INST/XPM_FIFO_ASYNC_INST/gnuram_async_fifo.xpm_fifo_base_inst/gen_cdc_pntr.wr_pntr_cdc_dc_inst/src_gray_ff_reg[6]} \
          {lesion_i/video/hdmi_out/frontend/v_axi4s_vid_out_0/inst/COUPLER_INST/generate_async_fifo.FIFO_INST/XPM_FIFO_ASYNC_INST/gnuram_async_fifo.xpm_fifo_base_inst/gen_cdc_pntr.wr_pntr_cdc_dc_inst/src_gray_ff_reg[7]} \
          {lesion_i/video/hdmi_out/frontend/v_axi4s_vid_out_0/inst/COUPLER_INST/generate_async_fifo.FIFO_INST/XPM_FIFO_ASYNC_INST/gnuram_async_fifo.xpm_fifo_base_inst/gen_cdc_pntr.wr_pntr_cdc_dc_inst/src_gray_ff_reg[8]} \
          {lesion_i/video/hdmi_out/frontend/v_axi4s_vid_out_0/inst/COUPLER_INST/generate_async_fifo.FIFO_INST/XPM_FIFO_ASYNC_INST/gnuram_async_fifo.xpm_fifo_base_inst/gen_cdc_pntr.wr_pntr_cdc_dc_inst/src_gray_ff_reg[9]}]]
                                              [get_cells [list {lesion_i/video/hdmi_out/frontend/v_axi4s_vid_out_0/inst/COUPLER_INST/generate_async_fifo.FIFO_INST/XPM_FIFO_ASYNC_INST/gnuram_async_fifo.xpm_fifo_base_inst/gen_cdc_pntr.wr_pntr_cdc_dc_inst/dest_graysync_ff_reg[0][0]} \
          {lesion_i/video/hdmi_out/frontend/v_axi4s_vid_out_0/inst/COUPLER_INST/generate_async_fifo.FIFO_INST/XPM_FIFO_ASYNC_INST/gnuram_async_fifo.xpm_fifo_base_inst/gen_cdc_pntr.wr_pntr_cdc_dc_inst/dest_graysync_ff_reg[0][10]} \
          {lesion_i/video/hdmi_out/frontend/v_axi4s_vid_out_0/inst/COUPLER_INST/generate_async_fifo.FIFO_INST/XPM_FIFO_ASYNC_INST/gnuram_async_fifo.xpm_fifo_base_inst/gen_cdc_pntr.wr_pntr_cdc_dc_inst/dest_graysync_ff_reg[0][11]} \
          {lesion_i/video/hdmi_out/frontend/v_axi4s_vid_out_0/inst/COUPLER_INST/generate_async_fifo.FIFO_INST/XPM_FIFO_ASYNC_INST/gnuram_async_fifo.xpm_fifo_base_inst/gen_cdc_pntr.wr_pntr_cdc_dc_inst/dest_graysync_ff_reg[0][1]} \
          {lesion_i/video/hdmi_out/frontend/v_axi4s_vid_out_0/inst/COUPLER_INST/generate_async_fifo.FIFO_INST/XPM_FIFO_ASYNC_INST/gnuram_async_fifo.xpm_fifo_base_inst/gen_cdc_pntr.wr_pntr_cdc_dc_inst/dest_graysync_ff_reg[0][2]} \
          {lesion_i/video/hdmi_out/frontend/v_axi4s_vid_out_0/inst/COUPLER_INST/generate_async_fifo.FIFO_INST/XPM_FIFO_ASYNC_INST/gnuram_async_fifo.xpm_fifo_base_inst/gen_cdc_pntr.wr_pntr_cdc_dc_inst/dest_graysync_ff_reg[0][3]} \
          {lesion_i/video/hdmi_out/frontend/v_axi4s_vid_out_0/inst/COUPLER_INST/generate_async_fifo.FIFO_INST/XPM_FIFO_ASYNC_INST/gnuram_async_fifo.xpm_fifo_base_inst/gen_cdc_pntr.wr_pntr_cdc_dc_inst/dest_graysync_ff_reg[0][4]} \
          {lesion_i/video/hdmi_out/frontend/v_axi4s_vid_out_0/inst/COUPLER_INST/generate_async_fifo.FIFO_INST/XPM_FIFO_ASYNC_INST/gnuram_async_fifo.xpm_fifo_base_inst/gen_cdc_pntr.wr_pntr_cdc_dc_inst/dest_graysync_ff_reg[0][5]} \
          {lesion_i/video/hdmi_out/frontend/v_axi4s_vid_out_0/inst/COUPLER_INST/generate_async_fifo.FIFO_INST/XPM_FIFO_ASYNC_INST/gnuram_async_fifo.xpm_fifo_base_inst/gen_cdc_pntr.wr_pntr_cdc_dc_inst/dest_graysync_ff_reg[0][6]} \
          {lesion_i/video/hdmi_out/frontend/v_axi4s_vid_out_0/inst/COUPLER_INST/generate_async_fifo.FIFO_INST/XPM_FIFO_ASYNC_INST/gnuram_async_fifo.xpm_fifo_base_inst/gen_cdc_pntr.wr_pntr_cdc_dc_inst/dest_graysync_ff_reg[0][7]} \
          {lesion_i/video/hdmi_out/frontend/v_axi4s_vid_out_0/inst/COUPLER_INST/generate_async_fifo.FIFO_INST/XPM_FIFO_ASYNC_INST/gnuram_async_fifo.xpm_fifo_base_inst/gen_cdc_pntr.wr_pntr_cdc_dc_inst/dest_graysync_ff_reg[0][8]} \
          {lesion_i/video/hdmi_out/frontend/v_axi4s_vid_out_0/inst/COUPLER_INST/generate_async_fifo.FIFO_INST/XPM_FIFO_ASYNC_INST/gnuram_async_fifo.xpm_fifo_base_inst/gen_cdc_pntr.wr_pntr_cdc_dc_inst/dest_graysync_ff_reg[0][9]}]]
                                                                              Slow              7.000       0.907      6.093
4   41        [get_cells [list {lesion_i/video/hdmi_out/frontend/v_axi4s_vid_out_0/inst/COUPLER_INST/generate_async_fifo.FIFO_INST/XPM_FIFO_ASYNC_INST/gnuram_async_fifo.xpm_fifo_base_inst/gen_cdc_pntr.rd_pntr_cdc_dc_inst/src_gray_ff_reg[0]} \
          {lesion_i/video/hdmi_out/frontend/v_axi4s_vid_out_0/inst/COUPLER_INST/generate_async_fifo.FIFO_INST/XPM_FIFO_ASYNC_INST/gnuram_async_fifo.xpm_fifo_base_inst/gen_cdc_pntr.rd_pntr_cdc_dc_inst/src_gray_ff_reg[10]} \
          {lesion_i/video/hdmi_out/frontend/v_axi4s_vid_out_0/inst/COUPLER_INST/generate_async_fifo.FIFO_INST/XPM_FIFO_ASYNC_INST/gnuram_async_fifo.xpm_fifo_base_inst/gen_cdc_pntr.rd_pntr_cdc_dc_inst/src_gray_ff_reg[11]} \
          {lesion_i/video/hdmi_out/frontend/v_axi4s_vid_out_0/inst/COUPLER_INST/generate_async_fifo.FIFO_INST/XPM_FIFO_ASYNC_INST/gnuram_async_fifo.xpm_fifo_base_inst/gen_cdc_pntr.rd_pntr_cdc_dc_inst/src_gray_ff_reg[1]} \
          {lesion_i/video/hdmi_out/frontend/v_axi4s_vid_out_0/inst/COUPLER_INST/generate_async_fifo.FIFO_INST/XPM_FIFO_ASYNC_INST/gnuram_async_fifo.xpm_fifo_base_inst/gen_cdc_pntr.rd_pntr_cdc_dc_inst/src_gray_ff_reg[2]} \
          {lesion_i/video/hdmi_out/frontend/v_axi4s_vid_out_0/inst/COUPLER_INST/generate_async_fifo.FIFO_INST/XPM_FIFO_ASYNC_INST/gnuram_async_fifo.xpm_fifo_base_inst/gen_cdc_pntr.rd_pntr_cdc_dc_inst/src_gray_ff_reg[3]} \
          {lesion_i/video/hdmi_out/frontend/v_axi4s_vid_out_0/inst/COUPLER_INST/generate_async_fifo.FIFO_INST/XPM_FIFO_ASYNC_INST/gnuram_async_fifo.xpm_fifo_base_inst/gen_cdc_pntr.rd_pntr_cdc_dc_inst/src_gray_ff_reg[4]} \
          {lesion_i/video/hdmi_out/frontend/v_axi4s_vid_out_0/inst/COUPLER_INST/generate_async_fifo.FIFO_INST/XPM_FIFO_ASYNC_INST/gnuram_async_fifo.xpm_fifo_base_inst/gen_cdc_pntr.rd_pntr_cdc_dc_inst/src_gray_ff_reg[5]} \
          {lesion_i/video/hdmi_out/frontend/v_axi4s_vid_out_0/inst/COUPLER_INST/generate_async_fifo.FIFO_INST/XPM_FIFO_ASYNC_INST/gnuram_async_fifo.xpm_fifo_base_inst/gen_cdc_pntr.rd_pntr_cdc_dc_inst/src_gray_ff_reg[6]} \
          {lesion_i/video/hdmi_out/frontend/v_axi4s_vid_out_0/inst/COUPLER_INST/generate_async_fifo.FIFO_INST/XPM_FIFO_ASYNC_INST/gnuram_async_fifo.xpm_fifo_base_inst/gen_cdc_pntr.rd_pntr_cdc_dc_inst/src_gray_ff_reg[7]} \
          {lesion_i/video/hdmi_out/frontend/v_axi4s_vid_out_0/inst/COUPLER_INST/generate_async_fifo.FIFO_INST/XPM_FIFO_ASYNC_INST/gnuram_async_fifo.xpm_fifo_base_inst/gen_cdc_pntr.rd_pntr_cdc_dc_inst/src_gray_ff_reg[8]} \
          {lesion_i/video/hdmi_out/frontend/v_axi4s_vid_out_0/inst/COUPLER_INST/generate_async_fifo.FIFO_INST/XPM_FIFO_ASYNC_INST/gnuram_async_fifo.xpm_fifo_base_inst/gen_cdc_pntr.rd_pntr_cdc_dc_inst/src_gray_ff_reg[9]}]]
                                              [get_cells [list {lesion_i/video/hdmi_out/frontend/v_axi4s_vid_out_0/inst/COUPLER_INST/generate_async_fifo.FIFO_INST/XPM_FIFO_ASYNC_INST/gnuram_async_fifo.xpm_fifo_base_inst/gen_cdc_pntr.rd_pntr_cdc_dc_inst/dest_graysync_ff_reg[0][0]} \
          {lesion_i/video/hdmi_out/frontend/v_axi4s_vid_out_0/inst/COUPLER_INST/generate_async_fifo.FIFO_INST/XPM_FIFO_ASYNC_INST/gnuram_async_fifo.xpm_fifo_base_inst/gen_cdc_pntr.rd_pntr_cdc_dc_inst/dest_graysync_ff_reg[0][10]} \
          {lesion_i/video/hdmi_out/frontend/v_axi4s_vid_out_0/inst/COUPLER_INST/generate_async_fifo.FIFO_INST/XPM_FIFO_ASYNC_INST/gnuram_async_fifo.xpm_fifo_base_inst/gen_cdc_pntr.rd_pntr_cdc_dc_inst/dest_graysync_ff_reg[0][11]} \
          {lesion_i/video/hdmi_out/frontend/v_axi4s_vid_out_0/inst/COUPLER_INST/generate_async_fifo.FIFO_INST/XPM_FIFO_ASYNC_INST/gnuram_async_fifo.xpm_fifo_base_inst/gen_cdc_pntr.rd_pntr_cdc_dc_inst/dest_graysync_ff_reg[0][1]} \
          {lesion_i/video/hdmi_out/frontend/v_axi4s_vid_out_0/inst/COUPLER_INST/generate_async_fifo.FIFO_INST/XPM_FIFO_ASYNC_INST/gnuram_async_fifo.xpm_fifo_base_inst/gen_cdc_pntr.rd_pntr_cdc_dc_inst/dest_graysync_ff_reg[0][2]} \
          {lesion_i/video/hdmi_out/frontend/v_axi4s_vid_out_0/inst/COUPLER_INST/generate_async_fifo.FIFO_INST/XPM_FIFO_ASYNC_INST/gnuram_async_fifo.xpm_fifo_base_inst/gen_cdc_pntr.rd_pntr_cdc_dc_inst/dest_graysync_ff_reg[0][3]} \
          {lesion_i/video/hdmi_out/frontend/v_axi4s_vid_out_0/inst/COUPLER_INST/generate_async_fifo.FIFO_INST/XPM_FIFO_ASYNC_INST/gnuram_async_fifo.xpm_fifo_base_inst/gen_cdc_pntr.rd_pntr_cdc_dc_inst/dest_graysync_ff_reg[0][4]} \
          {lesion_i/video/hdmi_out/frontend/v_axi4s_vid_out_0/inst/COUPLER_INST/generate_async_fifo.FIFO_INST/XPM_FIFO_ASYNC_INST/gnuram_async_fifo.xpm_fifo_base_inst/gen_cdc_pntr.rd_pntr_cdc_dc_inst/dest_graysync_ff_reg[0][5]} \
          {lesion_i/video/hdmi_out/frontend/v_axi4s_vid_out_0/inst/COUPLER_INST/generate_async_fifo.FIFO_INST/XPM_FIFO_ASYNC_INST/gnuram_async_fifo.xpm_fifo_base_inst/gen_cdc_pntr.rd_pntr_cdc_dc_inst/dest_graysync_ff_reg[0][6]} \
          {lesion_i/video/hdmi_out/frontend/v_axi4s_vid_out_0/inst/COUPLER_INST/generate_async_fifo.FIFO_INST/XPM_FIFO_ASYNC_INST/gnuram_async_fifo.xpm_fifo_base_inst/gen_cdc_pntr.rd_pntr_cdc_dc_inst/dest_graysync_ff_reg[0][7]} \
          {lesion_i/video/hdmi_out/frontend/v_axi4s_vid_out_0/inst/COUPLER_INST/generate_async_fifo.FIFO_INST/XPM_FIFO_ASYNC_INST/gnuram_async_fifo.xpm_fifo_base_inst/gen_cdc_pntr.rd_pntr_cdc_dc_inst/dest_graysync_ff_reg[0][8]} \
          {lesion_i/video/hdmi_out/frontend/v_axi4s_vid_out_0/inst/COUPLER_INST/generate_async_fifo.FIFO_INST/XPM_FIFO_ASYNC_INST/gnuram_async_fifo.xpm_fifo_base_inst/gen_cdc_pntr.rd_pntr_cdc_dc_inst/dest_graysync_ff_reg[0][9]}]]
                                                                              Slow              7.000       1.106      5.894
5   43        [get_cells [list {lesion_i/video/hdmi_in/frontend/v_vid_in_axi4s_0/inst/COUPLER_INST/generate_async_fifo.FIFO_INST/XPM_FIFO_ASYNC_INST/gnuram_async_fifo.xpm_fifo_base_inst/gen_cdc_pntr.rd_pntr_cdc_inst/src_gray_ff_reg[0]} \
          {lesion_i/video/hdmi_in/frontend/v_vid_in_axi4s_0/inst/COUPLER_INST/generate_async_fifo.FIFO_INST/XPM_FIFO_ASYNC_INST/gnuram_async_fifo.xpm_fifo_base_inst/gen_cdc_pntr.rd_pntr_cdc_inst/src_gray_ff_reg[10]} \
          {lesion_i/video/hdmi_in/frontend/v_vid_in_axi4s_0/inst/COUPLER_INST/generate_async_fifo.FIFO_INST/XPM_FIFO_ASYNC_INST/gnuram_async_fifo.xpm_fifo_base_inst/gen_cdc_pntr.rd_pntr_cdc_inst/src_gray_ff_reg[11]} \
          {lesion_i/video/hdmi_in/frontend/v_vid_in_axi4s_0/inst/COUPLER_INST/generate_async_fifo.FIFO_INST/XPM_FIFO_ASYNC_INST/gnuram_async_fifo.xpm_fifo_base_inst/gen_cdc_pntr.rd_pntr_cdc_inst/src_gray_ff_reg[1]} \
          {lesion_i/video/hdmi_in/frontend/v_vid_in_axi4s_0/inst/COUPLER_INST/generate_async_fifo.FIFO_INST/XPM_FIFO_ASYNC_INST/gnuram_async_fifo.xpm_fifo_base_inst/gen_cdc_pntr.rd_pntr_cdc_inst/src_gray_ff_reg[2]} \
          {lesion_i/video/hdmi_in/frontend/v_vid_in_axi4s_0/inst/COUPLER_INST/generate_async_fifo.FIFO_INST/XPM_FIFO_ASYNC_INST/gnuram_async_fifo.xpm_fifo_base_inst/gen_cdc_pntr.rd_pntr_cdc_inst/src_gray_ff_reg[3]} \
          {lesion_i/video/hdmi_in/frontend/v_vid_in_axi4s_0/inst/COUPLER_INST/generate_async_fifo.FIFO_INST/XPM_FIFO_ASYNC_INST/gnuram_async_fifo.xpm_fifo_base_inst/gen_cdc_pntr.rd_pntr_cdc_inst/src_gray_ff_reg[4]} \
          {lesion_i/video/hdmi_in/frontend/v_vid_in_axi4s_0/inst/COUPLER_INST/generate_async_fifo.FIFO_INST/XPM_FIFO_ASYNC_INST/gnuram_async_fifo.xpm_fifo_base_inst/gen_cdc_pntr.rd_pntr_cdc_inst/src_gray_ff_reg[5]} \
          {lesion_i/video/hdmi_in/frontend/v_vid_in_axi4s_0/inst/COUPLER_INST/generate_async_fifo.FIFO_INST/XPM_FIFO_ASYNC_INST/gnuram_async_fifo.xpm_fifo_base_inst/gen_cdc_pntr.rd_pntr_cdc_inst/src_gray_ff_reg[6]} \
          {lesion_i/video/hdmi_in/frontend/v_vid_in_axi4s_0/inst/COUPLER_INST/generate_async_fifo.FIFO_INST/XPM_FIFO_ASYNC_INST/gnuram_async_fifo.xpm_fifo_base_inst/gen_cdc_pntr.rd_pntr_cdc_inst/src_gray_ff_reg[7]} \
          {lesion_i/video/hdmi_in/frontend/v_vid_in_axi4s_0/inst/COUPLER_INST/generate_async_fifo.FIFO_INST/XPM_FIFO_ASYNC_INST/gnuram_async_fifo.xpm_fifo_base_inst/gen_cdc_pntr.rd_pntr_cdc_inst/src_gray_ff_reg[8]} \
          {lesion_i/video/hdmi_in/frontend/v_vid_in_axi4s_0/inst/COUPLER_INST/generate_async_fifo.FIFO_INST/XPM_FIFO_ASYNC_INST/gnuram_async_fifo.xpm_fifo_base_inst/gen_cdc_pntr.rd_pntr_cdc_inst/src_gray_ff_reg[9]}]]
                                              [get_cells [list {lesion_i/video/hdmi_in/frontend/v_vid_in_axi4s_0/inst/COUPLER_INST/generate_async_fifo.FIFO_INST/XPM_FIFO_ASYNC_INST/gnuram_async_fifo.xpm_fifo_base_inst/gen_cdc_pntr.rd_pntr_cdc_inst/dest_graysync_ff_reg[0][0]} \
          {lesion_i/video/hdmi_in/frontend/v_vid_in_axi4s_0/inst/COUPLER_INST/generate_async_fifo.FIFO_INST/XPM_FIFO_ASYNC_INST/gnuram_async_fifo.xpm_fifo_base_inst/gen_cdc_pntr.rd_pntr_cdc_inst/dest_graysync_ff_reg[0][10]} \
          {lesion_i/video/hdmi_in/frontend/v_vid_in_axi4s_0/inst/COUPLER_INST/generate_async_fifo.FIFO_INST/XPM_FIFO_ASYNC_INST/gnuram_async_fifo.xpm_fifo_base_inst/gen_cdc_pntr.rd_pntr_cdc_inst/dest_graysync_ff_reg[0][11]} \
          {lesion_i/video/hdmi_in/frontend/v_vid_in_axi4s_0/inst/COUPLER_INST/generate_async_fifo.FIFO_INST/XPM_FIFO_ASYNC_INST/gnuram_async_fifo.xpm_fifo_base_inst/gen_cdc_pntr.rd_pntr_cdc_inst/dest_graysync_ff_reg[0][1]} \
          {lesion_i/video/hdmi_in/frontend/v_vid_in_axi4s_0/inst/COUPLER_INST/generate_async_fifo.FIFO_INST/XPM_FIFO_ASYNC_INST/gnuram_async_fifo.xpm_fifo_base_inst/gen_cdc_pntr.rd_pntr_cdc_inst/dest_graysync_ff_reg[0][2]} \
          {lesion_i/video/hdmi_in/frontend/v_vid_in_axi4s_0/inst/COUPLER_INST/generate_async_fifo.FIFO_INST/XPM_FIFO_ASYNC_INST/gnuram_async_fifo.xpm_fifo_base_inst/gen_cdc_pntr.rd_pntr_cdc_inst/dest_graysync_ff_reg[0][3]} \
          {lesion_i/video/hdmi_in/frontend/v_vid_in_axi4s_0/inst/COUPLER_INST/generate_async_fifo.FIFO_INST/XPM_FIFO_ASYNC_INST/gnuram_async_fifo.xpm_fifo_base_inst/gen_cdc_pntr.rd_pntr_cdc_inst/dest_graysync_ff_reg[0][4]} \
          {lesion_i/video/hdmi_in/frontend/v_vid_in_axi4s_0/inst/COUPLER_INST/generate_async_fifo.FIFO_INST/XPM_FIFO_ASYNC_INST/gnuram_async_fifo.xpm_fifo_base_inst/gen_cdc_pntr.rd_pntr_cdc_inst/dest_graysync_ff_reg[0][5]} \
          {lesion_i/video/hdmi_in/frontend/v_vid_in_axi4s_0/inst/COUPLER_INST/generate_async_fifo.FIFO_INST/XPM_FIFO_ASYNC_INST/gnuram_async_fifo.xpm_fifo_base_inst/gen_cdc_pntr.rd_pntr_cdc_inst/dest_graysync_ff_reg[0][6]} \
          {lesion_i/video/hdmi_in/frontend/v_vid_in_axi4s_0/inst/COUPLER_INST/generate_async_fifo.FIFO_INST/XPM_FIFO_ASYNC_INST/gnuram_async_fifo.xpm_fifo_base_inst/gen_cdc_pntr.rd_pntr_cdc_inst/dest_graysync_ff_reg[0][7]} \
          {lesion_i/video/hdmi_in/frontend/v_vid_in_axi4s_0/inst/COUPLER_INST/generate_async_fifo.FIFO_INST/XPM_FIFO_ASYNC_INST/gnuram_async_fifo.xpm_fifo_base_inst/gen_cdc_pntr.rd_pntr_cdc_inst/dest_graysync_ff_reg[0][8]} \
          {lesion_i/video/hdmi_in/frontend/v_vid_in_axi4s_0/inst/COUPLER_INST/generate_async_fifo.FIFO_INST/XPM_FIFO_ASYNC_INST/gnuram_async_fifo.xpm_fifo_base_inst/gen_cdc_pntr.rd_pntr_cdc_inst/dest_graysync_ff_reg[0][9]}]]
                                                                              Slow              7.000       0.975      6.025
6   45        [get_cells [list {lesion_i/video/hdmi_in/frontend/v_vid_in_axi4s_0/inst/COUPLER_INST/generate_async_fifo.FIFO_INST/XPM_FIFO_ASYNC_INST/gnuram_async_fifo.xpm_fifo_base_inst/gen_cdc_pntr.wr_pntr_cdc_inst/src_gray_ff_reg[0]} \
          {lesion_i/video/hdmi_in/frontend/v_vid_in_axi4s_0/inst/COUPLER_INST/generate_async_fifo.FIFO_INST/XPM_FIFO_ASYNC_INST/gnuram_async_fifo.xpm_fifo_base_inst/gen_cdc_pntr.wr_pntr_cdc_inst/src_gray_ff_reg[10]} \
          {lesion_i/video/hdmi_in/frontend/v_vid_in_axi4s_0/inst/COUPLER_INST/generate_async_fifo.FIFO_INST/XPM_FIFO_ASYNC_INST/gnuram_async_fifo.xpm_fifo_base_inst/gen_cdc_pntr.wr_pntr_cdc_inst/src_gray_ff_reg[11]} \
          {lesion_i/video/hdmi_in/frontend/v_vid_in_axi4s_0/inst/COUPLER_INST/generate_async_fifo.FIFO_INST/XPM_FIFO_ASYNC_INST/gnuram_async_fifo.xpm_fifo_base_inst/gen_cdc_pntr.wr_pntr_cdc_inst/src_gray_ff_reg[1]} \
          {lesion_i/video/hdmi_in/frontend/v_vid_in_axi4s_0/inst/COUPLER_INST/generate_async_fifo.FIFO_INST/XPM_FIFO_ASYNC_INST/gnuram_async_fifo.xpm_fifo_base_inst/gen_cdc_pntr.wr_pntr_cdc_inst/src_gray_ff_reg[2]} \
          {lesion_i/video/hdmi_in/frontend/v_vid_in_axi4s_0/inst/COUPLER_INST/generate_async_fifo.FIFO_INST/XPM_FIFO_ASYNC_INST/gnuram_async_fifo.xpm_fifo_base_inst/gen_cdc_pntr.wr_pntr_cdc_inst/src_gray_ff_reg[3]} \
          {lesion_i/video/hdmi_in/frontend/v_vid_in_axi4s_0/inst/COUPLER_INST/generate_async_fifo.FIFO_INST/XPM_FIFO_ASYNC_INST/gnuram_async_fifo.xpm_fifo_base_inst/gen_cdc_pntr.wr_pntr_cdc_inst/src_gray_ff_reg[4]} \
          {lesion_i/video/hdmi_in/frontend/v_vid_in_axi4s_0/inst/COUPLER_INST/generate_async_fifo.FIFO_INST/XPM_FIFO_ASYNC_INST/gnuram_async_fifo.xpm_fifo_base_inst/gen_cdc_pntr.wr_pntr_cdc_inst/src_gray_ff_reg[5]} \
          {lesion_i/video/hdmi_in/frontend/v_vid_in_axi4s_0/inst/COUPLER_INST/generate_async_fifo.FIFO_INST/XPM_FIFO_ASYNC_INST/gnuram_async_fifo.xpm_fifo_base_inst/gen_cdc_pntr.wr_pntr_cdc_inst/src_gray_ff_reg[6]} \
          {lesion_i/video/hdmi_in/frontend/v_vid_in_axi4s_0/inst/COUPLER_INST/generate_async_fifo.FIFO_INST/XPM_FIFO_ASYNC_INST/gnuram_async_fifo.xpm_fifo_base_inst/gen_cdc_pntr.wr_pntr_cdc_inst/src_gray_ff_reg[7]} \
          {lesion_i/video/hdmi_in/frontend/v_vid_in_axi4s_0/inst/COUPLER_INST/generate_async_fifo.FIFO_INST/XPM_FIFO_ASYNC_INST/gnuram_async_fifo.xpm_fifo_base_inst/gen_cdc_pntr.wr_pntr_cdc_inst/src_gray_ff_reg[8]} \
          {lesion_i/video/hdmi_in/frontend/v_vid_in_axi4s_0/inst/COUPLER_INST/generate_async_fifo.FIFO_INST/XPM_FIFO_ASYNC_INST/gnuram_async_fifo.xpm_fifo_base_inst/gen_cdc_pntr.wr_pntr_cdc_inst/src_gray_ff_reg[9]}]]
                                              [get_cells [list {lesion_i/video/hdmi_in/frontend/v_vid_in_axi4s_0/inst/COUPLER_INST/generate_async_fifo.FIFO_INST/XPM_FIFO_ASYNC_INST/gnuram_async_fifo.xpm_fifo_base_inst/gen_cdc_pntr.wr_pntr_cdc_inst/dest_graysync_ff_reg[0][0]} \
          {lesion_i/video/hdmi_in/frontend/v_vid_in_axi4s_0/inst/COUPLER_INST/generate_async_fifo.FIFO_INST/XPM_FIFO_ASYNC_INST/gnuram_async_fifo.xpm_fifo_base_inst/gen_cdc_pntr.wr_pntr_cdc_inst/dest_graysync_ff_reg[0][10]} \
          {lesion_i/video/hdmi_in/frontend/v_vid_in_axi4s_0/inst/COUPLER_INST/generate_async_fifo.FIFO_INST/XPM_FIFO_ASYNC_INST/gnuram_async_fifo.xpm_fifo_base_inst/gen_cdc_pntr.wr_pntr_cdc_inst/dest_graysync_ff_reg[0][11]} \
          {lesion_i/video/hdmi_in/frontend/v_vid_in_axi4s_0/inst/COUPLER_INST/generate_async_fifo.FIFO_INST/XPM_FIFO_ASYNC_INST/gnuram_async_fifo.xpm_fifo_base_inst/gen_cdc_pntr.wr_pntr_cdc_inst/dest_graysync_ff_reg[0][1]} \
          {lesion_i/video/hdmi_in/frontend/v_vid_in_axi4s_0/inst/COUPLER_INST/generate_async_fifo.FIFO_INST/XPM_FIFO_ASYNC_INST/gnuram_async_fifo.xpm_fifo_base_inst/gen_cdc_pntr.wr_pntr_cdc_inst/dest_graysync_ff_reg[0][2]} \
          {lesion_i/video/hdmi_in/frontend/v_vid_in_axi4s_0/inst/COUPLER_INST/generate_async_fifo.FIFO_INST/XPM_FIFO_ASYNC_INST/gnuram_async_fifo.xpm_fifo_base_inst/gen_cdc_pntr.wr_pntr_cdc_inst/dest_graysync_ff_reg[0][3]} \
          {lesion_i/video/hdmi_in/frontend/v_vid_in_axi4s_0/inst/COUPLER_INST/generate_async_fifo.FIFO_INST/XPM_FIFO_ASYNC_INST/gnuram_async_fifo.xpm_fifo_base_inst/gen_cdc_pntr.wr_pntr_cdc_inst/dest_graysync_ff_reg[0][4]} \
          {lesion_i/video/hdmi_in/frontend/v_vid_in_axi4s_0/inst/COUPLER_INST/generate_async_fifo.FIFO_INST/XPM_FIFO_ASYNC_INST/gnuram_async_fifo.xpm_fifo_base_inst/gen_cdc_pntr.wr_pntr_cdc_inst/dest_graysync_ff_reg[0][5]} \
          {lesion_i/video/hdmi_in/frontend/v_vid_in_axi4s_0/inst/COUPLER_INST/generate_async_fifo.FIFO_INST/XPM_FIFO_ASYNC_INST/gnuram_async_fifo.xpm_fifo_base_inst/gen_cdc_pntr.wr_pntr_cdc_inst/dest_graysync_ff_reg[0][6]} \
          {lesion_i/video/hdmi_in/frontend/v_vid_in_axi4s_0/inst/COUPLER_INST/generate_async_fifo.FIFO_INST/XPM_FIFO_ASYNC_INST/gnuram_async_fifo.xpm_fifo_base_inst/gen_cdc_pntr.wr_pntr_cdc_inst/dest_graysync_ff_reg[0][7]} \
          {lesion_i/video/hdmi_in/frontend/v_vid_in_axi4s_0/inst/COUPLER_INST/generate_async_fifo.FIFO_INST/XPM_FIFO_ASYNC_INST/gnuram_async_fifo.xpm_fifo_base_inst/gen_cdc_pntr.wr_pntr_cdc_inst/dest_graysync_ff_reg[0][8]} \
          {lesion_i/video/hdmi_in/frontend/v_vid_in_axi4s_0/inst/COUPLER_INST/generate_async_fifo.FIFO_INST/XPM_FIFO_ASYNC_INST/gnuram_async_fifo.xpm_fifo_base_inst/gen_cdc_pntr.wr_pntr_cdc_inst/dest_graysync_ff_reg[0][9]}]]
                                                                              Slow              7.000       1.090      5.910
7   47        [get_cells [list {lesion_i/video/hdmi_in/frontend/v_vid_in_axi4s_0/inst/COUPLER_INST/generate_async_fifo.FIFO_INST/XPM_FIFO_ASYNC_INST/gnuram_async_fifo.xpm_fifo_base_inst/gen_cdc_pntr.wr_pntr_cdc_dc_inst/src_gray_ff_reg[0]} \
          {lesion_i/video/hdmi_in/frontend/v_vid_in_axi4s_0/inst/COUPLER_INST/generate_async_fifo.FIFO_INST/XPM_FIFO_ASYNC_INST/gnuram_async_fifo.xpm_fifo_base_inst/gen_cdc_pntr.wr_pntr_cdc_dc_inst/src_gray_ff_reg[10]} \
          {lesion_i/video/hdmi_in/frontend/v_vid_in_axi4s_0/inst/COUPLER_INST/generate_async_fifo.FIFO_INST/XPM_FIFO_ASYNC_INST/gnuram_async_fifo.xpm_fifo_base_inst/gen_cdc_pntr.wr_pntr_cdc_dc_inst/src_gray_ff_reg[11]} \
          {lesion_i/video/hdmi_in/frontend/v_vid_in_axi4s_0/inst/COUPLER_INST/generate_async_fifo.FIFO_INST/XPM_FIFO_ASYNC_INST/gnuram_async_fifo.xpm_fifo_base_inst/gen_cdc_pntr.wr_pntr_cdc_dc_inst/src_gray_ff_reg[12]} \
          {lesion_i/video/hdmi_in/frontend/v_vid_in_axi4s_0/inst/COUPLER_INST/generate_async_fifo.FIFO_INST/XPM_FIFO_ASYNC_INST/gnuram_async_fifo.xpm_fifo_base_inst/gen_cdc_pntr.wr_pntr_cdc_dc_inst/src_gray_ff_reg[1]} \
          {lesion_i/video/hdmi_in/frontend/v_vid_in_axi4s_0/inst/COUPLER_INST/generate_async_fifo.FIFO_INST/XPM_FIFO_ASYNC_INST/gnuram_async_fifo.xpm_fifo_base_inst/gen_cdc_pntr.wr_pntr_cdc_dc_inst/src_gray_ff_reg[2]} \
          {lesion_i/video/hdmi_in/frontend/v_vid_in_axi4s_0/inst/COUPLER_INST/generate_async_fifo.FIFO_INST/XPM_FIFO_ASYNC_INST/gnuram_async_fifo.xpm_fifo_base_inst/gen_cdc_pntr.wr_pntr_cdc_dc_inst/src_gray_ff_reg[3]} \
          {lesion_i/video/hdmi_in/frontend/v_vid_in_axi4s_0/inst/COUPLER_INST/generate_async_fifo.FIFO_INST/XPM_FIFO_ASYNC_INST/gnuram_async_fifo.xpm_fifo_base_inst/gen_cdc_pntr.wr_pntr_cdc_dc_inst/src_gray_ff_reg[4]} \
          {lesion_i/video/hdmi_in/frontend/v_vid_in_axi4s_0/inst/COUPLER_INST/generate_async_fifo.FIFO_INST/XPM_FIFO_ASYNC_INST/gnuram_async_fifo.xpm_fifo_base_inst/gen_cdc_pntr.wr_pntr_cdc_dc_inst/src_gray_ff_reg[5]} \
          {lesion_i/video/hdmi_in/frontend/v_vid_in_axi4s_0/inst/COUPLER_INST/generate_async_fifo.FIFO_INST/XPM_FIFO_ASYNC_INST/gnuram_async_fifo.xpm_fifo_base_inst/gen_cdc_pntr.wr_pntr_cdc_dc_inst/src_gray_ff_reg[6]} \
          {lesion_i/video/hdmi_in/frontend/v_vid_in_axi4s_0/inst/COUPLER_INST/generate_async_fifo.FIFO_INST/XPM_FIFO_ASYNC_INST/gnuram_async_fifo.xpm_fifo_base_inst/gen_cdc_pntr.wr_pntr_cdc_dc_inst/src_gray_ff_reg[7]} \
          {lesion_i/video/hdmi_in/frontend/v_vid_in_axi4s_0/inst/COUPLER_INST/generate_async_fifo.FIFO_INST/XPM_FIFO_ASYNC_INST/gnuram_async_fifo.xpm_fifo_base_inst/gen_cdc_pntr.wr_pntr_cdc_dc_inst/src_gray_ff_reg[8]} \
          {lesion_i/video/hdmi_in/frontend/v_vid_in_axi4s_0/inst/COUPLER_INST/generate_async_fifo.FIFO_INST/XPM_FIFO_ASYNC_INST/gnuram_async_fifo.xpm_fifo_base_inst/gen_cdc_pntr.wr_pntr_cdc_dc_inst/src_gray_ff_reg[9]}]]
                                              [get_cells [list {lesion_i/video/hdmi_in/frontend/v_vid_in_axi4s_0/inst/COUPLER_INST/generate_async_fifo.FIFO_INST/XPM_FIFO_ASYNC_INST/gnuram_async_fifo.xpm_fifo_base_inst/gen_cdc_pntr.wr_pntr_cdc_dc_inst/dest_graysync_ff_reg[0][0]} \
          {lesion_i/video/hdmi_in/frontend/v_vid_in_axi4s_0/inst/COUPLER_INST/generate_async_fifo.FIFO_INST/XPM_FIFO_ASYNC_INST/gnuram_async_fifo.xpm_fifo_base_inst/gen_cdc_pntr.wr_pntr_cdc_dc_inst/dest_graysync_ff_reg[0][10]} \
          {lesion_i/video/hdmi_in/frontend/v_vid_in_axi4s_0/inst/COUPLER_INST/generate_async_fifo.FIFO_INST/XPM_FIFO_ASYNC_INST/gnuram_async_fifo.xpm_fifo_base_inst/gen_cdc_pntr.wr_pntr_cdc_dc_inst/dest_graysync_ff_reg[0][11]} \
          {lesion_i/video/hdmi_in/frontend/v_vid_in_axi4s_0/inst/COUPLER_INST/generate_async_fifo.FIFO_INST/XPM_FIFO_ASYNC_INST/gnuram_async_fifo.xpm_fifo_base_inst/gen_cdc_pntr.wr_pntr_cdc_dc_inst/dest_graysync_ff_reg[0][12]} \
          {lesion_i/video/hdmi_in/frontend/v_vid_in_axi4s_0/inst/COUPLER_INST/generate_async_fifo.FIFO_INST/XPM_FIFO_ASYNC_INST/gnuram_async_fifo.xpm_fifo_base_inst/gen_cdc_pntr.wr_pntr_cdc_dc_inst/dest_graysync_ff_reg[0][1]} \
          {lesion_i/video/hdmi_in/frontend/v_vid_in_axi4s_0/inst/COUPLER_INST/generate_async_fifo.FIFO_INST/XPM_FIFO_ASYNC_INST/gnuram_async_fifo.xpm_fifo_base_inst/gen_cdc_pntr.wr_pntr_cdc_dc_inst/dest_graysync_ff_reg[0][2]} \
          {lesion_i/video/hdmi_in/frontend/v_vid_in_axi4s_0/inst/COUPLER_INST/generate_async_fifo.FIFO_INST/XPM_FIFO_ASYNC_INST/gnuram_async_fifo.xpm_fifo_base_inst/gen_cdc_pntr.wr_pntr_cdc_dc_inst/dest_graysync_ff_reg[0][3]} \
          {lesion_i/video/hdmi_in/frontend/v_vid_in_axi4s_0/inst/COUPLER_INST/generate_async_fifo.FIFO_INST/XPM_FIFO_ASYNC_INST/gnuram_async_fifo.xpm_fifo_base_inst/gen_cdc_pntr.wr_pntr_cdc_dc_inst/dest_graysync_ff_reg[0][4]} \
          {lesion_i/video/hdmi_in/frontend/v_vid_in_axi4s_0/inst/COUPLER_INST/generate_async_fifo.FIFO_INST/XPM_FIFO_ASYNC_INST/gnuram_async_fifo.xpm_fifo_base_inst/gen_cdc_pntr.wr_pntr_cdc_dc_inst/dest_graysync_ff_reg[0][5]} \
          {lesion_i/video/hdmi_in/frontend/v_vid_in_axi4s_0/inst/COUPLER_INST/generate_async_fifo.FIFO_INST/XPM_FIFO_ASYNC_INST/gnuram_async_fifo.xpm_fifo_base_inst/gen_cdc_pntr.wr_pntr_cdc_dc_inst/dest_graysync_ff_reg[0][6]} \
          {lesion_i/video/hdmi_in/frontend/v_vid_in_axi4s_0/inst/COUPLER_INST/generate_async_fifo.FIFO_INST/XPM_FIFO_ASYNC_INST/gnuram_async_fifo.xpm_fifo_base_inst/gen_cdc_pntr.wr_pntr_cdc_dc_inst/dest_graysync_ff_reg[0][7]} \
          {lesion_i/video/hdmi_in/frontend/v_vid_in_axi4s_0/inst/COUPLER_INST/generate_async_fifo.FIFO_INST/XPM_FIFO_ASYNC_INST/gnuram_async_fifo.xpm_fifo_base_inst/gen_cdc_pntr.wr_pntr_cdc_dc_inst/dest_graysync_ff_reg[0][8]} \
          {lesion_i/video/hdmi_in/frontend/v_vid_in_axi4s_0/inst/COUPLER_INST/generate_async_fifo.FIFO_INST/XPM_FIFO_ASYNC_INST/gnuram_async_fifo.xpm_fifo_base_inst/gen_cdc_pntr.wr_pntr_cdc_dc_inst/dest_graysync_ff_reg[0][9]}]]
                                                                              Slow              7.000       1.057      5.943
8   49        [get_cells [list {lesion_i/video/hdmi_in/frontend/v_vid_in_axi4s_0/inst/COUPLER_INST/generate_async_fifo.FIFO_INST/XPM_FIFO_ASYNC_INST/gnuram_async_fifo.xpm_fifo_base_inst/gen_cdc_pntr.rd_pntr_cdc_dc_inst/src_gray_ff_reg[0]} \
          {lesion_i/video/hdmi_in/frontend/v_vid_in_axi4s_0/inst/COUPLER_INST/generate_async_fifo.FIFO_INST/XPM_FIFO_ASYNC_INST/gnuram_async_fifo.xpm_fifo_base_inst/gen_cdc_pntr.rd_pntr_cdc_dc_inst/src_gray_ff_reg[10]} \
          {lesion_i/video/hdmi_in/frontend/v_vid_in_axi4s_0/inst/COUPLER_INST/generate_async_fifo.FIFO_INST/XPM_FIFO_ASYNC_INST/gnuram_async_fifo.xpm_fifo_base_inst/gen_cdc_pntr.rd_pntr_cdc_dc_inst/src_gray_ff_reg[11]} \
          {lesion_i/video/hdmi_in/frontend/v_vid_in_axi4s_0/inst/COUPLER_INST/generate_async_fifo.FIFO_INST/XPM_FIFO_ASYNC_INST/gnuram_async_fifo.xpm_fifo_base_inst/gen_cdc_pntr.rd_pntr_cdc_dc_inst/src_gray_ff_reg[12]} \
          {lesion_i/video/hdmi_in/frontend/v_vid_in_axi4s_0/inst/COUPLER_INST/generate_async_fifo.FIFO_INST/XPM_FIFO_ASYNC_INST/gnuram_async_fifo.xpm_fifo_base_inst/gen_cdc_pntr.rd_pntr_cdc_dc_inst/src_gray_ff_reg[1]} \
          {lesion_i/video/hdmi_in/frontend/v_vid_in_axi4s_0/inst/COUPLER_INST/generate_async_fifo.FIFO_INST/XPM_FIFO_ASYNC_INST/gnuram_async_fifo.xpm_fifo_base_inst/gen_cdc_pntr.rd_pntr_cdc_dc_inst/src_gray_ff_reg[2]} \
          {lesion_i/video/hdmi_in/frontend/v_vid_in_axi4s_0/inst/COUPLER_INST/generate_async_fifo.FIFO_INST/XPM_FIFO_ASYNC_INST/gnuram_async_fifo.xpm_fifo_base_inst/gen_cdc_pntr.rd_pntr_cdc_dc_inst/src_gray_ff_reg[3]} \
          {lesion_i/video/hdmi_in/frontend/v_vid_in_axi4s_0/inst/COUPLER_INST/generate_async_fifo.FIFO_INST/XPM_FIFO_ASYNC_INST/gnuram_async_fifo.xpm_fifo_base_inst/gen_cdc_pntr.rd_pntr_cdc_dc_inst/src_gray_ff_reg[4]} \
          {lesion_i/video/hdmi_in/frontend/v_vid_in_axi4s_0/inst/COUPLER_INST/generate_async_fifo.FIFO_INST/XPM_FIFO_ASYNC_INST/gnuram_async_fifo.xpm_fifo_base_inst/gen_cdc_pntr.rd_pntr_cdc_dc_inst/src_gray_ff_reg[5]} \
          {lesion_i/video/hdmi_in/frontend/v_vid_in_axi4s_0/inst/COUPLER_INST/generate_async_fifo.FIFO_INST/XPM_FIFO_ASYNC_INST/gnuram_async_fifo.xpm_fifo_base_inst/gen_cdc_pntr.rd_pntr_cdc_dc_inst/src_gray_ff_reg[6]} \
          {lesion_i/video/hdmi_in/frontend/v_vid_in_axi4s_0/inst/COUPLER_INST/generate_async_fifo.FIFO_INST/XPM_FIFO_ASYNC_INST/gnuram_async_fifo.xpm_fifo_base_inst/gen_cdc_pntr.rd_pntr_cdc_dc_inst/src_gray_ff_reg[7]} \
          {lesion_i/video/hdmi_in/frontend/v_vid_in_axi4s_0/inst/COUPLER_INST/generate_async_fifo.FIFO_INST/XPM_FIFO_ASYNC_INST/gnuram_async_fifo.xpm_fifo_base_inst/gen_cdc_pntr.rd_pntr_cdc_dc_inst/src_gray_ff_reg[8]} \
          {lesion_i/video/hdmi_in/frontend/v_vid_in_axi4s_0/inst/COUPLER_INST/generate_async_fifo.FIFO_INST/XPM_FIFO_ASYNC_INST/gnuram_async_fifo.xpm_fifo_base_inst/gen_cdc_pntr.rd_pntr_cdc_dc_inst/src_gray_ff_reg[9]}]]
                                              [get_cells [list {lesion_i/video/hdmi_in/frontend/v_vid_in_axi4s_0/inst/COUPLER_INST/generate_async_fifo.FIFO_INST/XPM_FIFO_ASYNC_INST/gnuram_async_fifo.xpm_fifo_base_inst/gen_cdc_pntr.rd_pntr_cdc_dc_inst/dest_graysync_ff_reg[0][0]} \
          {lesion_i/video/hdmi_in/frontend/v_vid_in_axi4s_0/inst/COUPLER_INST/generate_async_fifo.FIFO_INST/XPM_FIFO_ASYNC_INST/gnuram_async_fifo.xpm_fifo_base_inst/gen_cdc_pntr.rd_pntr_cdc_dc_inst/dest_graysync_ff_reg[0][10]} \
          {lesion_i/video/hdmi_in/frontend/v_vid_in_axi4s_0/inst/COUPLER_INST/generate_async_fifo.FIFO_INST/XPM_FIFO_ASYNC_INST/gnuram_async_fifo.xpm_fifo_base_inst/gen_cdc_pntr.rd_pntr_cdc_dc_inst/dest_graysync_ff_reg[0][11]} \
          {lesion_i/video/hdmi_in/frontend/v_vid_in_axi4s_0/inst/COUPLER_INST/generate_async_fifo.FIFO_INST/XPM_FIFO_ASYNC_INST/gnuram_async_fifo.xpm_fifo_base_inst/gen_cdc_pntr.rd_pntr_cdc_dc_inst/dest_graysync_ff_reg[0][12]} \
          {lesion_i/video/hdmi_in/frontend/v_vid_in_axi4s_0/inst/COUPLER_INST/generate_async_fifo.FIFO_INST/XPM_FIFO_ASYNC_INST/gnuram_async_fifo.xpm_fifo_base_inst/gen_cdc_pntr.rd_pntr_cdc_dc_inst/dest_graysync_ff_reg[0][1]} \
          {lesion_i/video/hdmi_in/frontend/v_vid_in_axi4s_0/inst/COUPLER_INST/generate_async_fifo.FIFO_INST/XPM_FIFO_ASYNC_INST/gnuram_async_fifo.xpm_fifo_base_inst/gen_cdc_pntr.rd_pntr_cdc_dc_inst/dest_graysync_ff_reg[0][2]} \
          {lesion_i/video/hdmi_in/frontend/v_vid_in_axi4s_0/inst/COUPLER_INST/generate_async_fifo.FIFO_INST/XPM_FIFO_ASYNC_INST/gnuram_async_fifo.xpm_fifo_base_inst/gen_cdc_pntr.rd_pntr_cdc_dc_inst/dest_graysync_ff_reg[0][3]} \
          {lesion_i/video/hdmi_in/frontend/v_vid_in_axi4s_0/inst/COUPLER_INST/generate_async_fifo.FIFO_INST/XPM_FIFO_ASYNC_INST/gnuram_async_fifo.xpm_fifo_base_inst/gen_cdc_pntr.rd_pntr_cdc_dc_inst/dest_graysync_ff_reg[0][4]} \
          {lesion_i/video/hdmi_in/frontend/v_vid_in_axi4s_0/inst/COUPLER_INST/generate_async_fifo.FIFO_INST/XPM_FIFO_ASYNC_INST/gnuram_async_fifo.xpm_fifo_base_inst/gen_cdc_pntr.rd_pntr_cdc_dc_inst/dest_graysync_ff_reg[0][5]} \
          {lesion_i/video/hdmi_in/frontend/v_vid_in_axi4s_0/inst/COUPLER_INST/generate_async_fifo.FIFO_INST/XPM_FIFO_ASYNC_INST/gnuram_async_fifo.xpm_fifo_base_inst/gen_cdc_pntr.rd_pntr_cdc_dc_inst/dest_graysync_ff_reg[0][6]} \
          {lesion_i/video/hdmi_in/frontend/v_vid_in_axi4s_0/inst/COUPLER_INST/generate_async_fifo.FIFO_INST/XPM_FIFO_ASYNC_INST/gnuram_async_fifo.xpm_fifo_base_inst/gen_cdc_pntr.rd_pntr_cdc_dc_inst/dest_graysync_ff_reg[0][7]} \
          {lesion_i/video/hdmi_in/frontend/v_vid_in_axi4s_0/inst/COUPLER_INST/generate_async_fifo.FIFO_INST/XPM_FIFO_ASYNC_INST/gnuram_async_fifo.xpm_fifo_base_inst/gen_cdc_pntr.rd_pntr_cdc_dc_inst/dest_graysync_ff_reg[0][8]} \
          {lesion_i/video/hdmi_in/frontend/v_vid_in_axi4s_0/inst/COUPLER_INST/generate_async_fifo.FIFO_INST/XPM_FIFO_ASYNC_INST/gnuram_async_fifo.xpm_fifo_base_inst/gen_cdc_pntr.rd_pntr_cdc_dc_inst/dest_graysync_ff_reg[0][9]}]]
                                                                              Slow              7.000       0.917      6.083
9   51        [get_cells [list {lesion_i/video/axi_interconnect_0/m01_couplers/auto_cc/inst/gen_clock_conv.gen_async_lite_conv.clock_conv_lite_fwd_ar/handshake/src_hsdata_ff_reg[0]} {lesion_i/video/axi_interconnect_0/m01_couplers/auto_cc/inst/gen_clock_conv.gen_async_lite_conv.clock_conv_lite_fwd_ar/handshake/src_hsdata_ff_reg[1]} {lesion_i/video/axi_interconnect_0/m01_couplers/auto_cc/inst/gen_clock_conv.gen_async_lite_conv.clock_conv_lite_fwd_ar/handshake/src_hsdata_ff_reg[2]} {lesion_i/video/axi_interconnect_0/m01_couplers/auto_cc/inst/gen_clock_conv.gen_async_lite_conv.clock_conv_lite_fwd_ar/handshake/src_hsdata_ff_reg[3]} {lesion_i/video/axi_interconnect_0/m01_couplers/auto_cc/inst/gen_clock_conv.gen_async_lite_conv.clock_conv_lite_fwd_ar/handshake/src_hsdata_ff_reg[4]}]]
                                              [get_cells [list {lesion_i/video/axi_interconnect_0/m01_couplers/auto_cc/inst/gen_clock_conv.gen_async_lite_conv.clock_conv_lite_fwd_ar/handshake/dest_hsdata_ff_reg[0]} {lesion_i/video/axi_interconnect_0/m01_couplers/auto_cc/inst/gen_clock_conv.gen_async_lite_conv.clock_conv_lite_fwd_ar/handshake/dest_hsdata_ff_reg[1]} {lesion_i/video/axi_interconnect_0/m01_couplers/auto_cc/inst/gen_clock_conv.gen_async_lite_conv.clock_conv_lite_fwd_ar/handshake/dest_hsdata_ff_reg[2]} {lesion_i/video/axi_interconnect_0/m01_couplers/auto_cc/inst/gen_clock_conv.gen_async_lite_conv.clock_conv_lite_fwd_ar/handshake/dest_hsdata_ff_reg[3]} {lesion_i/video/axi_interconnect_0/m01_couplers/auto_cc/inst/gen_clock_conv.gen_async_lite_conv.clock_conv_lite_fwd_ar/handshake/dest_hsdata_ff_reg[4]}]]
                                                                              Slow             21.000       0.822     20.178
10  53        [get_cells [list {lesion_i/video/axi_interconnect_0/m01_couplers/auto_cc/inst/gen_clock_conv.gen_async_lite_conv.clock_conv_lite_fwd_aw/handshake/src_hsdata_ff_reg[3]} {lesion_i/video/axi_interconnect_0/m01_couplers/auto_cc/inst/gen_clock_conv.gen_async_lite_conv.clock_conv_lite_fwd_aw/handshake/src_hsdata_ff_reg[4]} {lesion_i/video/axi_interconnect_0/m01_couplers/auto_cc/inst/gen_clock_conv.gen_async_lite_conv.clock_conv_lite_fwd_aw/handshake/src_hsdata_ff_reg[2]}]]
                                              [get_cells [list {lesion_i/video/axi_interconnect_0/m01_couplers/auto_cc/inst/gen_clock_conv.gen_async_lite_conv.clock_conv_lite_fwd_aw/handshake/dest_hsdata_ff_reg[3]} {lesion_i/video/axi_interconnect_0/m01_couplers/auto_cc/inst/gen_clock_conv.gen_async_lite_conv.clock_conv_lite_fwd_aw/handshake/dest_hsdata_ff_reg[4]} {lesion_i/video/axi_interconnect_0/m01_couplers/auto_cc/inst/gen_clock_conv.gen_async_lite_conv.clock_conv_lite_fwd_aw/handshake/dest_hsdata_ff_reg[2]}]]
                                                                              Slow             21.000       0.752     20.248
11  55        [get_cells [list {lesion_i/video/axi_interconnect_0/m01_couplers/auto_cc/inst/gen_clock_conv.gen_async_lite_conv.clock_conv_lite_fwd_w/handshake/src_hsdata_ff_reg[0]} \
          {lesion_i/video/axi_interconnect_0/m01_couplers/auto_cc/inst/gen_clock_conv.gen_async_lite_conv.clock_conv_lite_fwd_w/handshake/src_hsdata_ff_reg[10]} \
          {lesion_i/video/axi_interconnect_0/m01_couplers/auto_cc/inst/gen_clock_conv.gen_async_lite_conv.clock_conv_lite_fwd_w/handshake/src_hsdata_ff_reg[11]} \
          {lesion_i/video/axi_interconnect_0/m01_couplers/auto_cc/inst/gen_clock_conv.gen_async_lite_conv.clock_conv_lite_fwd_w/handshake/src_hsdata_ff_reg[12]} \
          {lesion_i/video/axi_interconnect_0/m01_couplers/auto_cc/inst/gen_clock_conv.gen_async_lite_conv.clock_conv_lite_fwd_w/handshake/src_hsdata_ff_reg[13]} \
          {lesion_i/video/axi_interconnect_0/m01_couplers/auto_cc/inst/gen_clock_conv.gen_async_lite_conv.clock_conv_lite_fwd_w/handshake/src_hsdata_ff_reg[14]} \
          {lesion_i/video/axi_interconnect_0/m01_couplers/auto_cc/inst/gen_clock_conv.gen_async_lite_conv.clock_conv_lite_fwd_w/handshake/src_hsdata_ff_reg[15]} \
          {lesion_i/video/axi_interconnect_0/m01_couplers/auto_cc/inst/gen_clock_conv.gen_async_lite_conv.clock_conv_lite_fwd_w/handshake/src_hsdata_ff_reg[16]} \
          {lesion_i/video/axi_interconnect_0/m01_couplers/auto_cc/inst/gen_clock_conv.gen_async_lite_conv.clock_conv_lite_fwd_w/handshake/src_hsdata_ff_reg[17]} \
          {lesion_i/video/axi_interconnect_0/m01_couplers/auto_cc/inst/gen_clock_conv.gen_async_lite_conv.clock_conv_lite_fwd_w/handshake/src_hsdata_ff_reg[18]} \
          {lesion_i/video/axi_interconnect_0/m01_couplers/auto_cc/inst/gen_clock_conv.gen_async_lite_conv.clock_conv_lite_fwd_w/handshake/src_hsdata_ff_reg[19]} \
          {lesion_i/video/axi_interconnect_0/m01_couplers/auto_cc/inst/gen_clock_conv.gen_async_lite_conv.clock_conv_lite_fwd_w/handshake/src_hsdata_ff_reg[1]} \
          {lesion_i/video/axi_interconnect_0/m01_couplers/auto_cc/inst/gen_clock_conv.gen_async_lite_conv.clock_conv_lite_fwd_w/handshake/src_hsdata_ff_reg[20]} \
          {lesion_i/video/axi_interconnect_0/m01_couplers/auto_cc/inst/gen_clock_conv.gen_async_lite_conv.clock_conv_lite_fwd_w/handshake/src_hsdata_ff_reg[21]} \
          {lesion_i/video/axi_interconnect_0/m01_couplers/auto_cc/inst/gen_clock_conv.gen_async_lite_conv.clock_conv_lite_fwd_w/handshake/src_hsdata_ff_reg[22]} \
          {lesion_i/video/axi_interconnect_0/m01_couplers/auto_cc/inst/gen_clock_conv.gen_async_lite_conv.clock_conv_lite_fwd_w/handshake/src_hsdata_ff_reg[23]} \
          {lesion_i/video/axi_interconnect_0/m01_couplers/auto_cc/inst/gen_clock_conv.gen_async_lite_conv.clock_conv_lite_fwd_w/handshake/src_hsdata_ff_reg[24]} \
          {lesion_i/video/axi_interconnect_0/m01_couplers/auto_cc/inst/gen_clock_conv.gen_async_lite_conv.clock_conv_lite_fwd_w/handshake/src_hsdata_ff_reg[25]} \
          {lesion_i/video/axi_interconnect_0/m01_couplers/auto_cc/inst/gen_clock_conv.gen_async_lite_conv.clock_conv_lite_fwd_w/handshake/src_hsdata_ff_reg[26]} \
          {lesion_i/video/axi_interconnect_0/m01_couplers/auto_cc/inst/gen_clock_conv.gen_async_lite_conv.clock_conv_lite_fwd_w/handshake/src_hsdata_ff_reg[27]} \
          {lesion_i/video/axi_interconnect_0/m01_couplers/auto_cc/inst/gen_clock_conv.gen_async_lite_conv.clock_conv_lite_fwd_w/handshake/src_hsdata_ff_reg[28]} \
          {lesion_i/video/axi_interconnect_0/m01_couplers/auto_cc/inst/gen_clock_conv.gen_async_lite_conv.clock_conv_lite_fwd_w/handshake/src_hsdata_ff_reg[29]} \
          {lesion_i/video/axi_interconnect_0/m01_couplers/auto_cc/inst/gen_clock_conv.gen_async_lite_conv.clock_conv_lite_fwd_w/handshake/src_hsdata_ff_reg[2]} \
          {lesion_i/video/axi_interconnect_0/m01_couplers/auto_cc/inst/gen_clock_conv.gen_async_lite_conv.clock_conv_lite_fwd_w/handshake/src_hsdata_ff_reg[30]} \
          {lesion_i/video/axi_interconnect_0/m01_couplers/auto_cc/inst/gen_clock_conv.gen_async_lite_conv.clock_conv_lite_fwd_w/handshake/src_hsdata_ff_reg[31]} \
          {lesion_i/video/axi_interconnect_0/m01_couplers/auto_cc/inst/gen_clock_conv.gen_async_lite_conv.clock_conv_lite_fwd_w/handshake/src_hsdata_ff_reg[32]} \
          {lesion_i/video/axi_interconnect_0/m01_couplers/auto_cc/inst/gen_clock_conv.gen_async_lite_conv.clock_conv_lite_fwd_w/handshake/src_hsdata_ff_reg[33]} \
          {lesion_i/video/axi_interconnect_0/m01_couplers/auto_cc/inst/gen_clock_conv.gen_async_lite_conv.clock_conv_lite_fwd_w/handshake/src_hsdata_ff_reg[34]} \
          {lesion_i/video/axi_interconnect_0/m01_couplers/auto_cc/inst/gen_clock_conv.gen_async_lite_conv.clock_conv_lite_fwd_w/handshake/src_hsdata_ff_reg[35]} \
          {lesion_i/video/axi_interconnect_0/m01_couplers/auto_cc/inst/gen_clock_conv.gen_async_lite_conv.clock_conv_lite_fwd_w/handshake/src_hsdata_ff_reg[3]} \
          {lesion_i/video/axi_interconnect_0/m01_couplers/auto_cc/inst/gen_clock_conv.gen_async_lite_conv.clock_conv_lite_fwd_w/handshake/src_hsdata_ff_reg[4]} \
          {lesion_i/video/axi_interconnect_0/m01_couplers/auto_cc/inst/gen_clock_conv.gen_async_lite_conv.clock_conv_lite_fwd_w/handshake/src_hsdata_ff_reg[5]} \
          {lesion_i/video/axi_interconnect_0/m01_couplers/auto_cc/inst/gen_clock_conv.gen_async_lite_conv.clock_conv_lite_fwd_w/handshake/src_hsdata_ff_reg[6]} \
          {lesion_i/video/axi_interconnect_0/m01_couplers/auto_cc/inst/gen_clock_conv.gen_async_lite_conv.clock_conv_lite_fwd_w/handshake/src_hsdata_ff_reg[7]} \
          {lesion_i/video/axi_interconnect_0/m01_couplers/auto_cc/inst/gen_clock_conv.gen_async_lite_conv.clock_conv_lite_fwd_w/handshake/src_hsdata_ff_reg[8]} \
          {lesion_i/video/axi_interconnect_0/m01_couplers/auto_cc/inst/gen_clock_conv.gen_async_lite_conv.clock_conv_lite_fwd_w/handshake/src_hsdata_ff_reg[9]}]]
                                              [get_cells [list {lesion_i/video/axi_interconnect_0/m01_couplers/auto_cc/inst/gen_clock_conv.gen_async_lite_conv.clock_conv_lite_fwd_w/handshake/dest_hsdata_ff_reg[0]} \
          {lesion_i/video/axi_interconnect_0/m01_couplers/auto_cc/inst/gen_clock_conv.gen_async_lite_conv.clock_conv_lite_fwd_w/handshake/dest_hsdata_ff_reg[10]} \
          {lesion_i/video/axi_interconnect_0/m01_couplers/auto_cc/inst/gen_clock_conv.gen_async_lite_conv.clock_conv_lite_fwd_w/handshake/dest_hsdata_ff_reg[11]} \
          {lesion_i/video/axi_interconnect_0/m01_couplers/auto_cc/inst/gen_clock_conv.gen_async_lite_conv.clock_conv_lite_fwd_w/handshake/dest_hsdata_ff_reg[12]} \
          {lesion_i/video/axi_interconnect_0/m01_couplers/auto_cc/inst/gen_clock_conv.gen_async_lite_conv.clock_conv_lite_fwd_w/handshake/dest_hsdata_ff_reg[13]} \
          {lesion_i/video/axi_interconnect_0/m01_couplers/auto_cc/inst/gen_clock_conv.gen_async_lite_conv.clock_conv_lite_fwd_w/handshake/dest_hsdata_ff_reg[14]} \
          {lesion_i/video/axi_interconnect_0/m01_couplers/auto_cc/inst/gen_clock_conv.gen_async_lite_conv.clock_conv_lite_fwd_w/handshake/dest_hsdata_ff_reg[15]} \
          {lesion_i/video/axi_interconnect_0/m01_couplers/auto_cc/inst/gen_clock_conv.gen_async_lite_conv.clock_conv_lite_fwd_w/handshake/dest_hsdata_ff_reg[16]} \
          {lesion_i/video/axi_interconnect_0/m01_couplers/auto_cc/inst/gen_clock_conv.gen_async_lite_conv.clock_conv_lite_fwd_w/handshake/dest_hsdata_ff_reg[17]} \
          {lesion_i/video/axi_interconnect_0/m01_couplers/auto_cc/inst/gen_clock_conv.gen_async_lite_conv.clock_conv_lite_fwd_w/handshake/dest_hsdata_ff_reg[18]} \
          {lesion_i/video/axi_interconnect_0/m01_couplers/auto_cc/inst/gen_clock_conv.gen_async_lite_conv.clock_conv_lite_fwd_w/handshake/dest_hsdata_ff_reg[19]} \
          {lesion_i/video/axi_interconnect_0/m01_couplers/auto_cc/inst/gen_clock_conv.gen_async_lite_conv.clock_conv_lite_fwd_w/handshake/dest_hsdata_ff_reg[1]} \
          {lesion_i/video/axi_interconnect_0/m01_couplers/auto_cc/inst/gen_clock_conv.gen_async_lite_conv.clock_conv_lite_fwd_w/handshake/dest_hsdata_ff_reg[20]} \
          {lesion_i/video/axi_interconnect_0/m01_couplers/auto_cc/inst/gen_clock_conv.gen_async_lite_conv.clock_conv_lite_fwd_w/handshake/dest_hsdata_ff_reg[21]} \
          {lesion_i/video/axi_interconnect_0/m01_couplers/auto_cc/inst/gen_clock_conv.gen_async_lite_conv.clock_conv_lite_fwd_w/handshake/dest_hsdata_ff_reg[22]} \
          {lesion_i/video/axi_interconnect_0/m01_couplers/auto_cc/inst/gen_clock_conv.gen_async_lite_conv.clock_conv_lite_fwd_w/handshake/dest_hsdata_ff_reg[23]} \
          {lesion_i/video/axi_interconnect_0/m01_couplers/auto_cc/inst/gen_clock_conv.gen_async_lite_conv.clock_conv_lite_fwd_w/handshake/dest_hsdata_ff_reg[24]} \
          {lesion_i/video/axi_interconnect_0/m01_couplers/auto_cc/inst/gen_clock_conv.gen_async_lite_conv.clock_conv_lite_fwd_w/handshake/dest_hsdata_ff_reg[25]} \
          {lesion_i/video/axi_interconnect_0/m01_couplers/auto_cc/inst/gen_clock_conv.gen_async_lite_conv.clock_conv_lite_fwd_w/handshake/dest_hsdata_ff_reg[26]} \
          {lesion_i/video/axi_interconnect_0/m01_couplers/auto_cc/inst/gen_clock_conv.gen_async_lite_conv.clock_conv_lite_fwd_w/handshake/dest_hsdata_ff_reg[27]} \
          {lesion_i/video/axi_interconnect_0/m01_couplers/auto_cc/inst/gen_clock_conv.gen_async_lite_conv.clock_conv_lite_fwd_w/handshake/dest_hsdata_ff_reg[28]} \
          {lesion_i/video/axi_interconnect_0/m01_couplers/auto_cc/inst/gen_clock_conv.gen_async_lite_conv.clock_conv_lite_fwd_w/handshake/dest_hsdata_ff_reg[29]} \
          {lesion_i/video/axi_interconnect_0/m01_couplers/auto_cc/inst/gen_clock_conv.gen_async_lite_conv.clock_conv_lite_fwd_w/handshake/dest_hsdata_ff_reg[2]} \
          {lesion_i/video/axi_interconnect_0/m01_couplers/auto_cc/inst/gen_clock_conv.gen_async_lite_conv.clock_conv_lite_fwd_w/handshake/dest_hsdata_ff_reg[30]} \
          {lesion_i/video/axi_interconnect_0/m01_couplers/auto_cc/inst/gen_clock_conv.gen_async_lite_conv.clock_conv_lite_fwd_w/handshake/dest_hsdata_ff_reg[31]} \
          {lesion_i/video/axi_interconnect_0/m01_couplers/auto_cc/inst/gen_clock_conv.gen_async_lite_conv.clock_conv_lite_fwd_w/handshake/dest_hsdata_ff_reg[32]} \
          {lesion_i/video/axi_interconnect_0/m01_couplers/auto_cc/inst/gen_clock_conv.gen_async_lite_conv.clock_conv_lite_fwd_w/handshake/dest_hsdata_ff_reg[33]} \
          {lesion_i/video/axi_interconnect_0/m01_couplers/auto_cc/inst/gen_clock_conv.gen_async_lite_conv.clock_conv_lite_fwd_w/handshake/dest_hsdata_ff_reg[34]} \
          {lesion_i/video/axi_interconnect_0/m01_couplers/auto_cc/inst/gen_clock_conv.gen_async_lite_conv.clock_conv_lite_fwd_w/handshake/dest_hsdata_ff_reg[35]} \
          {lesion_i/video/axi_interconnect_0/m01_couplers/auto_cc/inst/gen_clock_conv.gen_async_lite_conv.clock_conv_lite_fwd_w/handshake/dest_hsdata_ff_reg[3]} \
          {lesion_i/video/axi_interconnect_0/m01_couplers/auto_cc/inst/gen_clock_conv.gen_async_lite_conv.clock_conv_lite_fwd_w/handshake/dest_hsdata_ff_reg[4]} \
          {lesion_i/video/axi_interconnect_0/m01_couplers/auto_cc/inst/gen_clock_conv.gen_async_lite_conv.clock_conv_lite_fwd_w/handshake/dest_hsdata_ff_reg[5]} \
          {lesion_i/video/axi_interconnect_0/m01_couplers/auto_cc/inst/gen_clock_conv.gen_async_lite_conv.clock_conv_lite_fwd_w/handshake/dest_hsdata_ff_reg[6]} \
          {lesion_i/video/axi_interconnect_0/m01_couplers/auto_cc/inst/gen_clock_conv.gen_async_lite_conv.clock_conv_lite_fwd_w/handshake/dest_hsdata_ff_reg[7]} \
          {lesion_i/video/axi_interconnect_0/m01_couplers/auto_cc/inst/gen_clock_conv.gen_async_lite_conv.clock_conv_lite_fwd_w/handshake/dest_hsdata_ff_reg[8]} \
          {lesion_i/video/axi_interconnect_0/m01_couplers/auto_cc/inst/gen_clock_conv.gen_async_lite_conv.clock_conv_lite_fwd_w/handshake/dest_hsdata_ff_reg[9]}]]
                                                                              Slow             21.000       1.062     19.938
12  57        [get_cells [list {lesion_i/video/axi_interconnect_0/m01_couplers/auto_cc/inst/gen_clock_conv.gen_async_lite_conv.clock_conv_lite_resp_b/handshake/src_hsdata_ff_reg[0]} {lesion_i/video/axi_interconnect_0/m01_couplers/auto_cc/inst/gen_clock_conv.gen_async_lite_conv.clock_conv_lite_resp_b/handshake/src_hsdata_ff_reg[1]}]]
                                              [get_cells [list {lesion_i/video/axi_interconnect_0/m01_couplers/auto_cc/inst/gen_clock_conv.gen_async_lite_conv.clock_conv_lite_resp_b/handshake/dest_hsdata_ff_reg[0]} {lesion_i/video/axi_interconnect_0/m01_couplers/auto_cc/inst/gen_clock_conv.gen_async_lite_conv.clock_conv_lite_resp_b/handshake/dest_hsdata_ff_reg[1]}]]
                                                                              Slow             30.000       0.600     29.400
13  59        [get_cells [list {lesion_i/video/axi_interconnect_0/m01_couplers/auto_cc/inst/gen_clock_conv.gen_async_lite_conv.clock_conv_lite_resp_r/handshake/src_hsdata_ff_reg[0]} \
          {lesion_i/video/axi_interconnect_0/m01_couplers/auto_cc/inst/gen_clock_conv.gen_async_lite_conv.clock_conv_lite_resp_r/handshake/src_hsdata_ff_reg[10]} \
          {lesion_i/video/axi_interconnect_0/m01_couplers/auto_cc/inst/gen_clock_conv.gen_async_lite_conv.clock_conv_lite_resp_r/handshake/src_hsdata_ff_reg[11]} \
          {lesion_i/video/axi_interconnect_0/m01_couplers/auto_cc/inst/gen_clock_conv.gen_async_lite_conv.clock_conv_lite_resp_r/handshake/src_hsdata_ff_reg[12]} \
          {lesion_i/video/axi_interconnect_0/m01_couplers/auto_cc/inst/gen_clock_conv.gen_async_lite_conv.clock_conv_lite_resp_r/handshake/src_hsdata_ff_reg[13]} \
          {lesion_i/video/axi_interconnect_0/m01_couplers/auto_cc/inst/gen_clock_conv.gen_async_lite_conv.clock_conv_lite_resp_r/handshake/src_hsdata_ff_reg[14]} \
          {lesion_i/video/axi_interconnect_0/m01_couplers/auto_cc/inst/gen_clock_conv.gen_async_lite_conv.clock_conv_lite_resp_r/handshake/src_hsdata_ff_reg[15]} \
          {lesion_i/video/axi_interconnect_0/m01_couplers/auto_cc/inst/gen_clock_conv.gen_async_lite_conv.clock_conv_lite_resp_r/handshake/src_hsdata_ff_reg[16]} \
          {lesion_i/video/axi_interconnect_0/m01_couplers/auto_cc/inst/gen_clock_conv.gen_async_lite_conv.clock_conv_lite_resp_r/handshake/src_hsdata_ff_reg[17]} \
          {lesion_i/video/axi_interconnect_0/m01_couplers/auto_cc/inst/gen_clock_conv.gen_async_lite_conv.clock_conv_lite_resp_r/handshake/src_hsdata_ff_reg[18]} \
          {lesion_i/video/axi_interconnect_0/m01_couplers/auto_cc/inst/gen_clock_conv.gen_async_lite_conv.clock_conv_lite_resp_r/handshake/src_hsdata_ff_reg[19]} \
          {lesion_i/video/axi_interconnect_0/m01_couplers/auto_cc/inst/gen_clock_conv.gen_async_lite_conv.clock_conv_lite_resp_r/handshake/src_hsdata_ff_reg[1]} \
          {lesion_i/video/axi_interconnect_0/m01_couplers/auto_cc/inst/gen_clock_conv.gen_async_lite_conv.clock_conv_lite_resp_r/handshake/src_hsdata_ff_reg[20]} \
          {lesion_i/video/axi_interconnect_0/m01_couplers/auto_cc/inst/gen_clock_conv.gen_async_lite_conv.clock_conv_lite_resp_r/handshake/src_hsdata_ff_reg[21]} \
          {lesion_i/video/axi_interconnect_0/m01_couplers/auto_cc/inst/gen_clock_conv.gen_async_lite_conv.clock_conv_lite_resp_r/handshake/src_hsdata_ff_reg[22]} \
          {lesion_i/video/axi_interconnect_0/m01_couplers/auto_cc/inst/gen_clock_conv.gen_async_lite_conv.clock_conv_lite_resp_r/handshake/src_hsdata_ff_reg[23]} \
          {lesion_i/video/axi_interconnect_0/m01_couplers/auto_cc/inst/gen_clock_conv.gen_async_lite_conv.clock_conv_lite_resp_r/handshake/src_hsdata_ff_reg[24]} \
          {lesion_i/video/axi_interconnect_0/m01_couplers/auto_cc/inst/gen_clock_conv.gen_async_lite_conv.clock_conv_lite_resp_r/handshake/src_hsdata_ff_reg[25]} \
          {lesion_i/video/axi_interconnect_0/m01_couplers/auto_cc/inst/gen_clock_conv.gen_async_lite_conv.clock_conv_lite_resp_r/handshake/src_hsdata_ff_reg[26]} \
          {lesion_i/video/axi_interconnect_0/m01_couplers/auto_cc/inst/gen_clock_conv.gen_async_lite_conv.clock_conv_lite_resp_r/handshake/src_hsdata_ff_reg[27]} \
          {lesion_i/video/axi_interconnect_0/m01_couplers/auto_cc/inst/gen_clock_conv.gen_async_lite_conv.clock_conv_lite_resp_r/handshake/src_hsdata_ff_reg[28]} \
          {lesion_i/video/axi_interconnect_0/m01_couplers/auto_cc/inst/gen_clock_conv.gen_async_lite_conv.clock_conv_lite_resp_r/handshake/src_hsdata_ff_reg[29]} \
          {lesion_i/video/axi_interconnect_0/m01_couplers/auto_cc/inst/gen_clock_conv.gen_async_lite_conv.clock_conv_lite_resp_r/handshake/src_hsdata_ff_reg[2]} \
          {lesion_i/video/axi_interconnect_0/m01_couplers/auto_cc/inst/gen_clock_conv.gen_async_lite_conv.clock_conv_lite_resp_r/handshake/src_hsdata_ff_reg[30]} \
          {lesion_i/video/axi_interconnect_0/m01_couplers/auto_cc/inst/gen_clock_conv.gen_async_lite_conv.clock_conv_lite_resp_r/handshake/src_hsdata_ff_reg[31]} \
          {lesion_i/video/axi_interconnect_0/m01_couplers/auto_cc/inst/gen_clock_conv.gen_async_lite_conv.clock_conv_lite_resp_r/handshake/src_hsdata_ff_reg[32]} \
          {lesion_i/video/axi_interconnect_0/m01_couplers/auto_cc/inst/gen_clock_conv.gen_async_lite_conv.clock_conv_lite_resp_r/handshake/src_hsdata_ff_reg[33]} \
          {lesion_i/video/axi_interconnect_0/m01_couplers/auto_cc/inst/gen_clock_conv.gen_async_lite_conv.clock_conv_lite_resp_r/handshake/src_hsdata_ff_reg[3]} \
          {lesion_i/video/axi_interconnect_0/m01_couplers/auto_cc/inst/gen_clock_conv.gen_async_lite_conv.clock_conv_lite_resp_r/handshake/src_hsdata_ff_reg[4]} \
          {lesion_i/video/axi_interconnect_0/m01_couplers/auto_cc/inst/gen_clock_conv.gen_async_lite_conv.clock_conv_lite_resp_r/handshake/src_hsdata_ff_reg[5]} \
          {lesion_i/video/axi_interconnect_0/m01_couplers/auto_cc/inst/gen_clock_conv.gen_async_lite_conv.clock_conv_lite_resp_r/handshake/src_hsdata_ff_reg[6]} \
          {lesion_i/video/axi_interconnect_0/m01_couplers/auto_cc/inst/gen_clock_conv.gen_async_lite_conv.clock_conv_lite_resp_r/handshake/src_hsdata_ff_reg[7]} \
          {lesion_i/video/axi_interconnect_0/m01_couplers/auto_cc/inst/gen_clock_conv.gen_async_lite_conv.clock_conv_lite_resp_r/handshake/src_hsdata_ff_reg[8]} \
          {lesion_i/video/axi_interconnect_0/m01_couplers/auto_cc/inst/gen_clock_conv.gen_async_lite_conv.clock_conv_lite_resp_r/handshake/src_hsdata_ff_reg[9]}]]
                                              [get_cells [list {lesion_i/video/axi_interconnect_0/m01_couplers/auto_cc/inst/gen_clock_conv.gen_async_lite_conv.clock_conv_lite_resp_r/handshake/dest_hsdata_ff_reg[0]} \
          {lesion_i/video/axi_interconnect_0/m01_couplers/auto_cc/inst/gen_clock_conv.gen_async_lite_conv.clock_conv_lite_resp_r/handshake/dest_hsdata_ff_reg[10]} \
          {lesion_i/video/axi_interconnect_0/m01_couplers/auto_cc/inst/gen_clock_conv.gen_async_lite_conv.clock_conv_lite_resp_r/handshake/dest_hsdata_ff_reg[11]} \
          {lesion_i/video/axi_interconnect_0/m01_couplers/auto_cc/inst/gen_clock_conv.gen_async_lite_conv.clock_conv_lite_resp_r/handshake/dest_hsdata_ff_reg[12]} \
          {lesion_i/video/axi_interconnect_0/m01_couplers/auto_cc/inst/gen_clock_conv.gen_async_lite_conv.clock_conv_lite_resp_r/handshake/dest_hsdata_ff_reg[13]} \
          {lesion_i/video/axi_interconnect_0/m01_couplers/auto_cc/inst/gen_clock_conv.gen_async_lite_conv.clock_conv_lite_resp_r/handshake/dest_hsdata_ff_reg[14]} \
          {lesion_i/video/axi_interconnect_0/m01_couplers/auto_cc/inst/gen_clock_conv.gen_async_lite_conv.clock_conv_lite_resp_r/handshake/dest_hsdata_ff_reg[15]} \
          {lesion_i/video/axi_interconnect_0/m01_couplers/auto_cc/inst/gen_clock_conv.gen_async_lite_conv.clock_conv_lite_resp_r/handshake/dest_hsdata_ff_reg[16]} \
          {lesion_i/video/axi_interconnect_0/m01_couplers/auto_cc/inst/gen_clock_conv.gen_async_lite_conv.clock_conv_lite_resp_r/handshake/dest_hsdata_ff_reg[17]} \
          {lesion_i/video/axi_interconnect_0/m01_couplers/auto_cc/inst/gen_clock_conv.gen_async_lite_conv.clock_conv_lite_resp_r/handshake/dest_hsdata_ff_reg[18]} \
          {lesion_i/video/axi_interconnect_0/m01_couplers/auto_cc/inst/gen_clock_conv.gen_async_lite_conv.clock_conv_lite_resp_r/handshake/dest_hsdata_ff_reg[19]} \
          {lesion_i/video/axi_interconnect_0/m01_couplers/auto_cc/inst/gen_clock_conv.gen_async_lite_conv.clock_conv_lite_resp_r/handshake/dest_hsdata_ff_reg[1]} \
          {lesion_i/video/axi_interconnect_0/m01_couplers/auto_cc/inst/gen_clock_conv.gen_async_lite_conv.clock_conv_lite_resp_r/handshake/dest_hsdata_ff_reg[20]} \
          {lesion_i/video/axi_interconnect_0/m01_couplers/auto_cc/inst/gen_clock_conv.gen_async_lite_conv.clock_conv_lite_resp_r/handshake/dest_hsdata_ff_reg[21]} \
          {lesion_i/video/axi_interconnect_0/m01_couplers/auto_cc/inst/gen_clock_conv.gen_async_lite_conv.clock_conv_lite_resp_r/handshake/dest_hsdata_ff_reg[22]} \
          {lesion_i/video/axi_interconnect_0/m01_couplers/auto_cc/inst/gen_clock_conv.gen_async_lite_conv.clock_conv_lite_resp_r/handshake/dest_hsdata_ff_reg[23]} \
          {lesion_i/video/axi_interconnect_0/m01_couplers/auto_cc/inst/gen_clock_conv.gen_async_lite_conv.clock_conv_lite_resp_r/handshake/dest_hsdata_ff_reg[24]} \
          {lesion_i/video/axi_interconnect_0/m01_couplers/auto_cc/inst/gen_clock_conv.gen_async_lite_conv.clock_conv_lite_resp_r/handshake/dest_hsdata_ff_reg[25]} \
          {lesion_i/video/axi_interconnect_0/m01_couplers/auto_cc/inst/gen_clock_conv.gen_async_lite_conv.clock_conv_lite_resp_r/handshake/dest_hsdata_ff_reg[26]} \
          {lesion_i/video/axi_interconnect_0/m01_couplers/auto_cc/inst/gen_clock_conv.gen_async_lite_conv.clock_conv_lite_resp_r/handshake/dest_hsdata_ff_reg[27]} \
          {lesion_i/video/axi_interconnect_0/m01_couplers/auto_cc/inst/gen_clock_conv.gen_async_lite_conv.clock_conv_lite_resp_r/handshake/dest_hsdata_ff_reg[28]} \
          {lesion_i/video/axi_interconnect_0/m01_couplers/auto_cc/inst/gen_clock_conv.gen_async_lite_conv.clock_conv_lite_resp_r/handshake/dest_hsdata_ff_reg[29]} \
          {lesion_i/video/axi_interconnect_0/m01_couplers/auto_cc/inst/gen_clock_conv.gen_async_lite_conv.clock_conv_lite_resp_r/handshake/dest_hsdata_ff_reg[2]} \
          {lesion_i/video/axi_interconnect_0/m01_couplers/auto_cc/inst/gen_clock_conv.gen_async_lite_conv.clock_conv_lite_resp_r/handshake/dest_hsdata_ff_reg[30]} \
          {lesion_i/video/axi_interconnect_0/m01_couplers/auto_cc/inst/gen_clock_conv.gen_async_lite_conv.clock_conv_lite_resp_r/handshake/dest_hsdata_ff_reg[31]} \
          {lesion_i/video/axi_interconnect_0/m01_couplers/auto_cc/inst/gen_clock_conv.gen_async_lite_conv.clock_conv_lite_resp_r/handshake/dest_hsdata_ff_reg[32]} \
          {lesion_i/video/axi_interconnect_0/m01_couplers/auto_cc/inst/gen_clock_conv.gen_async_lite_conv.clock_conv_lite_resp_r/handshake/dest_hsdata_ff_reg[33]} \
          {lesion_i/video/axi_interconnect_0/m01_couplers/auto_cc/inst/gen_clock_conv.gen_async_lite_conv.clock_conv_lite_resp_r/handshake/dest_hsdata_ff_reg[3]} \
          {lesion_i/video/axi_interconnect_0/m01_couplers/auto_cc/inst/gen_clock_conv.gen_async_lite_conv.clock_conv_lite_resp_r/handshake/dest_hsdata_ff_reg[4]} \
          {lesion_i/video/axi_interconnect_0/m01_couplers/auto_cc/inst/gen_clock_conv.gen_async_lite_conv.clock_conv_lite_resp_r/handshake/dest_hsdata_ff_reg[5]} \
          {lesion_i/video/axi_interconnect_0/m01_couplers/auto_cc/inst/gen_clock_conv.gen_async_lite_conv.clock_conv_lite_resp_r/handshake/dest_hsdata_ff_reg[6]} \
          {lesion_i/video/axi_interconnect_0/m01_couplers/auto_cc/inst/gen_clock_conv.gen_async_lite_conv.clock_conv_lite_resp_r/handshake/dest_hsdata_ff_reg[7]} \
          {lesion_i/video/axi_interconnect_0/m01_couplers/auto_cc/inst/gen_clock_conv.gen_async_lite_conv.clock_conv_lite_resp_r/handshake/dest_hsdata_ff_reg[8]} \
          {lesion_i/video/axi_interconnect_0/m01_couplers/auto_cc/inst/gen_clock_conv.gen_async_lite_conv.clock_conv_lite_resp_r/handshake/dest_hsdata_ff_reg[9]}]]
                                                                              Slow             30.000       1.053     28.947
14  61        [get_cells [list {lesion_i/video/axi_interconnect_0/m02_couplers/auto_cc/inst/gen_clock_conv.gen_async_lite_conv.clock_conv_lite_fwd_ar/handshake/src_hsdata_ff_reg[0]} {lesion_i/video/axi_interconnect_0/m02_couplers/auto_cc/inst/gen_clock_conv.gen_async_lite_conv.clock_conv_lite_fwd_ar/handshake/src_hsdata_ff_reg[1]} {lesion_i/video/axi_interconnect_0/m02_couplers/auto_cc/inst/gen_clock_conv.gen_async_lite_conv.clock_conv_lite_fwd_ar/handshake/src_hsdata_ff_reg[2]} {lesion_i/video/axi_interconnect_0/m02_couplers/auto_cc/inst/gen_clock_conv.gen_async_lite_conv.clock_conv_lite_fwd_ar/handshake/src_hsdata_ff_reg[3]} {lesion_i/video/axi_interconnect_0/m02_couplers/auto_cc/inst/gen_clock_conv.gen_async_lite_conv.clock_conv_lite_fwd_ar/handshake/src_hsdata_ff_reg[4]} {lesion_i/video/axi_interconnect_0/m02_couplers/auto_cc/inst/gen_clock_conv.gen_async_lite_conv.clock_conv_lite_fwd_ar/handshake/src_hsdata_ff_reg[5]} {lesion_i/video/axi_interconnect_0/m02_couplers/auto_cc/inst/gen_clock_conv.gen_async_lite_conv.clock_conv_lite_fwd_ar/handshake/src_hsdata_ff_reg[6]}]]
                                              [get_cells [list {lesion_i/video/axi_interconnect_0/m02_couplers/auto_cc/inst/gen_clock_conv.gen_async_lite_conv.clock_conv_lite_fwd_ar/handshake/dest_hsdata_ff_reg[0]} {lesion_i/video/axi_interconnect_0/m02_couplers/auto_cc/inst/gen_clock_conv.gen_async_lite_conv.clock_conv_lite_fwd_ar/handshake/dest_hsdata_ff_reg[1]} {lesion_i/video/axi_interconnect_0/m02_couplers/auto_cc/inst/gen_clock_conv.gen_async_lite_conv.clock_conv_lite_fwd_ar/handshake/dest_hsdata_ff_reg[2]} {lesion_i/video/axi_interconnect_0/m02_couplers/auto_cc/inst/gen_clock_conv.gen_async_lite_conv.clock_conv_lite_fwd_ar/handshake/dest_hsdata_ff_reg[3]} {lesion_i/video/axi_interconnect_0/m02_couplers/auto_cc/inst/gen_clock_conv.gen_async_lite_conv.clock_conv_lite_fwd_ar/handshake/dest_hsdata_ff_reg[4]} {lesion_i/video/axi_interconnect_0/m02_couplers/auto_cc/inst/gen_clock_conv.gen_async_lite_conv.clock_conv_lite_fwd_ar/handshake/dest_hsdata_ff_reg[5]} {lesion_i/video/axi_interconnect_0/m02_couplers/auto_cc/inst/gen_clock_conv.gen_async_lite_conv.clock_conv_lite_fwd_ar/handshake/dest_hsdata_ff_reg[6]}]]
                                                                              Slow             21.000       0.915     20.085
15  63        [get_cells [list {lesion_i/video/axi_interconnect_0/m02_couplers/auto_cc/inst/gen_clock_conv.gen_async_lite_conv.clock_conv_lite_fwd_aw/handshake/src_hsdata_ff_reg[5]} {lesion_i/video/axi_interconnect_0/m02_couplers/auto_cc/inst/gen_clock_conv.gen_async_lite_conv.clock_conv_lite_fwd_aw/handshake/src_hsdata_ff_reg[6]} {lesion_i/video/axi_interconnect_0/m02_couplers/auto_cc/inst/gen_clock_conv.gen_async_lite_conv.clock_conv_lite_fwd_aw/handshake/src_hsdata_ff_reg[2]} {lesion_i/video/axi_interconnect_0/m02_couplers/auto_cc/inst/gen_clock_conv.gen_async_lite_conv.clock_conv_lite_fwd_aw/handshake/src_hsdata_ff_reg[3]} {lesion_i/video/axi_interconnect_0/m02_couplers/auto_cc/inst/gen_clock_conv.gen_async_lite_conv.clock_conv_lite_fwd_aw/handshake/src_hsdata_ff_reg[4]}]]
                                              [get_cells [list {lesion_i/video/axi_interconnect_0/m02_couplers/auto_cc/inst/gen_clock_conv.gen_async_lite_conv.clock_conv_lite_fwd_aw/handshake/dest_hsdata_ff_reg[5]} {lesion_i/video/axi_interconnect_0/m02_couplers/auto_cc/inst/gen_clock_conv.gen_async_lite_conv.clock_conv_lite_fwd_aw/handshake/dest_hsdata_ff_reg[6]} {lesion_i/video/axi_interconnect_0/m02_couplers/auto_cc/inst/gen_clock_conv.gen_async_lite_conv.clock_conv_lite_fwd_aw/handshake/dest_hsdata_ff_reg[2]} {lesion_i/video/axi_interconnect_0/m02_couplers/auto_cc/inst/gen_clock_conv.gen_async_lite_conv.clock_conv_lite_fwd_aw/handshake/dest_hsdata_ff_reg[3]} {lesion_i/video/axi_interconnect_0/m02_couplers/auto_cc/inst/gen_clock_conv.gen_async_lite_conv.clock_conv_lite_fwd_aw/handshake/dest_hsdata_ff_reg[4]}]]
                                                                              Slow             21.000       0.639     20.361
16  65        [get_cells [list {lesion_i/video/axi_interconnect_0/m02_couplers/auto_cc/inst/gen_clock_conv.gen_async_lite_conv.clock_conv_lite_fwd_w/handshake/src_hsdata_ff_reg[0]} \
          {lesion_i/video/axi_interconnect_0/m02_couplers/auto_cc/inst/gen_clock_conv.gen_async_lite_conv.clock_conv_lite_fwd_w/handshake/src_hsdata_ff_reg[9]} \
          {lesion_i/video/axi_interconnect_0/m02_couplers/auto_cc/inst/gen_clock_conv.gen_async_lite_conv.clock_conv_lite_fwd_w/handshake/src_hsdata_ff_reg[8]} \
          {lesion_i/video/axi_interconnect_0/m02_couplers/auto_cc/inst/gen_clock_conv.gen_async_lite_conv.clock_conv_lite_fwd_w/handshake/src_hsdata_ff_reg[7]} \
          {lesion_i/video/axi_interconnect_0/m02_couplers/auto_cc/inst/gen_clock_conv.gen_async_lite_conv.clock_conv_lite_fwd_w/handshake/src_hsdata_ff_reg[6]} \
          {lesion_i/video/axi_interconnect_0/m02_couplers/auto_cc/inst/gen_clock_conv.gen_async_lite_conv.clock_conv_lite_fwd_w/handshake/src_hsdata_ff_reg[5]} \
          {lesion_i/video/axi_interconnect_0/m02_couplers/auto_cc/inst/gen_clock_conv.gen_async_lite_conv.clock_conv_lite_fwd_w/handshake/src_hsdata_ff_reg[4]} \
          {lesion_i/video/axi_interconnect_0/m02_couplers/auto_cc/inst/gen_clock_conv.gen_async_lite_conv.clock_conv_lite_fwd_w/handshake/src_hsdata_ff_reg[3]} \
          {lesion_i/video/axi_interconnect_0/m02_couplers/auto_cc/inst/gen_clock_conv.gen_async_lite_conv.clock_conv_lite_fwd_w/handshake/src_hsdata_ff_reg[32]} \
          {lesion_i/video/axi_interconnect_0/m02_couplers/auto_cc/inst/gen_clock_conv.gen_async_lite_conv.clock_conv_lite_fwd_w/handshake/src_hsdata_ff_reg[2]} \
          {lesion_i/video/axi_interconnect_0/m02_couplers/auto_cc/inst/gen_clock_conv.gen_async_lite_conv.clock_conv_lite_fwd_w/handshake/src_hsdata_ff_reg[33]} \
          {lesion_i/video/axi_interconnect_0/m02_couplers/auto_cc/inst/gen_clock_conv.gen_async_lite_conv.clock_conv_lite_fwd_w/handshake/src_hsdata_ff_reg[1]}]]
                                              [get_cells [list {lesion_i/video/axi_interconnect_0/m02_couplers/auto_cc/inst/gen_clock_conv.gen_async_lite_conv.clock_conv_lite_fwd_w/handshake/dest_hsdata_ff_reg[0]} \
          {lesion_i/video/axi_interconnect_0/m02_couplers/auto_cc/inst/gen_clock_conv.gen_async_lite_conv.clock_conv_lite_fwd_w/handshake/dest_hsdata_ff_reg[9]} \
          {lesion_i/video/axi_interconnect_0/m02_couplers/auto_cc/inst/gen_clock_conv.gen_async_lite_conv.clock_conv_lite_fwd_w/handshake/dest_hsdata_ff_reg[8]} \
          {lesion_i/video/axi_interconnect_0/m02_couplers/auto_cc/inst/gen_clock_conv.gen_async_lite_conv.clock_conv_lite_fwd_w/handshake/dest_hsdata_ff_reg[7]} \
          {lesion_i/video/axi_interconnect_0/m02_couplers/auto_cc/inst/gen_clock_conv.gen_async_lite_conv.clock_conv_lite_fwd_w/handshake/dest_hsdata_ff_reg[6]} \
          {lesion_i/video/axi_interconnect_0/m02_couplers/auto_cc/inst/gen_clock_conv.gen_async_lite_conv.clock_conv_lite_fwd_w/handshake/dest_hsdata_ff_reg[5]} \
          {lesion_i/video/axi_interconnect_0/m02_couplers/auto_cc/inst/gen_clock_conv.gen_async_lite_conv.clock_conv_lite_fwd_w/handshake/dest_hsdata_ff_reg[4]} \
          {lesion_i/video/axi_interconnect_0/m02_couplers/auto_cc/inst/gen_clock_conv.gen_async_lite_conv.clock_conv_lite_fwd_w/handshake/dest_hsdata_ff_reg[3]} \
          {lesion_i/video/axi_interconnect_0/m02_couplers/auto_cc/inst/gen_clock_conv.gen_async_lite_conv.clock_conv_lite_fwd_w/handshake/dest_hsdata_ff_reg[32]} \
          {lesion_i/video/axi_interconnect_0/m02_couplers/auto_cc/inst/gen_clock_conv.gen_async_lite_conv.clock_conv_lite_fwd_w/handshake/dest_hsdata_ff_reg[2]} \
          {lesion_i/video/axi_interconnect_0/m02_couplers/auto_cc/inst/gen_clock_conv.gen_async_lite_conv.clock_conv_lite_fwd_w/handshake/dest_hsdata_ff_reg[33]} \
          {lesion_i/video/axi_interconnect_0/m02_couplers/auto_cc/inst/gen_clock_conv.gen_async_lite_conv.clock_conv_lite_fwd_w/handshake/dest_hsdata_ff_reg[1]}]]
                                                                              Slow             21.000       0.694     20.306
17  67        [get_cells [list {lesion_i/video/axi_interconnect_0/m02_couplers/auto_cc/inst/gen_clock_conv.gen_async_lite_conv.clock_conv_lite_resp_b/handshake/src_hsdata_ff_reg[0]} {lesion_i/video/axi_interconnect_0/m02_couplers/auto_cc/inst/gen_clock_conv.gen_async_lite_conv.clock_conv_lite_resp_b/handshake/src_hsdata_ff_reg[1]}]]
                                              [get_cells [list {lesion_i/video/axi_interconnect_0/m02_couplers/auto_cc/inst/gen_clock_conv.gen_async_lite_conv.clock_conv_lite_resp_b/handshake/dest_hsdata_ff_reg[0]} {lesion_i/video/axi_interconnect_0/m02_couplers/auto_cc/inst/gen_clock_conv.gen_async_lite_conv.clock_conv_lite_resp_b/handshake/dest_hsdata_ff_reg[1]}]]
                                                                              Slow             30.000       0.789     29.211
18  69        [get_cells [list {lesion_i/video/axi_interconnect_0/m02_couplers/auto_cc/inst/gen_clock_conv.gen_async_lite_conv.clock_conv_lite_resp_r/handshake/src_hsdata_ff_reg[0]} \
          {lesion_i/video/axi_interconnect_0/m02_couplers/auto_cc/inst/gen_clock_conv.gen_async_lite_conv.clock_conv_lite_resp_r/handshake/src_hsdata_ff_reg[10]} \
          {lesion_i/video/axi_interconnect_0/m02_couplers/auto_cc/inst/gen_clock_conv.gen_async_lite_conv.clock_conv_lite_resp_r/handshake/src_hsdata_ff_reg[11]} \
          {lesion_i/video/axi_interconnect_0/m02_couplers/auto_cc/inst/gen_clock_conv.gen_async_lite_conv.clock_conv_lite_resp_r/handshake/src_hsdata_ff_reg[12]} \
          {lesion_i/video/axi_interconnect_0/m02_couplers/auto_cc/inst/gen_clock_conv.gen_async_lite_conv.clock_conv_lite_resp_r/handshake/src_hsdata_ff_reg[13]} \
          {lesion_i/video/axi_interconnect_0/m02_couplers/auto_cc/inst/gen_clock_conv.gen_async_lite_conv.clock_conv_lite_resp_r/handshake/src_hsdata_ff_reg[14]} \
          {lesion_i/video/axi_interconnect_0/m02_couplers/auto_cc/inst/gen_clock_conv.gen_async_lite_conv.clock_conv_lite_resp_r/handshake/src_hsdata_ff_reg[15]} \
          {lesion_i/video/axi_interconnect_0/m02_couplers/auto_cc/inst/gen_clock_conv.gen_async_lite_conv.clock_conv_lite_resp_r/handshake/src_hsdata_ff_reg[16]} \
          {lesion_i/video/axi_interconnect_0/m02_couplers/auto_cc/inst/gen_clock_conv.gen_async_lite_conv.clock_conv_lite_resp_r/handshake/src_hsdata_ff_reg[17]} \
          {lesion_i/video/axi_interconnect_0/m02_couplers/auto_cc/inst/gen_clock_conv.gen_async_lite_conv.clock_conv_lite_resp_r/handshake/src_hsdata_ff_reg[18]} \
          {lesion_i/video/axi_interconnect_0/m02_couplers/auto_cc/inst/gen_clock_conv.gen_async_lite_conv.clock_conv_lite_resp_r/handshake/src_hsdata_ff_reg[19]} \
          {lesion_i/video/axi_interconnect_0/m02_couplers/auto_cc/inst/gen_clock_conv.gen_async_lite_conv.clock_conv_lite_resp_r/handshake/src_hsdata_ff_reg[1]} \
          {lesion_i/video/axi_interconnect_0/m02_couplers/auto_cc/inst/gen_clock_conv.gen_async_lite_conv.clock_conv_lite_resp_r/handshake/src_hsdata_ff_reg[20]} \
          {lesion_i/video/axi_interconnect_0/m02_couplers/auto_cc/inst/gen_clock_conv.gen_async_lite_conv.clock_conv_lite_resp_r/handshake/src_hsdata_ff_reg[21]} \
          {lesion_i/video/axi_interconnect_0/m02_couplers/auto_cc/inst/gen_clock_conv.gen_async_lite_conv.clock_conv_lite_resp_r/handshake/src_hsdata_ff_reg[22]} \
          {lesion_i/video/axi_interconnect_0/m02_couplers/auto_cc/inst/gen_clock_conv.gen_async_lite_conv.clock_conv_lite_resp_r/handshake/src_hsdata_ff_reg[23]} \
          {lesion_i/video/axi_interconnect_0/m02_couplers/auto_cc/inst/gen_clock_conv.gen_async_lite_conv.clock_conv_lite_resp_r/handshake/src_hsdata_ff_reg[24]} \
          {lesion_i/video/axi_interconnect_0/m02_couplers/auto_cc/inst/gen_clock_conv.gen_async_lite_conv.clock_conv_lite_resp_r/handshake/src_hsdata_ff_reg[25]} \
          {lesion_i/video/axi_interconnect_0/m02_couplers/auto_cc/inst/gen_clock_conv.gen_async_lite_conv.clock_conv_lite_resp_r/handshake/src_hsdata_ff_reg[26]} \
          {lesion_i/video/axi_interconnect_0/m02_couplers/auto_cc/inst/gen_clock_conv.gen_async_lite_conv.clock_conv_lite_resp_r/handshake/src_hsdata_ff_reg[27]} \
          {lesion_i/video/axi_interconnect_0/m02_couplers/auto_cc/inst/gen_clock_conv.gen_async_lite_conv.clock_conv_lite_resp_r/handshake/src_hsdata_ff_reg[28]} \
          {lesion_i/video/axi_interconnect_0/m02_couplers/auto_cc/inst/gen_clock_conv.gen_async_lite_conv.clock_conv_lite_resp_r/handshake/src_hsdata_ff_reg[29]} \
          {lesion_i/video/axi_interconnect_0/m02_couplers/auto_cc/inst/gen_clock_conv.gen_async_lite_conv.clock_conv_lite_resp_r/handshake/src_hsdata_ff_reg[2]} \
          {lesion_i/video/axi_interconnect_0/m02_couplers/auto_cc/inst/gen_clock_conv.gen_async_lite_conv.clock_conv_lite_resp_r/handshake/src_hsdata_ff_reg[30]} \
          {lesion_i/video/axi_interconnect_0/m02_couplers/auto_cc/inst/gen_clock_conv.gen_async_lite_conv.clock_conv_lite_resp_r/handshake/src_hsdata_ff_reg[31]} \
          {lesion_i/video/axi_interconnect_0/m02_couplers/auto_cc/inst/gen_clock_conv.gen_async_lite_conv.clock_conv_lite_resp_r/handshake/src_hsdata_ff_reg[32]} \
          {lesion_i/video/axi_interconnect_0/m02_couplers/auto_cc/inst/gen_clock_conv.gen_async_lite_conv.clock_conv_lite_resp_r/handshake/src_hsdata_ff_reg[33]} \
          {lesion_i/video/axi_interconnect_0/m02_couplers/auto_cc/inst/gen_clock_conv.gen_async_lite_conv.clock_conv_lite_resp_r/handshake/src_hsdata_ff_reg[3]} \
          {lesion_i/video/axi_interconnect_0/m02_couplers/auto_cc/inst/gen_clock_conv.gen_async_lite_conv.clock_conv_lite_resp_r/handshake/src_hsdata_ff_reg[4]} \
          {lesion_i/video/axi_interconnect_0/m02_couplers/auto_cc/inst/gen_clock_conv.gen_async_lite_conv.clock_conv_lite_resp_r/handshake/src_hsdata_ff_reg[5]} \
          {lesion_i/video/axi_interconnect_0/m02_couplers/auto_cc/inst/gen_clock_conv.gen_async_lite_conv.clock_conv_lite_resp_r/handshake/src_hsdata_ff_reg[6]} \
          {lesion_i/video/axi_interconnect_0/m02_couplers/auto_cc/inst/gen_clock_conv.gen_async_lite_conv.clock_conv_lite_resp_r/handshake/src_hsdata_ff_reg[7]} \
          {lesion_i/video/axi_interconnect_0/m02_couplers/auto_cc/inst/gen_clock_conv.gen_async_lite_conv.clock_conv_lite_resp_r/handshake/src_hsdata_ff_reg[8]} \
          {lesion_i/video/axi_interconnect_0/m02_couplers/auto_cc/inst/gen_clock_conv.gen_async_lite_conv.clock_conv_lite_resp_r/handshake/src_hsdata_ff_reg[9]}]]
                                              [get_cells [list {lesion_i/video/axi_interconnect_0/m02_couplers/auto_cc/inst/gen_clock_conv.gen_async_lite_conv.clock_conv_lite_resp_r/handshake/dest_hsdata_ff_reg[0]} \
          {lesion_i/video/axi_interconnect_0/m02_couplers/auto_cc/inst/gen_clock_conv.gen_async_lite_conv.clock_conv_lite_resp_r/handshake/dest_hsdata_ff_reg[10]} \
          {lesion_i/video/axi_interconnect_0/m02_couplers/auto_cc/inst/gen_clock_conv.gen_async_lite_conv.clock_conv_lite_resp_r/handshake/dest_hsdata_ff_reg[11]} \
          {lesion_i/video/axi_interconnect_0/m02_couplers/auto_cc/inst/gen_clock_conv.gen_async_lite_conv.clock_conv_lite_resp_r/handshake/dest_hsdata_ff_reg[12]} \
          {lesion_i/video/axi_interconnect_0/m02_couplers/auto_cc/inst/gen_clock_conv.gen_async_lite_conv.clock_conv_lite_resp_r/handshake/dest_hsdata_ff_reg[13]} \
          {lesion_i/video/axi_interconnect_0/m02_couplers/auto_cc/inst/gen_clock_conv.gen_async_lite_conv.clock_conv_lite_resp_r/handshake/dest_hsdata_ff_reg[14]} \
          {lesion_i/video/axi_interconnect_0/m02_couplers/auto_cc/inst/gen_clock_conv.gen_async_lite_conv.clock_conv_lite_resp_r/handshake/dest_hsdata_ff_reg[15]} \
          {lesion_i/video/axi_interconnect_0/m02_couplers/auto_cc/inst/gen_clock_conv.gen_async_lite_conv.clock_conv_lite_resp_r/handshake/dest_hsdata_ff_reg[16]} \
          {lesion_i/video/axi_interconnect_0/m02_couplers/auto_cc/inst/gen_clock_conv.gen_async_lite_conv.clock_conv_lite_resp_r/handshake/dest_hsdata_ff_reg[17]} \
          {lesion_i/video/axi_interconnect_0/m02_couplers/auto_cc/inst/gen_clock_conv.gen_async_lite_conv.clock_conv_lite_resp_r/handshake/dest_hsdata_ff_reg[18]} \
          {lesion_i/video/axi_interconnect_0/m02_couplers/auto_cc/inst/gen_clock_conv.gen_async_lite_conv.clock_conv_lite_resp_r/handshake/dest_hsdata_ff_reg[19]} \
          {lesion_i/video/axi_interconnect_0/m02_couplers/auto_cc/inst/gen_clock_conv.gen_async_lite_conv.clock_conv_lite_resp_r/handshake/dest_hsdata_ff_reg[1]} \
          {lesion_i/video/axi_interconnect_0/m02_couplers/auto_cc/inst/gen_clock_conv.gen_async_lite_conv.clock_conv_lite_resp_r/handshake/dest_hsdata_ff_reg[20]} \
          {lesion_i/video/axi_interconnect_0/m02_couplers/auto_cc/inst/gen_clock_conv.gen_async_lite_conv.clock_conv_lite_resp_r/handshake/dest_hsdata_ff_reg[21]} \
          {lesion_i/video/axi_interconnect_0/m02_couplers/auto_cc/inst/gen_clock_conv.gen_async_lite_conv.clock_conv_lite_resp_r/handshake/dest_hsdata_ff_reg[22]} \
          {lesion_i/video/axi_interconnect_0/m02_couplers/auto_cc/inst/gen_clock_conv.gen_async_lite_conv.clock_conv_lite_resp_r/handshake/dest_hsdata_ff_reg[23]} \
          {lesion_i/video/axi_interconnect_0/m02_couplers/auto_cc/inst/gen_clock_conv.gen_async_lite_conv.clock_conv_lite_resp_r/handshake/dest_hsdata_ff_reg[24]} \
          {lesion_i/video/axi_interconnect_0/m02_couplers/auto_cc/inst/gen_clock_conv.gen_async_lite_conv.clock_conv_lite_resp_r/handshake/dest_hsdata_ff_reg[25]} \
          {lesion_i/video/axi_interconnect_0/m02_couplers/auto_cc/inst/gen_clock_conv.gen_async_lite_conv.clock_conv_lite_resp_r/handshake/dest_hsdata_ff_reg[26]} \
          {lesion_i/video/axi_interconnect_0/m02_couplers/auto_cc/inst/gen_clock_conv.gen_async_lite_conv.clock_conv_lite_resp_r/handshake/dest_hsdata_ff_reg[27]} \
          {lesion_i/video/axi_interconnect_0/m02_couplers/auto_cc/inst/gen_clock_conv.gen_async_lite_conv.clock_conv_lite_resp_r/handshake/dest_hsdata_ff_reg[28]} \
          {lesion_i/video/axi_interconnect_0/m02_couplers/auto_cc/inst/gen_clock_conv.gen_async_lite_conv.clock_conv_lite_resp_r/handshake/dest_hsdata_ff_reg[29]} \
          {lesion_i/video/axi_interconnect_0/m02_couplers/auto_cc/inst/gen_clock_conv.gen_async_lite_conv.clock_conv_lite_resp_r/handshake/dest_hsdata_ff_reg[2]} \
          {lesion_i/video/axi_interconnect_0/m02_couplers/auto_cc/inst/gen_clock_conv.gen_async_lite_conv.clock_conv_lite_resp_r/handshake/dest_hsdata_ff_reg[30]} \
          {lesion_i/video/axi_interconnect_0/m02_couplers/auto_cc/inst/gen_clock_conv.gen_async_lite_conv.clock_conv_lite_resp_r/handshake/dest_hsdata_ff_reg[31]} \
          {lesion_i/video/axi_interconnect_0/m02_couplers/auto_cc/inst/gen_clock_conv.gen_async_lite_conv.clock_conv_lite_resp_r/handshake/dest_hsdata_ff_reg[32]} \
          {lesion_i/video/axi_interconnect_0/m02_couplers/auto_cc/inst/gen_clock_conv.gen_async_lite_conv.clock_conv_lite_resp_r/handshake/dest_hsdata_ff_reg[33]} \
          {lesion_i/video/axi_interconnect_0/m02_couplers/auto_cc/inst/gen_clock_conv.gen_async_lite_conv.clock_conv_lite_resp_r/handshake/dest_hsdata_ff_reg[3]} \
          {lesion_i/video/axi_interconnect_0/m02_couplers/auto_cc/inst/gen_clock_conv.gen_async_lite_conv.clock_conv_lite_resp_r/handshake/dest_hsdata_ff_reg[4]} \
          {lesion_i/video/axi_interconnect_0/m02_couplers/auto_cc/inst/gen_clock_conv.gen_async_lite_conv.clock_conv_lite_resp_r/handshake/dest_hsdata_ff_reg[5]} \
          {lesion_i/video/axi_interconnect_0/m02_couplers/auto_cc/inst/gen_clock_conv.gen_async_lite_conv.clock_conv_lite_resp_r/handshake/dest_hsdata_ff_reg[6]} \
          {lesion_i/video/axi_interconnect_0/m02_couplers/auto_cc/inst/gen_clock_conv.gen_async_lite_conv.clock_conv_lite_resp_r/handshake/dest_hsdata_ff_reg[7]} \
          {lesion_i/video/axi_interconnect_0/m02_couplers/auto_cc/inst/gen_clock_conv.gen_async_lite_conv.clock_conv_lite_resp_r/handshake/dest_hsdata_ff_reg[8]} \
          {lesion_i/video/axi_interconnect_0/m02_couplers/auto_cc/inst/gen_clock_conv.gen_async_lite_conv.clock_conv_lite_resp_r/handshake/dest_hsdata_ff_reg[9]}]]
                                                                              Slow             30.000       1.186     28.814
19  71        [get_cells [list {lesion_i/video/axi_interconnect_0/m06_couplers/auto_cc/inst/gen_clock_conv.gen_async_lite_conv.clock_conv_lite_fwd_ar/handshake/src_hsdata_ff_reg[0]} {lesion_i/video/axi_interconnect_0/m06_couplers/auto_cc/inst/gen_clock_conv.gen_async_lite_conv.clock_conv_lite_fwd_ar/handshake/src_hsdata_ff_reg[1]} {lesion_i/video/axi_interconnect_0/m06_couplers/auto_cc/inst/gen_clock_conv.gen_async_lite_conv.clock_conv_lite_fwd_ar/handshake/src_hsdata_ff_reg[2]} {lesion_i/video/axi_interconnect_0/m06_couplers/auto_cc/inst/gen_clock_conv.gen_async_lite_conv.clock_conv_lite_fwd_ar/handshake/src_hsdata_ff_reg[3]} {lesion_i/video/axi_interconnect_0/m06_couplers/auto_cc/inst/gen_clock_conv.gen_async_lite_conv.clock_conv_lite_fwd_ar/handshake/src_hsdata_ff_reg[4]} {lesion_i/video/axi_interconnect_0/m06_couplers/auto_cc/inst/gen_clock_conv.gen_async_lite_conv.clock_conv_lite_fwd_ar/handshake/src_hsdata_ff_reg[5]} {lesion_i/video/axi_interconnect_0/m06_couplers/auto_cc/inst/gen_clock_conv.gen_async_lite_conv.clock_conv_lite_fwd_ar/handshake/src_hsdata_ff_reg[6]}]]
                                              [get_cells [list {lesion_i/video/axi_interconnect_0/m06_couplers/auto_cc/inst/gen_clock_conv.gen_async_lite_conv.clock_conv_lite_fwd_ar/handshake/dest_hsdata_ff_reg[0]} {lesion_i/video/axi_interconnect_0/m06_couplers/auto_cc/inst/gen_clock_conv.gen_async_lite_conv.clock_conv_lite_fwd_ar/handshake/dest_hsdata_ff_reg[1]} {lesion_i/video/axi_interconnect_0/m06_couplers/auto_cc/inst/gen_clock_conv.gen_async_lite_conv.clock_conv_lite_fwd_ar/handshake/dest_hsdata_ff_reg[2]} {lesion_i/video/axi_interconnect_0/m06_couplers/auto_cc/inst/gen_clock_conv.gen_async_lite_conv.clock_conv_lite_fwd_ar/handshake/dest_hsdata_ff_reg[3]} {lesion_i/video/axi_interconnect_0/m06_couplers/auto_cc/inst/gen_clock_conv.gen_async_lite_conv.clock_conv_lite_fwd_ar/handshake/dest_hsdata_ff_reg[4]} {lesion_i/video/axi_interconnect_0/m06_couplers/auto_cc/inst/gen_clock_conv.gen_async_lite_conv.clock_conv_lite_fwd_ar/handshake/dest_hsdata_ff_reg[5]} {lesion_i/video/axi_interconnect_0/m06_couplers/auto_cc/inst/gen_clock_conv.gen_async_lite_conv.clock_conv_lite_fwd_ar/handshake/dest_hsdata_ff_reg[6]}]]
                                                                              Slow             21.000       0.910     20.090
20  73        [get_cells [list {lesion_i/video/axi_interconnect_0/m06_couplers/auto_cc/inst/gen_clock_conv.gen_async_lite_conv.clock_conv_lite_fwd_aw/handshake/src_hsdata_ff_reg[5]} {lesion_i/video/axi_interconnect_0/m06_couplers/auto_cc/inst/gen_clock_conv.gen_async_lite_conv.clock_conv_lite_fwd_aw/handshake/src_hsdata_ff_reg[6]} {lesion_i/video/axi_interconnect_0/m06_couplers/auto_cc/inst/gen_clock_conv.gen_async_lite_conv.clock_conv_lite_fwd_aw/handshake/src_hsdata_ff_reg[2]} {lesion_i/video/axi_interconnect_0/m06_couplers/auto_cc/inst/gen_clock_conv.gen_async_lite_conv.clock_conv_lite_fwd_aw/handshake/src_hsdata_ff_reg[3]} {lesion_i/video/axi_interconnect_0/m06_couplers/auto_cc/inst/gen_clock_conv.gen_async_lite_conv.clock_conv_lite_fwd_aw/handshake/src_hsdata_ff_reg[4]}]]
                                              [get_cells [list {lesion_i/video/axi_interconnect_0/m06_couplers/auto_cc/inst/gen_clock_conv.gen_async_lite_conv.clock_conv_lite_fwd_aw/handshake/dest_hsdata_ff_reg[5]} {lesion_i/video/axi_interconnect_0/m06_couplers/auto_cc/inst/gen_clock_conv.gen_async_lite_conv.clock_conv_lite_fwd_aw/handshake/dest_hsdata_ff_reg[6]} {lesion_i/video/axi_interconnect_0/m06_couplers/auto_cc/inst/gen_clock_conv.gen_async_lite_conv.clock_conv_lite_fwd_aw/handshake/dest_hsdata_ff_reg[2]} {lesion_i/video/axi_interconnect_0/m06_couplers/auto_cc/inst/gen_clock_conv.gen_async_lite_conv.clock_conv_lite_fwd_aw/handshake/dest_hsdata_ff_reg[3]} {lesion_i/video/axi_interconnect_0/m06_couplers/auto_cc/inst/gen_clock_conv.gen_async_lite_conv.clock_conv_lite_fwd_aw/handshake/dest_hsdata_ff_reg[4]}]]
                                                                              Slow             21.000       0.890     20.110
21  75        [get_cells [list {lesion_i/video/axi_interconnect_0/m06_couplers/auto_cc/inst/gen_clock_conv.gen_async_lite_conv.clock_conv_lite_fwd_w/handshake/src_hsdata_ff_reg[0]} \
          {lesion_i/video/axi_interconnect_0/m06_couplers/auto_cc/inst/gen_clock_conv.gen_async_lite_conv.clock_conv_lite_fwd_w/handshake/src_hsdata_ff_reg[9]} \
          {lesion_i/video/axi_interconnect_0/m06_couplers/auto_cc/inst/gen_clock_conv.gen_async_lite_conv.clock_conv_lite_fwd_w/handshake/src_hsdata_ff_reg[8]} \
          {lesion_i/video/axi_interconnect_0/m06_couplers/auto_cc/inst/gen_clock_conv.gen_async_lite_conv.clock_conv_lite_fwd_w/handshake/src_hsdata_ff_reg[7]} \
          {lesion_i/video/axi_interconnect_0/m06_couplers/auto_cc/inst/gen_clock_conv.gen_async_lite_conv.clock_conv_lite_fwd_w/handshake/src_hsdata_ff_reg[6]} \
          {lesion_i/video/axi_interconnect_0/m06_couplers/auto_cc/inst/gen_clock_conv.gen_async_lite_conv.clock_conv_lite_fwd_w/handshake/src_hsdata_ff_reg[5]} \
          {lesion_i/video/axi_interconnect_0/m06_couplers/auto_cc/inst/gen_clock_conv.gen_async_lite_conv.clock_conv_lite_fwd_w/handshake/src_hsdata_ff_reg[4]} \
          {lesion_i/video/axi_interconnect_0/m06_couplers/auto_cc/inst/gen_clock_conv.gen_async_lite_conv.clock_conv_lite_fwd_w/handshake/src_hsdata_ff_reg[3]} \
          {lesion_i/video/axi_interconnect_0/m06_couplers/auto_cc/inst/gen_clock_conv.gen_async_lite_conv.clock_conv_lite_fwd_w/handshake/src_hsdata_ff_reg[32]} \
          {lesion_i/video/axi_interconnect_0/m06_couplers/auto_cc/inst/gen_clock_conv.gen_async_lite_conv.clock_conv_lite_fwd_w/handshake/src_hsdata_ff_reg[2]} \
          {lesion_i/video/axi_interconnect_0/m06_couplers/auto_cc/inst/gen_clock_conv.gen_async_lite_conv.clock_conv_lite_fwd_w/handshake/src_hsdata_ff_reg[33]} \
          {lesion_i/video/axi_interconnect_0/m06_couplers/auto_cc/inst/gen_clock_conv.gen_async_lite_conv.clock_conv_lite_fwd_w/handshake/src_hsdata_ff_reg[1]}]]
                                              [get_cells [list {lesion_i/video/axi_interconnect_0/m06_couplers/auto_cc/inst/gen_clock_conv.gen_async_lite_conv.clock_conv_lite_fwd_w/handshake/dest_hsdata_ff_reg[0]} \
          {lesion_i/video/axi_interconnect_0/m06_couplers/auto_cc/inst/gen_clock_conv.gen_async_lite_conv.clock_conv_lite_fwd_w/handshake/dest_hsdata_ff_reg[9]} \
          {lesion_i/video/axi_interconnect_0/m06_couplers/auto_cc/inst/gen_clock_conv.gen_async_lite_conv.clock_conv_lite_fwd_w/handshake/dest_hsdata_ff_reg[8]} \
          {lesion_i/video/axi_interconnect_0/m06_couplers/auto_cc/inst/gen_clock_conv.gen_async_lite_conv.clock_conv_lite_fwd_w/handshake/dest_hsdata_ff_reg[7]} \
          {lesion_i/video/axi_interconnect_0/m06_couplers/auto_cc/inst/gen_clock_conv.gen_async_lite_conv.clock_conv_lite_fwd_w/handshake/dest_hsdata_ff_reg[6]} \
          {lesion_i/video/axi_interconnect_0/m06_couplers/auto_cc/inst/gen_clock_conv.gen_async_lite_conv.clock_conv_lite_fwd_w/handshake/dest_hsdata_ff_reg[5]} \
          {lesion_i/video/axi_interconnect_0/m06_couplers/auto_cc/inst/gen_clock_conv.gen_async_lite_conv.clock_conv_lite_fwd_w/handshake/dest_hsdata_ff_reg[4]} \
          {lesion_i/video/axi_interconnect_0/m06_couplers/auto_cc/inst/gen_clock_conv.gen_async_lite_conv.clock_conv_lite_fwd_w/handshake/dest_hsdata_ff_reg[3]} \
          {lesion_i/video/axi_interconnect_0/m06_couplers/auto_cc/inst/gen_clock_conv.gen_async_lite_conv.clock_conv_lite_fwd_w/handshake/dest_hsdata_ff_reg[32]} \
          {lesion_i/video/axi_interconnect_0/m06_couplers/auto_cc/inst/gen_clock_conv.gen_async_lite_conv.clock_conv_lite_fwd_w/handshake/dest_hsdata_ff_reg[2]} \
          {lesion_i/video/axi_interconnect_0/m06_couplers/auto_cc/inst/gen_clock_conv.gen_async_lite_conv.clock_conv_lite_fwd_w/handshake/dest_hsdata_ff_reg[33]} \
          {lesion_i/video/axi_interconnect_0/m06_couplers/auto_cc/inst/gen_clock_conv.gen_async_lite_conv.clock_conv_lite_fwd_w/handshake/dest_hsdata_ff_reg[1]}]]
                                                                              Slow             21.000       1.046     19.954
22  77        [get_cells [list {lesion_i/video/axi_interconnect_0/m06_couplers/auto_cc/inst/gen_clock_conv.gen_async_lite_conv.clock_conv_lite_resp_b/handshake/src_hsdata_ff_reg[0]} {lesion_i/video/axi_interconnect_0/m06_couplers/auto_cc/inst/gen_clock_conv.gen_async_lite_conv.clock_conv_lite_resp_b/handshake/src_hsdata_ff_reg[1]}]]
                                              [get_cells [list {lesion_i/video/axi_interconnect_0/m06_couplers/auto_cc/inst/gen_clock_conv.gen_async_lite_conv.clock_conv_lite_resp_b/handshake/dest_hsdata_ff_reg[0]} {lesion_i/video/axi_interconnect_0/m06_couplers/auto_cc/inst/gen_clock_conv.gen_async_lite_conv.clock_conv_lite_resp_b/handshake/dest_hsdata_ff_reg[1]}]]
                                                                              Slow             30.000       0.742     29.258
23  79        [get_cells [list {lesion_i/video/axi_interconnect_0/m06_couplers/auto_cc/inst/gen_clock_conv.gen_async_lite_conv.clock_conv_lite_resp_r/handshake/src_hsdata_ff_reg[0]} \
          {lesion_i/video/axi_interconnect_0/m06_couplers/auto_cc/inst/gen_clock_conv.gen_async_lite_conv.clock_conv_lite_resp_r/handshake/src_hsdata_ff_reg[10]} \
          {lesion_i/video/axi_interconnect_0/m06_couplers/auto_cc/inst/gen_clock_conv.gen_async_lite_conv.clock_conv_lite_resp_r/handshake/src_hsdata_ff_reg[11]} \
          {lesion_i/video/axi_interconnect_0/m06_couplers/auto_cc/inst/gen_clock_conv.gen_async_lite_conv.clock_conv_lite_resp_r/handshake/src_hsdata_ff_reg[12]} \
          {lesion_i/video/axi_interconnect_0/m06_couplers/auto_cc/inst/gen_clock_conv.gen_async_lite_conv.clock_conv_lite_resp_r/handshake/src_hsdata_ff_reg[13]} \
          {lesion_i/video/axi_interconnect_0/m06_couplers/auto_cc/inst/gen_clock_conv.gen_async_lite_conv.clock_conv_lite_resp_r/handshake/src_hsdata_ff_reg[14]} \
          {lesion_i/video/axi_interconnect_0/m06_couplers/auto_cc/inst/gen_clock_conv.gen_async_lite_conv.clock_conv_lite_resp_r/handshake/src_hsdata_ff_reg[15]} \
          {lesion_i/video/axi_interconnect_0/m06_couplers/auto_cc/inst/gen_clock_conv.gen_async_lite_conv.clock_conv_lite_resp_r/handshake/src_hsdata_ff_reg[16]} \
          {lesion_i/video/axi_interconnect_0/m06_couplers/auto_cc/inst/gen_clock_conv.gen_async_lite_conv.clock_conv_lite_resp_r/handshake/src_hsdata_ff_reg[17]} \
          {lesion_i/video/axi_interconnect_0/m06_couplers/auto_cc/inst/gen_clock_conv.gen_async_lite_conv.clock_conv_lite_resp_r/handshake/src_hsdata_ff_reg[18]} \
          {lesion_i/video/axi_interconnect_0/m06_couplers/auto_cc/inst/gen_clock_conv.gen_async_lite_conv.clock_conv_lite_resp_r/handshake/src_hsdata_ff_reg[19]} \
          {lesion_i/video/axi_interconnect_0/m06_couplers/auto_cc/inst/gen_clock_conv.gen_async_lite_conv.clock_conv_lite_resp_r/handshake/src_hsdata_ff_reg[1]} \
          {lesion_i/video/axi_interconnect_0/m06_couplers/auto_cc/inst/gen_clock_conv.gen_async_lite_conv.clock_conv_lite_resp_r/handshake/src_hsdata_ff_reg[20]} \
          {lesion_i/video/axi_interconnect_0/m06_couplers/auto_cc/inst/gen_clock_conv.gen_async_lite_conv.clock_conv_lite_resp_r/handshake/src_hsdata_ff_reg[21]} \
          {lesion_i/video/axi_interconnect_0/m06_couplers/auto_cc/inst/gen_clock_conv.gen_async_lite_conv.clock_conv_lite_resp_r/handshake/src_hsdata_ff_reg[22]} \
          {lesion_i/video/axi_interconnect_0/m06_couplers/auto_cc/inst/gen_clock_conv.gen_async_lite_conv.clock_conv_lite_resp_r/handshake/src_hsdata_ff_reg[23]} \
          {lesion_i/video/axi_interconnect_0/m06_couplers/auto_cc/inst/gen_clock_conv.gen_async_lite_conv.clock_conv_lite_resp_r/handshake/src_hsdata_ff_reg[24]} \
          {lesion_i/video/axi_interconnect_0/m06_couplers/auto_cc/inst/gen_clock_conv.gen_async_lite_conv.clock_conv_lite_resp_r/handshake/src_hsdata_ff_reg[25]} \
          {lesion_i/video/axi_interconnect_0/m06_couplers/auto_cc/inst/gen_clock_conv.gen_async_lite_conv.clock_conv_lite_resp_r/handshake/src_hsdata_ff_reg[26]} \
          {lesion_i/video/axi_interconnect_0/m06_couplers/auto_cc/inst/gen_clock_conv.gen_async_lite_conv.clock_conv_lite_resp_r/handshake/src_hsdata_ff_reg[27]} \
          {lesion_i/video/axi_interconnect_0/m06_couplers/auto_cc/inst/gen_clock_conv.gen_async_lite_conv.clock_conv_lite_resp_r/handshake/src_hsdata_ff_reg[28]} \
          {lesion_i/video/axi_interconnect_0/m06_couplers/auto_cc/inst/gen_clock_conv.gen_async_lite_conv.clock_conv_lite_resp_r/handshake/src_hsdata_ff_reg[29]} \
          {lesion_i/video/axi_interconnect_0/m06_couplers/auto_cc/inst/gen_clock_conv.gen_async_lite_conv.clock_conv_lite_resp_r/handshake/src_hsdata_ff_reg[2]} \
          {lesion_i/video/axi_interconnect_0/m06_couplers/auto_cc/inst/gen_clock_conv.gen_async_lite_conv.clock_conv_lite_resp_r/handshake/src_hsdata_ff_reg[30]} \
          {lesion_i/video/axi_interconnect_0/m06_couplers/auto_cc/inst/gen_clock_conv.gen_async_lite_conv.clock_conv_lite_resp_r/handshake/src_hsdata_ff_reg[31]} \
          {lesion_i/video/axi_interconnect_0/m06_couplers/auto_cc/inst/gen_clock_conv.gen_async_lite_conv.clock_conv_lite_resp_r/handshake/src_hsdata_ff_reg[32]} \
          {lesion_i/video/axi_interconnect_0/m06_couplers/auto_cc/inst/gen_clock_conv.gen_async_lite_conv.clock_conv_lite_resp_r/handshake/src_hsdata_ff_reg[33]} \
          {lesion_i/video/axi_interconnect_0/m06_couplers/auto_cc/inst/gen_clock_conv.gen_async_lite_conv.clock_conv_lite_resp_r/handshake/src_hsdata_ff_reg[3]} \
          {lesion_i/video/axi_interconnect_0/m06_couplers/auto_cc/inst/gen_clock_conv.gen_async_lite_conv.clock_conv_lite_resp_r/handshake/src_hsdata_ff_reg[4]} \
          {lesion_i/video/axi_interconnect_0/m06_couplers/auto_cc/inst/gen_clock_conv.gen_async_lite_conv.clock_conv_lite_resp_r/handshake/src_hsdata_ff_reg[5]} \
          {lesion_i/video/axi_interconnect_0/m06_couplers/auto_cc/inst/gen_clock_conv.gen_async_lite_conv.clock_conv_lite_resp_r/handshake/src_hsdata_ff_reg[6]} \
          {lesion_i/video/axi_interconnect_0/m06_couplers/auto_cc/inst/gen_clock_conv.gen_async_lite_conv.clock_conv_lite_resp_r/handshake/src_hsdata_ff_reg[7]} \
          {lesion_i/video/axi_interconnect_0/m06_couplers/auto_cc/inst/gen_clock_conv.gen_async_lite_conv.clock_conv_lite_resp_r/handshake/src_hsdata_ff_reg[8]} \
          {lesion_i/video/axi_interconnect_0/m06_couplers/auto_cc/inst/gen_clock_conv.gen_async_lite_conv.clock_conv_lite_resp_r/handshake/src_hsdata_ff_reg[9]}]]
                                              [get_cells [list {lesion_i/video/axi_interconnect_0/m06_couplers/auto_cc/inst/gen_clock_conv.gen_async_lite_conv.clock_conv_lite_resp_r/handshake/dest_hsdata_ff_reg[0]} \
          {lesion_i/video/axi_interconnect_0/m06_couplers/auto_cc/inst/gen_clock_conv.gen_async_lite_conv.clock_conv_lite_resp_r/handshake/dest_hsdata_ff_reg[10]} \
          {lesion_i/video/axi_interconnect_0/m06_couplers/auto_cc/inst/gen_clock_conv.gen_async_lite_conv.clock_conv_lite_resp_r/handshake/dest_hsdata_ff_reg[11]} \
          {lesion_i/video/axi_interconnect_0/m06_couplers/auto_cc/inst/gen_clock_conv.gen_async_lite_conv.clock_conv_lite_resp_r/handshake/dest_hsdata_ff_reg[12]} \
          {lesion_i/video/axi_interconnect_0/m06_couplers/auto_cc/inst/gen_clock_conv.gen_async_lite_conv.clock_conv_lite_resp_r/handshake/dest_hsdata_ff_reg[13]} \
          {lesion_i/video/axi_interconnect_0/m06_couplers/auto_cc/inst/gen_clock_conv.gen_async_lite_conv.clock_conv_lite_resp_r/handshake/dest_hsdata_ff_reg[14]} \
          {lesion_i/video/axi_interconnect_0/m06_couplers/auto_cc/inst/gen_clock_conv.gen_async_lite_conv.clock_conv_lite_resp_r/handshake/dest_hsdata_ff_reg[15]} \
          {lesion_i/video/axi_interconnect_0/m06_couplers/auto_cc/inst/gen_clock_conv.gen_async_lite_conv.clock_conv_lite_resp_r/handshake/dest_hsdata_ff_reg[16]} \
          {lesion_i/video/axi_interconnect_0/m06_couplers/auto_cc/inst/gen_clock_conv.gen_async_lite_conv.clock_conv_lite_resp_r/handshake/dest_hsdata_ff_reg[17]} \
          {lesion_i/video/axi_interconnect_0/m06_couplers/auto_cc/inst/gen_clock_conv.gen_async_lite_conv.clock_conv_lite_resp_r/handshake/dest_hsdata_ff_reg[18]} \
          {lesion_i/video/axi_interconnect_0/m06_couplers/auto_cc/inst/gen_clock_conv.gen_async_lite_conv.clock_conv_lite_resp_r/handshake/dest_hsdata_ff_reg[19]} \
          {lesion_i/video/axi_interconnect_0/m06_couplers/auto_cc/inst/gen_clock_conv.gen_async_lite_conv.clock_conv_lite_resp_r/handshake/dest_hsdata_ff_reg[1]} \
          {lesion_i/video/axi_interconnect_0/m06_couplers/auto_cc/inst/gen_clock_conv.gen_async_lite_conv.clock_conv_lite_resp_r/handshake/dest_hsdata_ff_reg[20]} \
          {lesion_i/video/axi_interconnect_0/m06_couplers/auto_cc/inst/gen_clock_conv.gen_async_lite_conv.clock_conv_lite_resp_r/handshake/dest_hsdata_ff_reg[21]} \
          {lesion_i/video/axi_interconnect_0/m06_couplers/auto_cc/inst/gen_clock_conv.gen_async_lite_conv.clock_conv_lite_resp_r/handshake/dest_hsdata_ff_reg[22]} \
          {lesion_i/video/axi_interconnect_0/m06_couplers/auto_cc/inst/gen_clock_conv.gen_async_lite_conv.clock_conv_lite_resp_r/handshake/dest_hsdata_ff_reg[23]} \
          {lesion_i/video/axi_interconnect_0/m06_couplers/auto_cc/inst/gen_clock_conv.gen_async_lite_conv.clock_conv_lite_resp_r/handshake/dest_hsdata_ff_reg[24]} \
          {lesion_i/video/axi_interconnect_0/m06_couplers/auto_cc/inst/gen_clock_conv.gen_async_lite_conv.clock_conv_lite_resp_r/handshake/dest_hsdata_ff_reg[25]} \
          {lesion_i/video/axi_interconnect_0/m06_couplers/auto_cc/inst/gen_clock_conv.gen_async_lite_conv.clock_conv_lite_resp_r/handshake/dest_hsdata_ff_reg[26]} \
          {lesion_i/video/axi_interconnect_0/m06_couplers/auto_cc/inst/gen_clock_conv.gen_async_lite_conv.clock_conv_lite_resp_r/handshake/dest_hsdata_ff_reg[27]} \
          {lesion_i/video/axi_interconnect_0/m06_couplers/auto_cc/inst/gen_clock_conv.gen_async_lite_conv.clock_conv_lite_resp_r/handshake/dest_hsdata_ff_reg[28]} \
          {lesion_i/video/axi_interconnect_0/m06_couplers/auto_cc/inst/gen_clock_conv.gen_async_lite_conv.clock_conv_lite_resp_r/handshake/dest_hsdata_ff_reg[29]} \
          {lesion_i/video/axi_interconnect_0/m06_couplers/auto_cc/inst/gen_clock_conv.gen_async_lite_conv.clock_conv_lite_resp_r/handshake/dest_hsdata_ff_reg[2]} \
          {lesion_i/video/axi_interconnect_0/m06_couplers/auto_cc/inst/gen_clock_conv.gen_async_lite_conv.clock_conv_lite_resp_r/handshake/dest_hsdata_ff_reg[30]} \
          {lesion_i/video/axi_interconnect_0/m06_couplers/auto_cc/inst/gen_clock_conv.gen_async_lite_conv.clock_conv_lite_resp_r/handshake/dest_hsdata_ff_reg[31]} \
          {lesion_i/video/axi_interconnect_0/m06_couplers/auto_cc/inst/gen_clock_conv.gen_async_lite_conv.clock_conv_lite_resp_r/handshake/dest_hsdata_ff_reg[32]} \
          {lesion_i/video/axi_interconnect_0/m06_couplers/auto_cc/inst/gen_clock_conv.gen_async_lite_conv.clock_conv_lite_resp_r/handshake/dest_hsdata_ff_reg[33]} \
          {lesion_i/video/axi_interconnect_0/m06_couplers/auto_cc/inst/gen_clock_conv.gen_async_lite_conv.clock_conv_lite_resp_r/handshake/dest_hsdata_ff_reg[3]} \
          {lesion_i/video/axi_interconnect_0/m06_couplers/auto_cc/inst/gen_clock_conv.gen_async_lite_conv.clock_conv_lite_resp_r/handshake/dest_hsdata_ff_reg[4]} \
          {lesion_i/video/axi_interconnect_0/m06_couplers/auto_cc/inst/gen_clock_conv.gen_async_lite_conv.clock_conv_lite_resp_r/handshake/dest_hsdata_ff_reg[5]} \
          {lesion_i/video/axi_interconnect_0/m06_couplers/auto_cc/inst/gen_clock_conv.gen_async_lite_conv.clock_conv_lite_resp_r/handshake/dest_hsdata_ff_reg[6]} \
          {lesion_i/video/axi_interconnect_0/m06_couplers/auto_cc/inst/gen_clock_conv.gen_async_lite_conv.clock_conv_lite_resp_r/handshake/dest_hsdata_ff_reg[7]} \
          {lesion_i/video/axi_interconnect_0/m06_couplers/auto_cc/inst/gen_clock_conv.gen_async_lite_conv.clock_conv_lite_resp_r/handshake/dest_hsdata_ff_reg[8]} \
          {lesion_i/video/axi_interconnect_0/m06_couplers/auto_cc/inst/gen_clock_conv.gen_async_lite_conv.clock_conv_lite_resp_r/handshake/dest_hsdata_ff_reg[9]}]]
                                                                              Slow             30.000       1.318     28.682
24  81        [get_cells [list {lesion_i/video/axi_interconnect_0/m07_couplers/auto_cc/inst/gen_clock_conv.gen_async_lite_conv.clock_conv_lite_fwd_ar/handshake/src_hsdata_ff_reg[0]} {lesion_i/video/axi_interconnect_0/m07_couplers/auto_cc/inst/gen_clock_conv.gen_async_lite_conv.clock_conv_lite_fwd_ar/handshake/src_hsdata_ff_reg[1]} {lesion_i/video/axi_interconnect_0/m07_couplers/auto_cc/inst/gen_clock_conv.gen_async_lite_conv.clock_conv_lite_fwd_ar/handshake/src_hsdata_ff_reg[2]} {lesion_i/video/axi_interconnect_0/m07_couplers/auto_cc/inst/gen_clock_conv.gen_async_lite_conv.clock_conv_lite_fwd_ar/handshake/src_hsdata_ff_reg[3]} {lesion_i/video/axi_interconnect_0/m07_couplers/auto_cc/inst/gen_clock_conv.gen_async_lite_conv.clock_conv_lite_fwd_ar/handshake/src_hsdata_ff_reg[4]}]]
                                              [get_cells [list {lesion_i/video/axi_interconnect_0/m07_couplers/auto_cc/inst/gen_clock_conv.gen_async_lite_conv.clock_conv_lite_fwd_ar/handshake/dest_hsdata_ff_reg[0]} {lesion_i/video/axi_interconnect_0/m07_couplers/auto_cc/inst/gen_clock_conv.gen_async_lite_conv.clock_conv_lite_fwd_ar/handshake/dest_hsdata_ff_reg[1]} {lesion_i/video/axi_interconnect_0/m07_couplers/auto_cc/inst/gen_clock_conv.gen_async_lite_conv.clock_conv_lite_fwd_ar/handshake/dest_hsdata_ff_reg[2]} {lesion_i/video/axi_interconnect_0/m07_couplers/auto_cc/inst/gen_clock_conv.gen_async_lite_conv.clock_conv_lite_fwd_ar/handshake/dest_hsdata_ff_reg[3]} {lesion_i/video/axi_interconnect_0/m07_couplers/auto_cc/inst/gen_clock_conv.gen_async_lite_conv.clock_conv_lite_fwd_ar/handshake/dest_hsdata_ff_reg[4]}]]
                                                                              Slow             21.000       0.706     20.294
25  83        [get_cells [list {lesion_i/video/axi_interconnect_0/m07_couplers/auto_cc/inst/gen_clock_conv.gen_async_lite_conv.clock_conv_lite_fwd_aw/handshake/src_hsdata_ff_reg[3]} {lesion_i/video/axi_interconnect_0/m07_couplers/auto_cc/inst/gen_clock_conv.gen_async_lite_conv.clock_conv_lite_fwd_aw/handshake/src_hsdata_ff_reg[4]} {lesion_i/video/axi_interconnect_0/m07_couplers/auto_cc/inst/gen_clock_conv.gen_async_lite_conv.clock_conv_lite_fwd_aw/handshake/src_hsdata_ff_reg[2]}]]
                                              [get_cells [list {lesion_i/video/axi_interconnect_0/m07_couplers/auto_cc/inst/gen_clock_conv.gen_async_lite_conv.clock_conv_lite_fwd_aw/handshake/dest_hsdata_ff_reg[3]} {lesion_i/video/axi_interconnect_0/m07_couplers/auto_cc/inst/gen_clock_conv.gen_async_lite_conv.clock_conv_lite_fwd_aw/handshake/dest_hsdata_ff_reg[4]} {lesion_i/video/axi_interconnect_0/m07_couplers/auto_cc/inst/gen_clock_conv.gen_async_lite_conv.clock_conv_lite_fwd_aw/handshake/dest_hsdata_ff_reg[2]}]]
                                                                              Slow             21.000       0.612     20.388
26  85        [get_cells [list {lesion_i/video/axi_interconnect_0/m07_couplers/auto_cc/inst/gen_clock_conv.gen_async_lite_conv.clock_conv_lite_fwd_w/handshake/src_hsdata_ff_reg[0]} \
          {lesion_i/video/axi_interconnect_0/m07_couplers/auto_cc/inst/gen_clock_conv.gen_async_lite_conv.clock_conv_lite_fwd_w/handshake/src_hsdata_ff_reg[10]} \
          {lesion_i/video/axi_interconnect_0/m07_couplers/auto_cc/inst/gen_clock_conv.gen_async_lite_conv.clock_conv_lite_fwd_w/handshake/src_hsdata_ff_reg[11]} \
          {lesion_i/video/axi_interconnect_0/m07_couplers/auto_cc/inst/gen_clock_conv.gen_async_lite_conv.clock_conv_lite_fwd_w/handshake/src_hsdata_ff_reg[12]} \
          {lesion_i/video/axi_interconnect_0/m07_couplers/auto_cc/inst/gen_clock_conv.gen_async_lite_conv.clock_conv_lite_fwd_w/handshake/src_hsdata_ff_reg[13]} \
          {lesion_i/video/axi_interconnect_0/m07_couplers/auto_cc/inst/gen_clock_conv.gen_async_lite_conv.clock_conv_lite_fwd_w/handshake/src_hsdata_ff_reg[14]} \
          {lesion_i/video/axi_interconnect_0/m07_couplers/auto_cc/inst/gen_clock_conv.gen_async_lite_conv.clock_conv_lite_fwd_w/handshake/src_hsdata_ff_reg[15]} \
          {lesion_i/video/axi_interconnect_0/m07_couplers/auto_cc/inst/gen_clock_conv.gen_async_lite_conv.clock_conv_lite_fwd_w/handshake/src_hsdata_ff_reg[16]} \
          {lesion_i/video/axi_interconnect_0/m07_couplers/auto_cc/inst/gen_clock_conv.gen_async_lite_conv.clock_conv_lite_fwd_w/handshake/src_hsdata_ff_reg[17]} \
          {lesion_i/video/axi_interconnect_0/m07_couplers/auto_cc/inst/gen_clock_conv.gen_async_lite_conv.clock_conv_lite_fwd_w/handshake/src_hsdata_ff_reg[18]} \
          {lesion_i/video/axi_interconnect_0/m07_couplers/auto_cc/inst/gen_clock_conv.gen_async_lite_conv.clock_conv_lite_fwd_w/handshake/src_hsdata_ff_reg[19]} \
          {lesion_i/video/axi_interconnect_0/m07_couplers/auto_cc/inst/gen_clock_conv.gen_async_lite_conv.clock_conv_lite_fwd_w/handshake/src_hsdata_ff_reg[1]} \
          {lesion_i/video/axi_interconnect_0/m07_couplers/auto_cc/inst/gen_clock_conv.gen_async_lite_conv.clock_conv_lite_fwd_w/handshake/src_hsdata_ff_reg[20]} \
          {lesion_i/video/axi_interconnect_0/m07_couplers/auto_cc/inst/gen_clock_conv.gen_async_lite_conv.clock_conv_lite_fwd_w/handshake/src_hsdata_ff_reg[21]} \
          {lesion_i/video/axi_interconnect_0/m07_couplers/auto_cc/inst/gen_clock_conv.gen_async_lite_conv.clock_conv_lite_fwd_w/handshake/src_hsdata_ff_reg[22]} \
          {lesion_i/video/axi_interconnect_0/m07_couplers/auto_cc/inst/gen_clock_conv.gen_async_lite_conv.clock_conv_lite_fwd_w/handshake/src_hsdata_ff_reg[23]} \
          {lesion_i/video/axi_interconnect_0/m07_couplers/auto_cc/inst/gen_clock_conv.gen_async_lite_conv.clock_conv_lite_fwd_w/handshake/src_hsdata_ff_reg[24]} \
          {lesion_i/video/axi_interconnect_0/m07_couplers/auto_cc/inst/gen_clock_conv.gen_async_lite_conv.clock_conv_lite_fwd_w/handshake/src_hsdata_ff_reg[25]} \
          {lesion_i/video/axi_interconnect_0/m07_couplers/auto_cc/inst/gen_clock_conv.gen_async_lite_conv.clock_conv_lite_fwd_w/handshake/src_hsdata_ff_reg[26]} \
          {lesion_i/video/axi_interconnect_0/m07_couplers/auto_cc/inst/gen_clock_conv.gen_async_lite_conv.clock_conv_lite_fwd_w/handshake/src_hsdata_ff_reg[27]} \
          {lesion_i/video/axi_interconnect_0/m07_couplers/auto_cc/inst/gen_clock_conv.gen_async_lite_conv.clock_conv_lite_fwd_w/handshake/src_hsdata_ff_reg[28]} \
          {lesion_i/video/axi_interconnect_0/m07_couplers/auto_cc/inst/gen_clock_conv.gen_async_lite_conv.clock_conv_lite_fwd_w/handshake/src_hsdata_ff_reg[29]} \
          {lesion_i/video/axi_interconnect_0/m07_couplers/auto_cc/inst/gen_clock_conv.gen_async_lite_conv.clock_conv_lite_fwd_w/handshake/src_hsdata_ff_reg[2]} \
          {lesion_i/video/axi_interconnect_0/m07_couplers/auto_cc/inst/gen_clock_conv.gen_async_lite_conv.clock_conv_lite_fwd_w/handshake/src_hsdata_ff_reg[30]} \
          {lesion_i/video/axi_interconnect_0/m07_couplers/auto_cc/inst/gen_clock_conv.gen_async_lite_conv.clock_conv_lite_fwd_w/handshake/src_hsdata_ff_reg[31]} \
          {lesion_i/video/axi_interconnect_0/m07_couplers/auto_cc/inst/gen_clock_conv.gen_async_lite_conv.clock_conv_lite_fwd_w/handshake/src_hsdata_ff_reg[32]} \
          {lesion_i/video/axi_interconnect_0/m07_couplers/auto_cc/inst/gen_clock_conv.gen_async_lite_conv.clock_conv_lite_fwd_w/handshake/src_hsdata_ff_reg[33]} \
          {lesion_i/video/axi_interconnect_0/m07_couplers/auto_cc/inst/gen_clock_conv.gen_async_lite_conv.clock_conv_lite_fwd_w/handshake/src_hsdata_ff_reg[34]} \
          {lesion_i/video/axi_interconnect_0/m07_couplers/auto_cc/inst/gen_clock_conv.gen_async_lite_conv.clock_conv_lite_fwd_w/handshake/src_hsdata_ff_reg[35]} \
          {lesion_i/video/axi_interconnect_0/m07_couplers/auto_cc/inst/gen_clock_conv.gen_async_lite_conv.clock_conv_lite_fwd_w/handshake/src_hsdata_ff_reg[3]} \
          {lesion_i/video/axi_interconnect_0/m07_couplers/auto_cc/inst/gen_clock_conv.gen_async_lite_conv.clock_conv_lite_fwd_w/handshake/src_hsdata_ff_reg[4]} \
          {lesion_i/video/axi_interconnect_0/m07_couplers/auto_cc/inst/gen_clock_conv.gen_async_lite_conv.clock_conv_lite_fwd_w/handshake/src_hsdata_ff_reg[5]} \
          {lesion_i/video/axi_interconnect_0/m07_couplers/auto_cc/inst/gen_clock_conv.gen_async_lite_conv.clock_conv_lite_fwd_w/handshake/src_hsdata_ff_reg[6]} \
          {lesion_i/video/axi_interconnect_0/m07_couplers/auto_cc/inst/gen_clock_conv.gen_async_lite_conv.clock_conv_lite_fwd_w/handshake/src_hsdata_ff_reg[7]} \
          {lesion_i/video/axi_interconnect_0/m07_couplers/auto_cc/inst/gen_clock_conv.gen_async_lite_conv.clock_conv_lite_fwd_w/handshake/src_hsdata_ff_reg[8]} \
          {lesion_i/video/axi_interconnect_0/m07_couplers/auto_cc/inst/gen_clock_conv.gen_async_lite_conv.clock_conv_lite_fwd_w/handshake/src_hsdata_ff_reg[9]}]]
                                              [get_cells [list {lesion_i/video/axi_interconnect_0/m07_couplers/auto_cc/inst/gen_clock_conv.gen_async_lite_conv.clock_conv_lite_fwd_w/handshake/dest_hsdata_ff_reg[0]} \
          {lesion_i/video/axi_interconnect_0/m07_couplers/auto_cc/inst/gen_clock_conv.gen_async_lite_conv.clock_conv_lite_fwd_w/handshake/dest_hsdata_ff_reg[10]} \
          {lesion_i/video/axi_interconnect_0/m07_couplers/auto_cc/inst/gen_clock_conv.gen_async_lite_conv.clock_conv_lite_fwd_w/handshake/dest_hsdata_ff_reg[11]} \
          {lesion_i/video/axi_interconnect_0/m07_couplers/auto_cc/inst/gen_clock_conv.gen_async_lite_conv.clock_conv_lite_fwd_w/handshake/dest_hsdata_ff_reg[12]} \
          {lesion_i/video/axi_interconnect_0/m07_couplers/auto_cc/inst/gen_clock_conv.gen_async_lite_conv.clock_conv_lite_fwd_w/handshake/dest_hsdata_ff_reg[13]} \
          {lesion_i/video/axi_interconnect_0/m07_couplers/auto_cc/inst/gen_clock_conv.gen_async_lite_conv.clock_conv_lite_fwd_w/handshake/dest_hsdata_ff_reg[14]} \
          {lesion_i/video/axi_interconnect_0/m07_couplers/auto_cc/inst/gen_clock_conv.gen_async_lite_conv.clock_conv_lite_fwd_w/handshake/dest_hsdata_ff_reg[15]} \
          {lesion_i/video/axi_interconnect_0/m07_couplers/auto_cc/inst/gen_clock_conv.gen_async_lite_conv.clock_conv_lite_fwd_w/handshake/dest_hsdata_ff_reg[16]} \
          {lesion_i/video/axi_interconnect_0/m07_couplers/auto_cc/inst/gen_clock_conv.gen_async_lite_conv.clock_conv_lite_fwd_w/handshake/dest_hsdata_ff_reg[17]} \
          {lesion_i/video/axi_interconnect_0/m07_couplers/auto_cc/inst/gen_clock_conv.gen_async_lite_conv.clock_conv_lite_fwd_w/handshake/dest_hsdata_ff_reg[18]} \
          {lesion_i/video/axi_interconnect_0/m07_couplers/auto_cc/inst/gen_clock_conv.gen_async_lite_conv.clock_conv_lite_fwd_w/handshake/dest_hsdata_ff_reg[19]} \
          {lesion_i/video/axi_interconnect_0/m07_couplers/auto_cc/inst/gen_clock_conv.gen_async_lite_conv.clock_conv_lite_fwd_w/handshake/dest_hsdata_ff_reg[1]} \
          {lesion_i/video/axi_interconnect_0/m07_couplers/auto_cc/inst/gen_clock_conv.gen_async_lite_conv.clock_conv_lite_fwd_w/handshake/dest_hsdata_ff_reg[20]} \
          {lesion_i/video/axi_interconnect_0/m07_couplers/auto_cc/inst/gen_clock_conv.gen_async_lite_conv.clock_conv_lite_fwd_w/handshake/dest_hsdata_ff_reg[21]} \
          {lesion_i/video/axi_interconnect_0/m07_couplers/auto_cc/inst/gen_clock_conv.gen_async_lite_conv.clock_conv_lite_fwd_w/handshake/dest_hsdata_ff_reg[22]} \
          {lesion_i/video/axi_interconnect_0/m07_couplers/auto_cc/inst/gen_clock_conv.gen_async_lite_conv.clock_conv_lite_fwd_w/handshake/dest_hsdata_ff_reg[23]} \
          {lesion_i/video/axi_interconnect_0/m07_couplers/auto_cc/inst/gen_clock_conv.gen_async_lite_conv.clock_conv_lite_fwd_w/handshake/dest_hsdata_ff_reg[24]} \
          {lesion_i/video/axi_interconnect_0/m07_couplers/auto_cc/inst/gen_clock_conv.gen_async_lite_conv.clock_conv_lite_fwd_w/handshake/dest_hsdata_ff_reg[25]} \
          {lesion_i/video/axi_interconnect_0/m07_couplers/auto_cc/inst/gen_clock_conv.gen_async_lite_conv.clock_conv_lite_fwd_w/handshake/dest_hsdata_ff_reg[26]} \
          {lesion_i/video/axi_interconnect_0/m07_couplers/auto_cc/inst/gen_clock_conv.gen_async_lite_conv.clock_conv_lite_fwd_w/handshake/dest_hsdata_ff_reg[27]} \
          {lesion_i/video/axi_interconnect_0/m07_couplers/auto_cc/inst/gen_clock_conv.gen_async_lite_conv.clock_conv_lite_fwd_w/handshake/dest_hsdata_ff_reg[28]} \
          {lesion_i/video/axi_interconnect_0/m07_couplers/auto_cc/inst/gen_clock_conv.gen_async_lite_conv.clock_conv_lite_fwd_w/handshake/dest_hsdata_ff_reg[29]} \
          {lesion_i/video/axi_interconnect_0/m07_couplers/auto_cc/inst/gen_clock_conv.gen_async_lite_conv.clock_conv_lite_fwd_w/handshake/dest_hsdata_ff_reg[2]} \
          {lesion_i/video/axi_interconnect_0/m07_couplers/auto_cc/inst/gen_clock_conv.gen_async_lite_conv.clock_conv_lite_fwd_w/handshake/dest_hsdata_ff_reg[30]} \
          {lesion_i/video/axi_interconnect_0/m07_couplers/auto_cc/inst/gen_clock_conv.gen_async_lite_conv.clock_conv_lite_fwd_w/handshake/dest_hsdata_ff_reg[31]} \
          {lesion_i/video/axi_interconnect_0/m07_couplers/auto_cc/inst/gen_clock_conv.gen_async_lite_conv.clock_conv_lite_fwd_w/handshake/dest_hsdata_ff_reg[32]} \
          {lesion_i/video/axi_interconnect_0/m07_couplers/auto_cc/inst/gen_clock_conv.gen_async_lite_conv.clock_conv_lite_fwd_w/handshake/dest_hsdata_ff_reg[33]} \
          {lesion_i/video/axi_interconnect_0/m07_couplers/auto_cc/inst/gen_clock_conv.gen_async_lite_conv.clock_conv_lite_fwd_w/handshake/dest_hsdata_ff_reg[34]} \
          {lesion_i/video/axi_interconnect_0/m07_couplers/auto_cc/inst/gen_clock_conv.gen_async_lite_conv.clock_conv_lite_fwd_w/handshake/dest_hsdata_ff_reg[35]} \
          {lesion_i/video/axi_interconnect_0/m07_couplers/auto_cc/inst/gen_clock_conv.gen_async_lite_conv.clock_conv_lite_fwd_w/handshake/dest_hsdata_ff_reg[3]} \
          {lesion_i/video/axi_interconnect_0/m07_couplers/auto_cc/inst/gen_clock_conv.gen_async_lite_conv.clock_conv_lite_fwd_w/handshake/dest_hsdata_ff_reg[4]} \
          {lesion_i/video/axi_interconnect_0/m07_couplers/auto_cc/inst/gen_clock_conv.gen_async_lite_conv.clock_conv_lite_fwd_w/handshake/dest_hsdata_ff_reg[5]} \
          {lesion_i/video/axi_interconnect_0/m07_couplers/auto_cc/inst/gen_clock_conv.gen_async_lite_conv.clock_conv_lite_fwd_w/handshake/dest_hsdata_ff_reg[6]} \
          {lesion_i/video/axi_interconnect_0/m07_couplers/auto_cc/inst/gen_clock_conv.gen_async_lite_conv.clock_conv_lite_fwd_w/handshake/dest_hsdata_ff_reg[7]} \
          {lesion_i/video/axi_interconnect_0/m07_couplers/auto_cc/inst/gen_clock_conv.gen_async_lite_conv.clock_conv_lite_fwd_w/handshake/dest_hsdata_ff_reg[8]} \
          {lesion_i/video/axi_interconnect_0/m07_couplers/auto_cc/inst/gen_clock_conv.gen_async_lite_conv.clock_conv_lite_fwd_w/handshake/dest_hsdata_ff_reg[9]}]]
                                                                              Slow             21.000       1.161     19.839
27  87        [get_cells [list {lesion_i/video/axi_interconnect_0/m07_couplers/auto_cc/inst/gen_clock_conv.gen_async_lite_conv.clock_conv_lite_resp_b/handshake/src_hsdata_ff_reg[0]} {lesion_i/video/axi_interconnect_0/m07_couplers/auto_cc/inst/gen_clock_conv.gen_async_lite_conv.clock_conv_lite_resp_b/handshake/src_hsdata_ff_reg[1]}]]
                                              [get_cells [list {lesion_i/video/axi_interconnect_0/m07_couplers/auto_cc/inst/gen_clock_conv.gen_async_lite_conv.clock_conv_lite_resp_b/handshake/dest_hsdata_ff_reg[0]} {lesion_i/video/axi_interconnect_0/m07_couplers/auto_cc/inst/gen_clock_conv.gen_async_lite_conv.clock_conv_lite_resp_b/handshake/dest_hsdata_ff_reg[1]}]]
                                                                              Slow             30.000       0.782     29.218
28  89        [get_cells [list {lesion_i/video/axi_interconnect_0/m07_couplers/auto_cc/inst/gen_clock_conv.gen_async_lite_conv.clock_conv_lite_resp_r/handshake/src_hsdata_ff_reg[0]} \
          {lesion_i/video/axi_interconnect_0/m07_couplers/auto_cc/inst/gen_clock_conv.gen_async_lite_conv.clock_conv_lite_resp_r/handshake/src_hsdata_ff_reg[10]} \
          {lesion_i/video/axi_interconnect_0/m07_couplers/auto_cc/inst/gen_clock_conv.gen_async_lite_conv.clock_conv_lite_resp_r/handshake/src_hsdata_ff_reg[11]} \
          {lesion_i/video/axi_interconnect_0/m07_couplers/auto_cc/inst/gen_clock_conv.gen_async_lite_conv.clock_conv_lite_resp_r/handshake/src_hsdata_ff_reg[12]} \
          {lesion_i/video/axi_interconnect_0/m07_couplers/auto_cc/inst/gen_clock_conv.gen_async_lite_conv.clock_conv_lite_resp_r/handshake/src_hsdata_ff_reg[13]} \
          {lesion_i/video/axi_interconnect_0/m07_couplers/auto_cc/inst/gen_clock_conv.gen_async_lite_conv.clock_conv_lite_resp_r/handshake/src_hsdata_ff_reg[14]} \
          {lesion_i/video/axi_interconnect_0/m07_couplers/auto_cc/inst/gen_clock_conv.gen_async_lite_conv.clock_conv_lite_resp_r/handshake/src_hsdata_ff_reg[15]} \
          {lesion_i/video/axi_interconnect_0/m07_couplers/auto_cc/inst/gen_clock_conv.gen_async_lite_conv.clock_conv_lite_resp_r/handshake/src_hsdata_ff_reg[16]} \
          {lesion_i/video/axi_interconnect_0/m07_couplers/auto_cc/inst/gen_clock_conv.gen_async_lite_conv.clock_conv_lite_resp_r/handshake/src_hsdata_ff_reg[17]} \
          {lesion_i/video/axi_interconnect_0/m07_couplers/auto_cc/inst/gen_clock_conv.gen_async_lite_conv.clock_conv_lite_resp_r/handshake/src_hsdata_ff_reg[18]} \
          {lesion_i/video/axi_interconnect_0/m07_couplers/auto_cc/inst/gen_clock_conv.gen_async_lite_conv.clock_conv_lite_resp_r/handshake/src_hsdata_ff_reg[19]} \
          {lesion_i/video/axi_interconnect_0/m07_couplers/auto_cc/inst/gen_clock_conv.gen_async_lite_conv.clock_conv_lite_resp_r/handshake/src_hsdata_ff_reg[1]} \
          {lesion_i/video/axi_interconnect_0/m07_couplers/auto_cc/inst/gen_clock_conv.gen_async_lite_conv.clock_conv_lite_resp_r/handshake/src_hsdata_ff_reg[20]} \
          {lesion_i/video/axi_interconnect_0/m07_couplers/auto_cc/inst/gen_clock_conv.gen_async_lite_conv.clock_conv_lite_resp_r/handshake/src_hsdata_ff_reg[21]} \
          {lesion_i/video/axi_interconnect_0/m07_couplers/auto_cc/inst/gen_clock_conv.gen_async_lite_conv.clock_conv_lite_resp_r/handshake/src_hsdata_ff_reg[22]} \
          {lesion_i/video/axi_interconnect_0/m07_couplers/auto_cc/inst/gen_clock_conv.gen_async_lite_conv.clock_conv_lite_resp_r/handshake/src_hsdata_ff_reg[23]} \
          {lesion_i/video/axi_interconnect_0/m07_couplers/auto_cc/inst/gen_clock_conv.gen_async_lite_conv.clock_conv_lite_resp_r/handshake/src_hsdata_ff_reg[24]} \
          {lesion_i/video/axi_interconnect_0/m07_couplers/auto_cc/inst/gen_clock_conv.gen_async_lite_conv.clock_conv_lite_resp_r/handshake/src_hsdata_ff_reg[25]} \
          {lesion_i/video/axi_interconnect_0/m07_couplers/auto_cc/inst/gen_clock_conv.gen_async_lite_conv.clock_conv_lite_resp_r/handshake/src_hsdata_ff_reg[26]} \
          {lesion_i/video/axi_interconnect_0/m07_couplers/auto_cc/inst/gen_clock_conv.gen_async_lite_conv.clock_conv_lite_resp_r/handshake/src_hsdata_ff_reg[27]} \
          {lesion_i/video/axi_interconnect_0/m07_couplers/auto_cc/inst/gen_clock_conv.gen_async_lite_conv.clock_conv_lite_resp_r/handshake/src_hsdata_ff_reg[28]} \
          {lesion_i/video/axi_interconnect_0/m07_couplers/auto_cc/inst/gen_clock_conv.gen_async_lite_conv.clock_conv_lite_resp_r/handshake/src_hsdata_ff_reg[29]} \
          {lesion_i/video/axi_interconnect_0/m07_couplers/auto_cc/inst/gen_clock_conv.gen_async_lite_conv.clock_conv_lite_resp_r/handshake/src_hsdata_ff_reg[2]} \
          {lesion_i/video/axi_interconnect_0/m07_couplers/auto_cc/inst/gen_clock_conv.gen_async_lite_conv.clock_conv_lite_resp_r/handshake/src_hsdata_ff_reg[30]} \
          {lesion_i/video/axi_interconnect_0/m07_couplers/auto_cc/inst/gen_clock_conv.gen_async_lite_conv.clock_conv_lite_resp_r/handshake/src_hsdata_ff_reg[31]} \
          {lesion_i/video/axi_interconnect_0/m07_couplers/auto_cc/inst/gen_clock_conv.gen_async_lite_conv.clock_conv_lite_resp_r/handshake/src_hsdata_ff_reg[32]} \
          {lesion_i/video/axi_interconnect_0/m07_couplers/auto_cc/inst/gen_clock_conv.gen_async_lite_conv.clock_conv_lite_resp_r/handshake/src_hsdata_ff_reg[33]} \
          {lesion_i/video/axi_interconnect_0/m07_couplers/auto_cc/inst/gen_clock_conv.gen_async_lite_conv.clock_conv_lite_resp_r/handshake/src_hsdata_ff_reg[3]} \
          {lesion_i/video/axi_interconnect_0/m07_couplers/auto_cc/inst/gen_clock_conv.gen_async_lite_conv.clock_conv_lite_resp_r/handshake/src_hsdata_ff_reg[4]} \
          {lesion_i/video/axi_interconnect_0/m07_couplers/auto_cc/inst/gen_clock_conv.gen_async_lite_conv.clock_conv_lite_resp_r/handshake/src_hsdata_ff_reg[5]} \
          {lesion_i/video/axi_interconnect_0/m07_couplers/auto_cc/inst/gen_clock_conv.gen_async_lite_conv.clock_conv_lite_resp_r/handshake/src_hsdata_ff_reg[6]} \
          {lesion_i/video/axi_interconnect_0/m07_couplers/auto_cc/inst/gen_clock_conv.gen_async_lite_conv.clock_conv_lite_resp_r/handshake/src_hsdata_ff_reg[7]} \
          {lesion_i/video/axi_interconnect_0/m07_couplers/auto_cc/inst/gen_clock_conv.gen_async_lite_conv.clock_conv_lite_resp_r/handshake/src_hsdata_ff_reg[8]} \
          {lesion_i/video/axi_interconnect_0/m07_couplers/auto_cc/inst/gen_clock_conv.gen_async_lite_conv.clock_conv_lite_resp_r/handshake/src_hsdata_ff_reg[9]}]]
                                              [get_cells [list {lesion_i/video/axi_interconnect_0/m07_couplers/auto_cc/inst/gen_clock_conv.gen_async_lite_conv.clock_conv_lite_resp_r/handshake/dest_hsdata_ff_reg[0]} \
          {lesion_i/video/axi_interconnect_0/m07_couplers/auto_cc/inst/gen_clock_conv.gen_async_lite_conv.clock_conv_lite_resp_r/handshake/dest_hsdata_ff_reg[10]} \
          {lesion_i/video/axi_interconnect_0/m07_couplers/auto_cc/inst/gen_clock_conv.gen_async_lite_conv.clock_conv_lite_resp_r/handshake/dest_hsdata_ff_reg[11]} \
          {lesion_i/video/axi_interconnect_0/m07_couplers/auto_cc/inst/gen_clock_conv.gen_async_lite_conv.clock_conv_lite_resp_r/handshake/dest_hsdata_ff_reg[12]} \
          {lesion_i/video/axi_interconnect_0/m07_couplers/auto_cc/inst/gen_clock_conv.gen_async_lite_conv.clock_conv_lite_resp_r/handshake/dest_hsdata_ff_reg[13]} \
          {lesion_i/video/axi_interconnect_0/m07_couplers/auto_cc/inst/gen_clock_conv.gen_async_lite_conv.clock_conv_lite_resp_r/handshake/dest_hsdata_ff_reg[14]} \
          {lesion_i/video/axi_interconnect_0/m07_couplers/auto_cc/inst/gen_clock_conv.gen_async_lite_conv.clock_conv_lite_resp_r/handshake/dest_hsdata_ff_reg[15]} \
          {lesion_i/video/axi_interconnect_0/m07_couplers/auto_cc/inst/gen_clock_conv.gen_async_lite_conv.clock_conv_lite_resp_r/handshake/dest_hsdata_ff_reg[16]} \
          {lesion_i/video/axi_interconnect_0/m07_couplers/auto_cc/inst/gen_clock_conv.gen_async_lite_conv.clock_conv_lite_resp_r/handshake/dest_hsdata_ff_reg[17]} \
          {lesion_i/video/axi_interconnect_0/m07_couplers/auto_cc/inst/gen_clock_conv.gen_async_lite_conv.clock_conv_lite_resp_r/handshake/dest_hsdata_ff_reg[18]} \
          {lesion_i/video/axi_interconnect_0/m07_couplers/auto_cc/inst/gen_clock_conv.gen_async_lite_conv.clock_conv_lite_resp_r/handshake/dest_hsdata_ff_reg[19]} \
          {lesion_i/video/axi_interconnect_0/m07_couplers/auto_cc/inst/gen_clock_conv.gen_async_lite_conv.clock_conv_lite_resp_r/handshake/dest_hsdata_ff_reg[1]} \
          {lesion_i/video/axi_interconnect_0/m07_couplers/auto_cc/inst/gen_clock_conv.gen_async_lite_conv.clock_conv_lite_resp_r/handshake/dest_hsdata_ff_reg[20]} \
          {lesion_i/video/axi_interconnect_0/m07_couplers/auto_cc/inst/gen_clock_conv.gen_async_lite_conv.clock_conv_lite_resp_r/handshake/dest_hsdata_ff_reg[21]} \
          {lesion_i/video/axi_interconnect_0/m07_couplers/auto_cc/inst/gen_clock_conv.gen_async_lite_conv.clock_conv_lite_resp_r/handshake/dest_hsdata_ff_reg[22]} \
          {lesion_i/video/axi_interconnect_0/m07_couplers/auto_cc/inst/gen_clock_conv.gen_async_lite_conv.clock_conv_lite_resp_r/handshake/dest_hsdata_ff_reg[23]} \
          {lesion_i/video/axi_interconnect_0/m07_couplers/auto_cc/inst/gen_clock_conv.gen_async_lite_conv.clock_conv_lite_resp_r/handshake/dest_hsdata_ff_reg[24]} \
          {lesion_i/video/axi_interconnect_0/m07_couplers/auto_cc/inst/gen_clock_conv.gen_async_lite_conv.clock_conv_lite_resp_r/handshake/dest_hsdata_ff_reg[25]} \
          {lesion_i/video/axi_interconnect_0/m07_couplers/auto_cc/inst/gen_clock_conv.gen_async_lite_conv.clock_conv_lite_resp_r/handshake/dest_hsdata_ff_reg[26]} \
          {lesion_i/video/axi_interconnect_0/m07_couplers/auto_cc/inst/gen_clock_conv.gen_async_lite_conv.clock_conv_lite_resp_r/handshake/dest_hsdata_ff_reg[27]} \
          {lesion_i/video/axi_interconnect_0/m07_couplers/auto_cc/inst/gen_clock_conv.gen_async_lite_conv.clock_conv_lite_resp_r/handshake/dest_hsdata_ff_reg[28]} \
          {lesion_i/video/axi_interconnect_0/m07_couplers/auto_cc/inst/gen_clock_conv.gen_async_lite_conv.clock_conv_lite_resp_r/handshake/dest_hsdata_ff_reg[29]} \
          {lesion_i/video/axi_interconnect_0/m07_couplers/auto_cc/inst/gen_clock_conv.gen_async_lite_conv.clock_conv_lite_resp_r/handshake/dest_hsdata_ff_reg[2]} \
          {lesion_i/video/axi_interconnect_0/m07_couplers/auto_cc/inst/gen_clock_conv.gen_async_lite_conv.clock_conv_lite_resp_r/handshake/dest_hsdata_ff_reg[30]} \
          {lesion_i/video/axi_interconnect_0/m07_couplers/auto_cc/inst/gen_clock_conv.gen_async_lite_conv.clock_conv_lite_resp_r/handshake/dest_hsdata_ff_reg[31]} \
          {lesion_i/video/axi_interconnect_0/m07_couplers/auto_cc/inst/gen_clock_conv.gen_async_lite_conv.clock_conv_lite_resp_r/handshake/dest_hsdata_ff_reg[32]} \
          {lesion_i/video/axi_interconnect_0/m07_couplers/auto_cc/inst/gen_clock_conv.gen_async_lite_conv.clock_conv_lite_resp_r/handshake/dest_hsdata_ff_reg[33]} \
          {lesion_i/video/axi_interconnect_0/m07_couplers/auto_cc/inst/gen_clock_conv.gen_async_lite_conv.clock_conv_lite_resp_r/handshake/dest_hsdata_ff_reg[3]} \
          {lesion_i/video/axi_interconnect_0/m07_couplers/auto_cc/inst/gen_clock_conv.gen_async_lite_conv.clock_conv_lite_resp_r/handshake/dest_hsdata_ff_reg[4]} \
          {lesion_i/video/axi_interconnect_0/m07_couplers/auto_cc/inst/gen_clock_conv.gen_async_lite_conv.clock_conv_lite_resp_r/handshake/dest_hsdata_ff_reg[5]} \
          {lesion_i/video/axi_interconnect_0/m07_couplers/auto_cc/inst/gen_clock_conv.gen_async_lite_conv.clock_conv_lite_resp_r/handshake/dest_hsdata_ff_reg[6]} \
          {lesion_i/video/axi_interconnect_0/m07_couplers/auto_cc/inst/gen_clock_conv.gen_async_lite_conv.clock_conv_lite_resp_r/handshake/dest_hsdata_ff_reg[7]} \
          {lesion_i/video/axi_interconnect_0/m07_couplers/auto_cc/inst/gen_clock_conv.gen_async_lite_conv.clock_conv_lite_resp_r/handshake/dest_hsdata_ff_reg[8]} \
          {lesion_i/video/axi_interconnect_0/m07_couplers/auto_cc/inst/gen_clock_conv.gen_async_lite_conv.clock_conv_lite_resp_r/handshake/dest_hsdata_ff_reg[9]}]]
                                                                              Slow             30.000       1.209     28.791


2. Bus Skew Report Per Constraint
---------------------------------

Id: 1
set_bus_skew -from [get_cells [list {lesion_i/video/hdmi_out/frontend/v_axi4s_vid_out_0/inst/COUPLER_INST/generate_async_fifo.FIFO_INST/XPM_FIFO_ASYNC_INST/gnuram_async_fifo.xpm_fifo_base_inst/gen_cdc_pntr.rd_pntr_cdc_inst/src_gray_ff_reg[0]} \
          {lesion_i/video/hdmi_out/frontend/v_axi4s_vid_out_0/inst/COUPLER_INST/generate_async_fifo.FIFO_INST/XPM_FIFO_ASYNC_INST/gnuram_async_fifo.xpm_fifo_base_inst/gen_cdc_pntr.rd_pntr_cdc_inst/src_gray_ff_reg[10]} \
          {lesion_i/video/hdmi_out/frontend/v_axi4s_vid_out_0/inst/COUPLER_INST/generate_async_fifo.FIFO_INST/XPM_FIFO_ASYNC_INST/gnuram_async_fifo.xpm_fifo_base_inst/gen_cdc_pntr.rd_pntr_cdc_inst/src_gray_ff_reg[1]} \
          {lesion_i/video/hdmi_out/frontend/v_axi4s_vid_out_0/inst/COUPLER_INST/generate_async_fifo.FIFO_INST/XPM_FIFO_ASYNC_INST/gnuram_async_fifo.xpm_fifo_base_inst/gen_cdc_pntr.rd_pntr_cdc_inst/src_gray_ff_reg[2]} \
          {lesion_i/video/hdmi_out/frontend/v_axi4s_vid_out_0/inst/COUPLER_INST/generate_async_fifo.FIFO_INST/XPM_FIFO_ASYNC_INST/gnuram_async_fifo.xpm_fifo_base_inst/gen_cdc_pntr.rd_pntr_cdc_inst/src_gray_ff_reg[3]} \
          {lesion_i/video/hdmi_out/frontend/v_axi4s_vid_out_0/inst/COUPLER_INST/generate_async_fifo.FIFO_INST/XPM_FIFO_ASYNC_INST/gnuram_async_fifo.xpm_fifo_base_inst/gen_cdc_pntr.rd_pntr_cdc_inst/src_gray_ff_reg[4]} \
          {lesion_i/video/hdmi_out/frontend/v_axi4s_vid_out_0/inst/COUPLER_INST/generate_async_fifo.FIFO_INST/XPM_FIFO_ASYNC_INST/gnuram_async_fifo.xpm_fifo_base_inst/gen_cdc_pntr.rd_pntr_cdc_inst/src_gray_ff_reg[5]} \
          {lesion_i/video/hdmi_out/frontend/v_axi4s_vid_out_0/inst/COUPLER_INST/generate_async_fifo.FIFO_INST/XPM_FIFO_ASYNC_INST/gnuram_async_fifo.xpm_fifo_base_inst/gen_cdc_pntr.rd_pntr_cdc_inst/src_gray_ff_reg[6]} \
          {lesion_i/video/hdmi_out/frontend/v_axi4s_vid_out_0/inst/COUPLER_INST/generate_async_fifo.FIFO_INST/XPM_FIFO_ASYNC_INST/gnuram_async_fifo.xpm_fifo_base_inst/gen_cdc_pntr.rd_pntr_cdc_inst/src_gray_ff_reg[7]} \
          {lesion_i/video/hdmi_out/frontend/v_axi4s_vid_out_0/inst/COUPLER_INST/generate_async_fifo.FIFO_INST/XPM_FIFO_ASYNC_INST/gnuram_async_fifo.xpm_fifo_base_inst/gen_cdc_pntr.rd_pntr_cdc_inst/src_gray_ff_reg[8]} \
          {lesion_i/video/hdmi_out/frontend/v_axi4s_vid_out_0/inst/COUPLER_INST/generate_async_fifo.FIFO_INST/XPM_FIFO_ASYNC_INST/gnuram_async_fifo.xpm_fifo_base_inst/gen_cdc_pntr.rd_pntr_cdc_inst/src_gray_ff_reg[9]}]] -to [get_cells [list {lesion_i/video/hdmi_out/frontend/v_axi4s_vid_out_0/inst/COUPLER_INST/generate_async_fifo.FIFO_INST/XPM_FIFO_ASYNC_INST/gnuram_async_fifo.xpm_fifo_base_inst/gen_cdc_pntr.rd_pntr_cdc_inst/dest_graysync_ff_reg[0][0]} \
          {lesion_i/video/hdmi_out/frontend/v_axi4s_vid_out_0/inst/COUPLER_INST/generate_async_fifo.FIFO_INST/XPM_FIFO_ASYNC_INST/gnuram_async_fifo.xpm_fifo_base_inst/gen_cdc_pntr.rd_pntr_cdc_inst/dest_graysync_ff_reg[0][10]} \
          {lesion_i/video/hdmi_out/frontend/v_axi4s_vid_out_0/inst/COUPLER_INST/generate_async_fifo.FIFO_INST/XPM_FIFO_ASYNC_INST/gnuram_async_fifo.xpm_fifo_base_inst/gen_cdc_pntr.rd_pntr_cdc_inst/dest_graysync_ff_reg[0][1]} \
          {lesion_i/video/hdmi_out/frontend/v_axi4s_vid_out_0/inst/COUPLER_INST/generate_async_fifo.FIFO_INST/XPM_FIFO_ASYNC_INST/gnuram_async_fifo.xpm_fifo_base_inst/gen_cdc_pntr.rd_pntr_cdc_inst/dest_graysync_ff_reg[0][2]} \
          {lesion_i/video/hdmi_out/frontend/v_axi4s_vid_out_0/inst/COUPLER_INST/generate_async_fifo.FIFO_INST/XPM_FIFO_ASYNC_INST/gnuram_async_fifo.xpm_fifo_base_inst/gen_cdc_pntr.rd_pntr_cdc_inst/dest_graysync_ff_reg[0][3]} \
          {lesion_i/video/hdmi_out/frontend/v_axi4s_vid_out_0/inst/COUPLER_INST/generate_async_fifo.FIFO_INST/XPM_FIFO_ASYNC_INST/gnuram_async_fifo.xpm_fifo_base_inst/gen_cdc_pntr.rd_pntr_cdc_inst/dest_graysync_ff_reg[0][4]} \
          {lesion_i/video/hdmi_out/frontend/v_axi4s_vid_out_0/inst/COUPLER_INST/generate_async_fifo.FIFO_INST/XPM_FIFO_ASYNC_INST/gnuram_async_fifo.xpm_fifo_base_inst/gen_cdc_pntr.rd_pntr_cdc_inst/dest_graysync_ff_reg[0][5]} \
          {lesion_i/video/hdmi_out/frontend/v_axi4s_vid_out_0/inst/COUPLER_INST/generate_async_fifo.FIFO_INST/XPM_FIFO_ASYNC_INST/gnuram_async_fifo.xpm_fifo_base_inst/gen_cdc_pntr.rd_pntr_cdc_inst/dest_graysync_ff_reg[0][6]} \
          {lesion_i/video/hdmi_out/frontend/v_axi4s_vid_out_0/inst/COUPLER_INST/generate_async_fifo.FIFO_INST/XPM_FIFO_ASYNC_INST/gnuram_async_fifo.xpm_fifo_base_inst/gen_cdc_pntr.rd_pntr_cdc_inst/dest_graysync_ff_reg[0][7]} \
          {lesion_i/video/hdmi_out/frontend/v_axi4s_vid_out_0/inst/COUPLER_INST/generate_async_fifo.FIFO_INST/XPM_FIFO_ASYNC_INST/gnuram_async_fifo.xpm_fifo_base_inst/gen_cdc_pntr.rd_pntr_cdc_inst/dest_graysync_ff_reg[0][8]} \
          {lesion_i/video/hdmi_out/frontend/v_axi4s_vid_out_0/inst/COUPLER_INST/generate_async_fifo.FIFO_INST/XPM_FIFO_ASYNC_INST/gnuram_async_fifo.xpm_fifo_base_inst/gen_cdc_pntr.rd_pntr_cdc_inst/dest_graysync_ff_reg[0][9]}]] 7.000
Requirement: 7.000ns
Endpoints: 11

From Clock            To Clock              Endpoint Pin                    Reference Pin                   Corner  Actual(ns)  Slack(ns)
--------------------  --------------------  ------------------------------  ------------------------------  ------  ----------  ---------
axi_dynclk_0_PXL_CLK_O
                      clk_fpga_1            lesion_i/video/hdmi_out/frontend/v_axi4s_vid_out_0/inst/COUPLER_INST/generate_async_fifo.FIFO_INST/XPM_FIFO_ASYNC_INST/gnuram_async_fifo.xpm_fifo_base_inst/gen_cdc_pntr.rd_pntr_cdc_inst/dest_graysync_ff_reg[0][1]/D
                                                                            lesion_i/video/hdmi_out/frontend/v_axi4s_vid_out_0/inst/COUPLER_INST/generate_async_fifo.FIFO_INST/XPM_FIFO_ASYNC_INST/gnuram_async_fifo.xpm_fifo_base_inst/gen_cdc_pntr.rd_pntr_cdc_inst/dest_graysync_ff_reg[0][10]/D
                                                                                                            Slow         0.901      6.099


Slack (MET) :             6.099ns  (requirement - actual skew)
  Endpoint Source:        lesion_i/video/hdmi_out/frontend/v_axi4s_vid_out_0/inst/COUPLER_INST/generate_async_fifo.FIFO_INST/XPM_FIFO_ASYNC_INST/gnuram_async_fifo.xpm_fifo_base_inst/gen_cdc_pntr.rd_pntr_cdc_inst/src_gray_ff_reg[1]/C
                            (rising edge-triggered cell FDRE clocked by axi_dynclk_0_PXL_CLK_O)
  Endpoint Destination:   lesion_i/video/hdmi_out/frontend/v_axi4s_vid_out_0/inst/COUPLER_INST/generate_async_fifo.FIFO_INST/XPM_FIFO_ASYNC_INST/gnuram_async_fifo.xpm_fifo_base_inst/gen_cdc_pntr.rd_pntr_cdc_inst/dest_graysync_ff_reg[0][1]/D
                            (rising edge-triggered cell FDRE clocked by clk_fpga_1)
  Reference Source:       lesion_i/video/hdmi_out/frontend/v_axi4s_vid_out_0/inst/COUPLER_INST/generate_async_fifo.FIFO_INST/XPM_FIFO_ASYNC_INST/gnuram_async_fifo.xpm_fifo_base_inst/gen_cdc_pntr.rd_pntr_cdc_inst/src_gray_ff_reg[10]/C
                            (rising edge-triggered cell FDRE clocked by axi_dynclk_0_PXL_CLK_O)
  Reference Destination:  lesion_i/video/hdmi_out/frontend/v_axi4s_vid_out_0/inst/COUPLER_INST/generate_async_fifo.FIFO_INST/XPM_FIFO_ASYNC_INST/gnuram_async_fifo.xpm_fifo_base_inst/gen_cdc_pntr.rd_pntr_cdc_inst/dest_graysync_ff_reg[0][10]/D
                            (rising edge-triggered cell FDRE clocked by clk_fpga_1)
  Path Type:              Bus Skew (Max at Slow Process Corner)
  Requirement:            7.000ns
  Endpoint Relative Delay:    4.728ns
  Reference Relative Delay:   3.011ns
  Relative CRPR:              0.817ns
  Actual Bus Skew:            0.901ns  (Endpoint Relative Delay - Reference Relative Delay - Relative CRPR)

Endpoint path:
    Location             Delay type                Incr(ns)  Path(ns)    Netlist Resource(s)
  -------------------------------------------------------------------    -------------------
                         (clock axi_dynclk_0_PXL_CLK_O rise edge)
                                                      0.000     0.000 r  
    PS7_X0Y0             PS7                          0.000     0.000 r  lesion_i/ps7_0/inst/PS7_i/FCLKCLK[0]
                         net (fo=1, routed)           1.193     1.193    lesion_i/ps7_0/inst/FCLK_CLK_unbuffered[0]
    BUFGCTRL_X0Y16       BUFG (Prop_bufg_I_O)         0.101     1.294 r  lesion_i/ps7_0/inst/buffer_fclk_clk_0.FCLK_CLK_0_BUFG/O
                         net (fo=24933, routed)       1.980     3.274    lesion_i/video/hdmi_out/frontend/axi_dynclk/U0/Inst_mmcme2_drp/REF_CLK_I
    MMCME2_ADV_X1Y2      MMCME2_ADV (Prop_mmcme2_adv_CLKIN1_CLKOUT0)
                                                      0.088     3.362 r  lesion_i/video/hdmi_out/frontend/axi_dynclk/U0/Inst_mmcme2_drp/mmcm_adv_inst/CLKOUT0
                         net (fo=2, routed)           1.063     4.425    lesion_i/video/hdmi_out/frontend/axi_dynclk/U0/I
    BUFR_X1Y9            BUFR (Prop_bufr_I_O)         1.031     5.456 r  lesion_i/video/hdmi_out/frontend/axi_dynclk/U0/BUFR_inst/O
                         net (fo=2854, routed)        0.883     6.339    lesion_i/video/hdmi_out/frontend/v_axi4s_vid_out_0/inst/COUPLER_INST/generate_async_fifo.FIFO_INST/XPM_FIFO_ASYNC_INST/gnuram_async_fifo.xpm_fifo_base_inst/gen_cdc_pntr.rd_pntr_cdc_inst/src_clk
    SLICE_X102Y134       FDRE                                         r  lesion_i/video/hdmi_out/frontend/v_axi4s_vid_out_0/inst/COUPLER_INST/generate_async_fifo.FIFO_INST/XPM_FIFO_ASYNC_INST/gnuram_async_fifo.xpm_fifo_base_inst/gen_cdc_pntr.rd_pntr_cdc_inst/src_gray_ff_reg[1]/C
  -------------------------------------------------------------------    -------------------
    SLICE_X102Y134       FDRE (Prop_fdre_C_Q)         0.478     6.817 r  lesion_i/video/hdmi_out/frontend/v_axi4s_vid_out_0/inst/COUPLER_INST/generate_async_fifo.FIFO_INST/XPM_FIFO_ASYNC_INST/gnuram_async_fifo.xpm_fifo_base_inst/gen_cdc_pntr.rd_pntr_cdc_inst/src_gray_ff_reg[1]/Q
                         net (fo=1, routed)           0.649     7.466    lesion_i/video/hdmi_out/frontend/v_axi4s_vid_out_0/inst/COUPLER_INST/generate_async_fifo.FIFO_INST/XPM_FIFO_ASYNC_INST/gnuram_async_fifo.xpm_fifo_base_inst/gen_cdc_pntr.rd_pntr_cdc_inst/async_path[1]
    SLICE_X102Y136       FDRE                                         r  lesion_i/video/hdmi_out/frontend/v_axi4s_vid_out_0/inst/COUPLER_INST/generate_async_fifo.FIFO_INST/XPM_FIFO_ASYNC_INST/gnuram_async_fifo.xpm_fifo_base_inst/gen_cdc_pntr.rd_pntr_cdc_inst/dest_graysync_ff_reg[0][1]/D
  -------------------------------------------------------------------    -------------------

                         (clock clk_fpga_1 rise edge)
                                                      0.000     0.000 r  
    PS7_X0Y0             PS7                          0.000     0.000 r  lesion_i/ps7_0/inst/PS7_i/FCLKCLK[1]
                         net (fo=1, routed)           1.088     1.088    lesion_i/ps7_0/inst/FCLK_CLK_unbuffered[1]
    BUFGCTRL_X0Y17       BUFG (Prop_bufg_I_O)         0.091     1.179 r  lesion_i/ps7_0/inst/buffer_fclk_clk_1.FCLK_CLK_1_BUFG/O
                         net (fo=7661, routed)        1.778     2.957    lesion_i/video/hdmi_out/frontend/v_axi4s_vid_out_0/inst/COUPLER_INST/generate_async_fifo.FIFO_INST/XPM_FIFO_ASYNC_INST/gnuram_async_fifo.xpm_fifo_base_inst/gen_cdc_pntr.rd_pntr_cdc_inst/dest_clk
    SLICE_X102Y136       FDRE                                         r  lesion_i/video/hdmi_out/frontend/v_axi4s_vid_out_0/inst/COUPLER_INST/generate_async_fifo.FIFO_INST/XPM_FIFO_ASYNC_INST/gnuram_async_fifo.xpm_fifo_base_inst/gen_cdc_pntr.rd_pntr_cdc_inst/dest_graysync_ff_reg[0][1]/C
                         clock pessimism              0.000     2.957    
    SLICE_X102Y136       FDRE (Setup_fdre_C_D)       -0.219     2.738    lesion_i/video/hdmi_out/frontend/v_axi4s_vid_out_0/inst/COUPLER_INST/generate_async_fifo.FIFO_INST/XPM_FIFO_ASYNC_INST/gnuram_async_fifo.xpm_fifo_base_inst/gen_cdc_pntr.rd_pntr_cdc_inst/dest_graysync_ff_reg[0][1]
  -------------------------------------------------------------------
                         data arrival                           7.466    
                         clock arrival                          2.738    
  -------------------------------------------------------------------
                         relative delay                         4.728    

Reference path:
    Location             Delay type                Incr(ns)  Path(ns)    Netlist Resource(s)
  -------------------------------------------------------------------    -------------------
                         (clock axi_dynclk_0_PXL_CLK_O rise edge)
                                                      0.000     0.000 r  
    PS7_X0Y0             PS7                          0.000     0.000 r  lesion_i/ps7_0/inst/PS7_i/FCLKCLK[0]
                         net (fo=1, routed)           1.088     1.088    lesion_i/ps7_0/inst/FCLK_CLK_unbuffered[0]
    BUFGCTRL_X0Y16       BUFG (Prop_bufg_I_O)         0.091     1.179 r  lesion_i/ps7_0/inst/buffer_fclk_clk_0.FCLK_CLK_0_BUFG/O
                         net (fo=24933, routed)       1.770     2.949    lesion_i/video/hdmi_out/frontend/axi_dynclk/U0/Inst_mmcme2_drp/REF_CLK_I
    MMCME2_ADV_X1Y2      MMCME2_ADV (Prop_mmcme2_adv_CLKIN1_CLKOUT0)
                                                      0.083     3.032 r  lesion_i/video/hdmi_out/frontend/axi_dynclk/U0/Inst_mmcme2_drp/mmcm_adv_inst/CLKOUT0
                         net (fo=2, routed)           0.960     3.992    lesion_i/video/hdmi_out/frontend/axi_dynclk/U0/I
    BUFR_X1Y9            BUFR (Prop_bufr_I_O)         0.918     4.910 r  lesion_i/video/hdmi_out/frontend/axi_dynclk/U0/BUFR_inst/O
                         net (fo=2854, routed)        0.757     5.667    lesion_i/video/hdmi_out/frontend/v_axi4s_vid_out_0/inst/COUPLER_INST/generate_async_fifo.FIFO_INST/XPM_FIFO_ASYNC_INST/gnuram_async_fifo.xpm_fifo_base_inst/gen_cdc_pntr.rd_pntr_cdc_inst/src_clk
    SLICE_X107Y135       FDRE                                         r  lesion_i/video/hdmi_out/frontend/v_axi4s_vid_out_0/inst/COUPLER_INST/generate_async_fifo.FIFO_INST/XPM_FIFO_ASYNC_INST/gnuram_async_fifo.xpm_fifo_base_inst/gen_cdc_pntr.rd_pntr_cdc_inst/src_gray_ff_reg[10]/C
  -------------------------------------------------------------------    -------------------
    SLICE_X107Y135       FDRE (Prop_fdre_C_Q)         0.367     6.034 r  lesion_i/video/hdmi_out/frontend/v_axi4s_vid_out_0/inst/COUPLER_INST/generate_async_fifo.FIFO_INST/XPM_FIFO_ASYNC_INST/gnuram_async_fifo.xpm_fifo_base_inst/gen_cdc_pntr.rd_pntr_cdc_inst/src_gray_ff_reg[10]/Q
                         net (fo=1, routed)           0.490     6.525    lesion_i/video/hdmi_out/frontend/v_axi4s_vid_out_0/inst/COUPLER_INST/generate_async_fifo.FIFO_INST/XPM_FIFO_ASYNC_INST/gnuram_async_fifo.xpm_fifo_base_inst/gen_cdc_pntr.rd_pntr_cdc_inst/async_path[10]
    SLICE_X106Y137       FDRE                                         r  lesion_i/video/hdmi_out/frontend/v_axi4s_vid_out_0/inst/COUPLER_INST/generate_async_fifo.FIFO_INST/XPM_FIFO_ASYNC_INST/gnuram_async_fifo.xpm_fifo_base_inst/gen_cdc_pntr.rd_pntr_cdc_inst/dest_graysync_ff_reg[0][10]/D
  -------------------------------------------------------------------    -------------------

                         (clock clk_fpga_1 rise edge)
                                                      0.000     0.000 r  
    PS7_X0Y0             PS7                          0.000     0.000 r  lesion_i/ps7_0/inst/PS7_i/FCLKCLK[1]
                         net (fo=1, routed)           1.193     1.193    lesion_i/ps7_0/inst/FCLK_CLK_unbuffered[1]
    BUFGCTRL_X0Y17       BUFG (Prop_bufg_I_O)         0.101     1.294 r  lesion_i/ps7_0/inst/buffer_fclk_clk_1.FCLK_CLK_1_BUFG/O
                         net (fo=7661, routed)        2.051     3.345    lesion_i/video/hdmi_out/frontend/v_axi4s_vid_out_0/inst/COUPLER_INST/generate_async_fifo.FIFO_INST/XPM_FIFO_ASYNC_INST/gnuram_async_fifo.xpm_fifo_base_inst/gen_cdc_pntr.rd_pntr_cdc_inst/dest_clk
    SLICE_X106Y137       FDRE                                         r  lesion_i/video/hdmi_out/frontend/v_axi4s_vid_out_0/inst/COUPLER_INST/generate_async_fifo.FIFO_INST/XPM_FIFO_ASYNC_INST/gnuram_async_fifo.xpm_fifo_base_inst/gen_cdc_pntr.rd_pntr_cdc_inst/dest_graysync_ff_reg[0][10]/C
                         clock pessimism              0.000     3.345    
    SLICE_X106Y137       FDRE (Hold_fdre_C_D)         0.169     3.514    lesion_i/video/hdmi_out/frontend/v_axi4s_vid_out_0/inst/COUPLER_INST/generate_async_fifo.FIFO_INST/XPM_FIFO_ASYNC_INST/gnuram_async_fifo.xpm_fifo_base_inst/gen_cdc_pntr.rd_pntr_cdc_inst/dest_graysync_ff_reg[0][10]
  -------------------------------------------------------------------
                         data arrival                           6.525    
                         clock arrival                          3.514    
  -------------------------------------------------------------------
                         relative delay                         3.011    



Id: 2
set_bus_skew -from [get_cells [list {lesion_i/video/hdmi_out/frontend/v_axi4s_vid_out_0/inst/COUPLER_INST/generate_async_fifo.FIFO_INST/XPM_FIFO_ASYNC_INST/gnuram_async_fifo.xpm_fifo_base_inst/gen_cdc_pntr.wr_pntr_cdc_inst/src_gray_ff_reg[0]} \
          {lesion_i/video/hdmi_out/frontend/v_axi4s_vid_out_0/inst/COUPLER_INST/generate_async_fifo.FIFO_INST/XPM_FIFO_ASYNC_INST/gnuram_async_fifo.xpm_fifo_base_inst/gen_cdc_pntr.wr_pntr_cdc_inst/src_gray_ff_reg[10]} \
          {lesion_i/video/hdmi_out/frontend/v_axi4s_vid_out_0/inst/COUPLER_INST/generate_async_fifo.FIFO_INST/XPM_FIFO_ASYNC_INST/gnuram_async_fifo.xpm_fifo_base_inst/gen_cdc_pntr.wr_pntr_cdc_inst/src_gray_ff_reg[1]} \
          {lesion_i/video/hdmi_out/frontend/v_axi4s_vid_out_0/inst/COUPLER_INST/generate_async_fifo.FIFO_INST/XPM_FIFO_ASYNC_INST/gnuram_async_fifo.xpm_fifo_base_inst/gen_cdc_pntr.wr_pntr_cdc_inst/src_gray_ff_reg[2]} \
          {lesion_i/video/hdmi_out/frontend/v_axi4s_vid_out_0/inst/COUPLER_INST/generate_async_fifo.FIFO_INST/XPM_FIFO_ASYNC_INST/gnuram_async_fifo.xpm_fifo_base_inst/gen_cdc_pntr.wr_pntr_cdc_inst/src_gray_ff_reg[3]} \
          {lesion_i/video/hdmi_out/frontend/v_axi4s_vid_out_0/inst/COUPLER_INST/generate_async_fifo.FIFO_INST/XPM_FIFO_ASYNC_INST/gnuram_async_fifo.xpm_fifo_base_inst/gen_cdc_pntr.wr_pntr_cdc_inst/src_gray_ff_reg[4]} \
          {lesion_i/video/hdmi_out/frontend/v_axi4s_vid_out_0/inst/COUPLER_INST/generate_async_fifo.FIFO_INST/XPM_FIFO_ASYNC_INST/gnuram_async_fifo.xpm_fifo_base_inst/gen_cdc_pntr.wr_pntr_cdc_inst/src_gray_ff_reg[5]} \
          {lesion_i/video/hdmi_out/frontend/v_axi4s_vid_out_0/inst/COUPLER_INST/generate_async_fifo.FIFO_INST/XPM_FIFO_ASYNC_INST/gnuram_async_fifo.xpm_fifo_base_inst/gen_cdc_pntr.wr_pntr_cdc_inst/src_gray_ff_reg[6]} \
          {lesion_i/video/hdmi_out/frontend/v_axi4s_vid_out_0/inst/COUPLER_INST/generate_async_fifo.FIFO_INST/XPM_FIFO_ASYNC_INST/gnuram_async_fifo.xpm_fifo_base_inst/gen_cdc_pntr.wr_pntr_cdc_inst/src_gray_ff_reg[7]} \
          {lesion_i/video/hdmi_out/frontend/v_axi4s_vid_out_0/inst/COUPLER_INST/generate_async_fifo.FIFO_INST/XPM_FIFO_ASYNC_INST/gnuram_async_fifo.xpm_fifo_base_inst/gen_cdc_pntr.wr_pntr_cdc_inst/src_gray_ff_reg[8]} \
          {lesion_i/video/hdmi_out/frontend/v_axi4s_vid_out_0/inst/COUPLER_INST/generate_async_fifo.FIFO_INST/XPM_FIFO_ASYNC_INST/gnuram_async_fifo.xpm_fifo_base_inst/gen_cdc_pntr.wr_pntr_cdc_inst/src_gray_ff_reg[9]}]] -to [get_cells [list {lesion_i/video/hdmi_out/frontend/v_axi4s_vid_out_0/inst/COUPLER_INST/generate_async_fifo.FIFO_INST/XPM_FIFO_ASYNC_INST/gnuram_async_fifo.xpm_fifo_base_inst/gen_cdc_pntr.wr_pntr_cdc_inst/dest_graysync_ff_reg[0][0]} \
          {lesion_i/video/hdmi_out/frontend/v_axi4s_vid_out_0/inst/COUPLER_INST/generate_async_fifo.FIFO_INST/XPM_FIFO_ASYNC_INST/gnuram_async_fifo.xpm_fifo_base_inst/gen_cdc_pntr.wr_pntr_cdc_inst/dest_graysync_ff_reg[0][10]} \
          {lesion_i/video/hdmi_out/frontend/v_axi4s_vid_out_0/inst/COUPLER_INST/generate_async_fifo.FIFO_INST/XPM_FIFO_ASYNC_INST/gnuram_async_fifo.xpm_fifo_base_inst/gen_cdc_pntr.wr_pntr_cdc_inst/dest_graysync_ff_reg[0][1]} \
          {lesion_i/video/hdmi_out/frontend/v_axi4s_vid_out_0/inst/COUPLER_INST/generate_async_fifo.FIFO_INST/XPM_FIFO_ASYNC_INST/gnuram_async_fifo.xpm_fifo_base_inst/gen_cdc_pntr.wr_pntr_cdc_inst/dest_graysync_ff_reg[0][2]} \
          {lesion_i/video/hdmi_out/frontend/v_axi4s_vid_out_0/inst/COUPLER_INST/generate_async_fifo.FIFO_INST/XPM_FIFO_ASYNC_INST/gnuram_async_fifo.xpm_fifo_base_inst/gen_cdc_pntr.wr_pntr_cdc_inst/dest_graysync_ff_reg[0][3]} \
          {lesion_i/video/hdmi_out/frontend/v_axi4s_vid_out_0/inst/COUPLER_INST/generate_async_fifo.FIFO_INST/XPM_FIFO_ASYNC_INST/gnuram_async_fifo.xpm_fifo_base_inst/gen_cdc_pntr.wr_pntr_cdc_inst/dest_graysync_ff_reg[0][4]} \
          {lesion_i/video/hdmi_out/frontend/v_axi4s_vid_out_0/inst/COUPLER_INST/generate_async_fifo.FIFO_INST/XPM_FIFO_ASYNC_INST/gnuram_async_fifo.xpm_fifo_base_inst/gen_cdc_pntr.wr_pntr_cdc_inst/dest_graysync_ff_reg[0][5]} \
          {lesion_i/video/hdmi_out/frontend/v_axi4s_vid_out_0/inst/COUPLER_INST/generate_async_fifo.FIFO_INST/XPM_FIFO_ASYNC_INST/gnuram_async_fifo.xpm_fifo_base_inst/gen_cdc_pntr.wr_pntr_cdc_inst/dest_graysync_ff_reg[0][6]} \
          {lesion_i/video/hdmi_out/frontend/v_axi4s_vid_out_0/inst/COUPLER_INST/generate_async_fifo.FIFO_INST/XPM_FIFO_ASYNC_INST/gnuram_async_fifo.xpm_fifo_base_inst/gen_cdc_pntr.wr_pntr_cdc_inst/dest_graysync_ff_reg[0][7]} \
          {lesion_i/video/hdmi_out/frontend/v_axi4s_vid_out_0/inst/COUPLER_INST/generate_async_fifo.FIFO_INST/XPM_FIFO_ASYNC_INST/gnuram_async_fifo.xpm_fifo_base_inst/gen_cdc_pntr.wr_pntr_cdc_inst/dest_graysync_ff_reg[0][8]} \
          {lesion_i/video/hdmi_out/frontend/v_axi4s_vid_out_0/inst/COUPLER_INST/generate_async_fifo.FIFO_INST/XPM_FIFO_ASYNC_INST/gnuram_async_fifo.xpm_fifo_base_inst/gen_cdc_pntr.wr_pntr_cdc_inst/dest_graysync_ff_reg[0][9]}]] 7.000
Requirement: 7.000ns
Endpoints: 11

From Clock            To Clock              Endpoint Pin                    Reference Pin                   Corner  Actual(ns)  Slack(ns)
--------------------  --------------------  ------------------------------  ------------------------------  ------  ----------  ---------
clk_fpga_1            axi_dynclk_0_PXL_CLK_O
                                            lesion_i/video/hdmi_out/frontend/v_axi4s_vid_out_0/inst/COUPLER_INST/generate_async_fifo.FIFO_INST/XPM_FIFO_ASYNC_INST/gnuram_async_fifo.xpm_fifo_base_inst/gen_cdc_pntr.wr_pntr_cdc_inst/dest_graysync_ff_reg[0][1]/D
                                                                            lesion_i/video/hdmi_out/frontend/v_axi4s_vid_out_0/inst/COUPLER_INST/generate_async_fifo.FIFO_INST/XPM_FIFO_ASYNC_INST/gnuram_async_fifo.xpm_fifo_base_inst/gen_cdc_pntr.wr_pntr_cdc_inst/dest_graysync_ff_reg[0][8]/D
                                                                                                            Slow         0.975      6.025


Slack (MET) :             6.025ns  (requirement - actual skew)
  Endpoint Source:        lesion_i/video/hdmi_out/frontend/v_axi4s_vid_out_0/inst/COUPLER_INST/generate_async_fifo.FIFO_INST/XPM_FIFO_ASYNC_INST/gnuram_async_fifo.xpm_fifo_base_inst/gen_cdc_pntr.wr_pntr_cdc_inst/src_gray_ff_reg[1]/C
                            (rising edge-triggered cell FDRE clocked by clk_fpga_1)
  Endpoint Destination:   lesion_i/video/hdmi_out/frontend/v_axi4s_vid_out_0/inst/COUPLER_INST/generate_async_fifo.FIFO_INST/XPM_FIFO_ASYNC_INST/gnuram_async_fifo.xpm_fifo_base_inst/gen_cdc_pntr.wr_pntr_cdc_inst/dest_graysync_ff_reg[0][1]/D
                            (rising edge-triggered cell FDRE clocked by axi_dynclk_0_PXL_CLK_O)
  Reference Source:       lesion_i/video/hdmi_out/frontend/v_axi4s_vid_out_0/inst/COUPLER_INST/generate_async_fifo.FIFO_INST/XPM_FIFO_ASYNC_INST/gnuram_async_fifo.xpm_fifo_base_inst/gen_cdc_pntr.wr_pntr_cdc_inst/src_gray_ff_reg[8]/C
                            (rising edge-triggered cell FDRE clocked by clk_fpga_1)
  Reference Destination:  lesion_i/video/hdmi_out/frontend/v_axi4s_vid_out_0/inst/COUPLER_INST/generate_async_fifo.FIFO_INST/XPM_FIFO_ASYNC_INST/gnuram_async_fifo.xpm_fifo_base_inst/gen_cdc_pntr.wr_pntr_cdc_inst/dest_graysync_ff_reg[0][8]/D
                            (rising edge-triggered cell FDRE clocked by axi_dynclk_0_PXL_CLK_O)
  Path Type:              Bus Skew (Max at Slow Process Corner)
  Requirement:            7.000ns
  Endpoint Relative Delay:   -0.931ns
  Reference Relative Delay:  -2.738ns
  Relative CRPR:              0.832ns
  Actual Bus Skew:            0.975ns  (Endpoint Relative Delay - Reference Relative Delay - Relative CRPR)

Endpoint path:
    Location             Delay type                Incr(ns)  Path(ns)    Netlist Resource(s)
  -------------------------------------------------------------------    -------------------
                         (clock clk_fpga_1 rise edge)
                                                      0.000     0.000 r  
    PS7_X0Y0             PS7                          0.000     0.000 r  lesion_i/ps7_0/inst/PS7_i/FCLKCLK[1]
                         net (fo=1, routed)           1.193     1.193    lesion_i/ps7_0/inst/FCLK_CLK_unbuffered[1]
    BUFGCTRL_X0Y17       BUFG (Prop_bufg_I_O)         0.101     1.294 r  lesion_i/ps7_0/inst/buffer_fclk_clk_1.FCLK_CLK_1_BUFG/O
                         net (fo=7661, routed)        1.965     3.259    lesion_i/video/hdmi_out/frontend/v_axi4s_vid_out_0/inst/COUPLER_INST/generate_async_fifo.FIFO_INST/XPM_FIFO_ASYNC_INST/gnuram_async_fifo.xpm_fifo_base_inst/gen_cdc_pntr.wr_pntr_cdc_inst/src_clk
    SLICE_X96Y131        FDRE                                         r  lesion_i/video/hdmi_out/frontend/v_axi4s_vid_out_0/inst/COUPLER_INST/generate_async_fifo.FIFO_INST/XPM_FIFO_ASYNC_INST/gnuram_async_fifo.xpm_fifo_base_inst/gen_cdc_pntr.wr_pntr_cdc_inst/src_gray_ff_reg[1]/C
  -------------------------------------------------------------------    -------------------
    SLICE_X96Y131        FDRE (Prop_fdre_C_Q)         0.478     3.737 r  lesion_i/video/hdmi_out/frontend/v_axi4s_vid_out_0/inst/COUPLER_INST/generate_async_fifo.FIFO_INST/XPM_FIFO_ASYNC_INST/gnuram_async_fifo.xpm_fifo_base_inst/gen_cdc_pntr.wr_pntr_cdc_inst/src_gray_ff_reg[1]/Q
                         net (fo=1, routed)           0.791     4.528    lesion_i/video/hdmi_out/frontend/v_axi4s_vid_out_0/inst/COUPLER_INST/generate_async_fifo.FIFO_INST/XPM_FIFO_ASYNC_INST/gnuram_async_fifo.xpm_fifo_base_inst/gen_cdc_pntr.wr_pntr_cdc_inst/async_path[1]
    SLICE_X95Y130        FDRE                                         r  lesion_i/video/hdmi_out/frontend/v_axi4s_vid_out_0/inst/COUPLER_INST/generate_async_fifo.FIFO_INST/XPM_FIFO_ASYNC_INST/gnuram_async_fifo.xpm_fifo_base_inst/gen_cdc_pntr.wr_pntr_cdc_inst/dest_graysync_ff_reg[0][1]/D
  -------------------------------------------------------------------    -------------------

                         (clock axi_dynclk_0_PXL_CLK_O rise edge)
                                                      0.000     0.000 r  
    PS7_X0Y0             PS7                          0.000     0.000 r  lesion_i/ps7_0/inst/PS7_i/FCLKCLK[0]
                         net (fo=1, routed)           1.088     1.088    lesion_i/ps7_0/inst/FCLK_CLK_unbuffered[0]
    BUFGCTRL_X0Y16       BUFG (Prop_bufg_I_O)         0.091     1.179 r  lesion_i/ps7_0/inst/buffer_fclk_clk_0.FCLK_CLK_0_BUFG/O
                         net (fo=24933, routed)       1.770     2.949    lesion_i/video/hdmi_out/frontend/axi_dynclk/U0/Inst_mmcme2_drp/REF_CLK_I
    MMCME2_ADV_X1Y2      MMCME2_ADV (Prop_mmcme2_adv_CLKIN1_CLKOUT0)
                                                      0.083     3.032 r  lesion_i/video/hdmi_out/frontend/axi_dynclk/U0/Inst_mmcme2_drp/mmcm_adv_inst/CLKOUT0
                         net (fo=2, routed)           0.960     3.992    lesion_i/video/hdmi_out/frontend/axi_dynclk/U0/I
    BUFR_X1Y9            BUFR (Prop_bufr_I_O)         0.918     4.910 r  lesion_i/video/hdmi_out/frontend/axi_dynclk/U0/BUFR_inst/O
                         net (fo=2854, routed)        0.816     5.726    lesion_i/video/hdmi_out/frontend/v_axi4s_vid_out_0/inst/COUPLER_INST/generate_async_fifo.FIFO_INST/XPM_FIFO_ASYNC_INST/gnuram_async_fifo.xpm_fifo_base_inst/gen_cdc_pntr.wr_pntr_cdc_inst/dest_clk
    SLICE_X95Y130        FDRE                                         r  lesion_i/video/hdmi_out/frontend/v_axi4s_vid_out_0/inst/COUPLER_INST/generate_async_fifo.FIFO_INST/XPM_FIFO_ASYNC_INST/gnuram_async_fifo.xpm_fifo_base_inst/gen_cdc_pntr.wr_pntr_cdc_inst/dest_graysync_ff_reg[0][1]/C
                         clock pessimism              0.000     5.726    
    SLICE_X95Y130        FDRE (Setup_fdre_C_D)       -0.267     5.459    lesion_i/video/hdmi_out/frontend/v_axi4s_vid_out_0/inst/COUPLER_INST/generate_async_fifo.FIFO_INST/XPM_FIFO_ASYNC_INST/gnuram_async_fifo.xpm_fifo_base_inst/gen_cdc_pntr.wr_pntr_cdc_inst/dest_graysync_ff_reg[0][1]
  -------------------------------------------------------------------
                         data arrival                           4.528    
                         clock arrival                          5.459    
  -------------------------------------------------------------------
                         relative delay                        -0.931    

Reference path:
    Location             Delay type                Incr(ns)  Path(ns)    Netlist Resource(s)
  -------------------------------------------------------------------    -------------------
                         (clock clk_fpga_1 rise edge)
                                                      0.000     0.000 r  
    PS7_X0Y0             PS7                          0.000     0.000 r  lesion_i/ps7_0/inst/PS7_i/FCLKCLK[1]
                         net (fo=1, routed)           1.088     1.088    lesion_i/ps7_0/inst/FCLK_CLK_unbuffered[1]
    BUFGCTRL_X0Y17       BUFG (Prop_bufg_I_O)         0.091     1.179 r  lesion_i/ps7_0/inst/buffer_fclk_clk_1.FCLK_CLK_1_BUFG/O
                         net (fo=7661, routed)        1.773     2.952    lesion_i/video/hdmi_out/frontend/v_axi4s_vid_out_0/inst/COUPLER_INST/generate_async_fifo.FIFO_INST/XPM_FIFO_ASYNC_INST/gnuram_async_fifo.xpm_fifo_base_inst/gen_cdc_pntr.wr_pntr_cdc_inst/src_clk
    SLICE_X93Y133        FDRE                                         r  lesion_i/video/hdmi_out/frontend/v_axi4s_vid_out_0/inst/COUPLER_INST/generate_async_fifo.FIFO_INST/XPM_FIFO_ASYNC_INST/gnuram_async_fifo.xpm_fifo_base_inst/gen_cdc_pntr.wr_pntr_cdc_inst/src_gray_ff_reg[8]/C
  -------------------------------------------------------------------    -------------------
    SLICE_X93Y133        FDRE (Prop_fdre_C_Q)         0.367     3.319 r  lesion_i/video/hdmi_out/frontend/v_axi4s_vid_out_0/inst/COUPLER_INST/generate_async_fifo.FIFO_INST/XPM_FIFO_ASYNC_INST/gnuram_async_fifo.xpm_fifo_base_inst/gen_cdc_pntr.wr_pntr_cdc_inst/src_gray_ff_reg[8]/Q
                         net (fo=1, routed)           0.516     3.835    lesion_i/video/hdmi_out/frontend/v_axi4s_vid_out_0/inst/COUPLER_INST/generate_async_fifo.FIFO_INST/XPM_FIFO_ASYNC_INST/gnuram_async_fifo.xpm_fifo_base_inst/gen_cdc_pntr.wr_pntr_cdc_inst/async_path[8]
    SLICE_X96Y135        FDRE                                         r  lesion_i/video/hdmi_out/frontend/v_axi4s_vid_out_0/inst/COUPLER_INST/generate_async_fifo.FIFO_INST/XPM_FIFO_ASYNC_INST/gnuram_async_fifo.xpm_fifo_base_inst/gen_cdc_pntr.wr_pntr_cdc_inst/dest_graysync_ff_reg[0][8]/D
  -------------------------------------------------------------------    -------------------

                         (clock axi_dynclk_0_PXL_CLK_O rise edge)
                                                      0.000     0.000 r  
    PS7_X0Y0             PS7                          0.000     0.000 r  lesion_i/ps7_0/inst/PS7_i/FCLKCLK[0]
                         net (fo=1, routed)           1.193     1.193    lesion_i/ps7_0/inst/FCLK_CLK_unbuffered[0]
    BUFGCTRL_X0Y16       BUFG (Prop_bufg_I_O)         0.101     1.294 r  lesion_i/ps7_0/inst/buffer_fclk_clk_0.FCLK_CLK_0_BUFG/O
                         net (fo=24933, routed)       1.980     3.274    lesion_i/video/hdmi_out/frontend/axi_dynclk/U0/Inst_mmcme2_drp/REF_CLK_I
    MMCME2_ADV_X1Y2      MMCME2_ADV (Prop_mmcme2_adv_CLKIN1_CLKOUT0)
                                                      0.088     3.362 r  lesion_i/video/hdmi_out/frontend/axi_dynclk/U0/Inst_mmcme2_drp/mmcm_adv_inst/CLKOUT0
                         net (fo=2, routed)           1.063     4.425    lesion_i/video/hdmi_out/frontend/axi_dynclk/U0/I
    BUFR_X1Y9            BUFR (Prop_bufr_I_O)         1.031     5.456 r  lesion_i/video/hdmi_out/frontend/axi_dynclk/U0/BUFR_inst/O
                         net (fo=2854, routed)        0.886     6.342    lesion_i/video/hdmi_out/frontend/v_axi4s_vid_out_0/inst/COUPLER_INST/generate_async_fifo.FIFO_INST/XPM_FIFO_ASYNC_INST/gnuram_async_fifo.xpm_fifo_base_inst/gen_cdc_pntr.wr_pntr_cdc_inst/dest_clk
    SLICE_X96Y135        FDRE                                         r  lesion_i/video/hdmi_out/frontend/v_axi4s_vid_out_0/inst/COUPLER_INST/generate_async_fifo.FIFO_INST/XPM_FIFO_ASYNC_INST/gnuram_async_fifo.xpm_fifo_base_inst/gen_cdc_pntr.wr_pntr_cdc_inst/dest_graysync_ff_reg[0][8]/C
                         clock pessimism              0.000     6.342    
    SLICE_X96Y135        FDRE (Hold_fdre_C_D)         0.231     6.573    lesion_i/video/hdmi_out/frontend/v_axi4s_vid_out_0/inst/COUPLER_INST/generate_async_fifo.FIFO_INST/XPM_FIFO_ASYNC_INST/gnuram_async_fifo.xpm_fifo_base_inst/gen_cdc_pntr.wr_pntr_cdc_inst/dest_graysync_ff_reg[0][8]
  -------------------------------------------------------------------
                         data arrival                           3.835    
                         clock arrival                          6.573    
  -------------------------------------------------------------------
                         relative delay                        -2.738    



Id: 3
set_bus_skew -from [get_cells [list {lesion_i/video/hdmi_out/frontend/v_axi4s_vid_out_0/inst/COUPLER_INST/generate_async_fifo.FIFO_INST/XPM_FIFO_ASYNC_INST/gnuram_async_fifo.xpm_fifo_base_inst/gen_cdc_pntr.wr_pntr_cdc_dc_inst/src_gray_ff_reg[0]} \
          {lesion_i/video/hdmi_out/frontend/v_axi4s_vid_out_0/inst/COUPLER_INST/generate_async_fifo.FIFO_INST/XPM_FIFO_ASYNC_INST/gnuram_async_fifo.xpm_fifo_base_inst/gen_cdc_pntr.wr_pntr_cdc_dc_inst/src_gray_ff_reg[10]} \
          {lesion_i/video/hdmi_out/frontend/v_axi4s_vid_out_0/inst/COUPLER_INST/generate_async_fifo.FIFO_INST/XPM_FIFO_ASYNC_INST/gnuram_async_fifo.xpm_fifo_base_inst/gen_cdc_pntr.wr_pntr_cdc_dc_inst/src_gray_ff_reg[11]} \
          {lesion_i/video/hdmi_out/frontend/v_axi4s_vid_out_0/inst/COUPLER_INST/generate_async_fifo.FIFO_INST/XPM_FIFO_ASYNC_INST/gnuram_async_fifo.xpm_fifo_base_inst/gen_cdc_pntr.wr_pntr_cdc_dc_inst/src_gray_ff_reg[1]} \
          {lesion_i/video/hdmi_out/frontend/v_axi4s_vid_out_0/inst/COUPLER_INST/generate_async_fifo.FIFO_INST/XPM_FIFO_ASYNC_INST/gnuram_async_fifo.xpm_fifo_base_inst/gen_cdc_pntr.wr_pntr_cdc_dc_inst/src_gray_ff_reg[2]} \
          {lesion_i/video/hdmi_out/frontend/v_axi4s_vid_out_0/inst/COUPLER_INST/generate_async_fifo.FIFO_INST/XPM_FIFO_ASYNC_INST/gnuram_async_fifo.xpm_fifo_base_inst/gen_cdc_pntr.wr_pntr_cdc_dc_inst/src_gray_ff_reg[3]} \
          {lesion_i/video/hdmi_out/frontend/v_axi4s_vid_out_0/inst/COUPLER_INST/generate_async_fifo.FIFO_INST/XPM_FIFO_ASYNC_INST/gnuram_async_fifo.xpm_fifo_base_inst/gen_cdc_pntr.wr_pntr_cdc_dc_inst/src_gray_ff_reg[4]} \
          {lesion_i/video/hdmi_out/frontend/v_axi4s_vid_out_0/inst/COUPLER_INST/generate_async_fifo.FIFO_INST/XPM_FIFO_ASYNC_INST/gnuram_async_fifo.xpm_fifo_base_inst/gen_cdc_pntr.wr_pntr_cdc_dc_inst/src_gray_ff_reg[5]} \
          {lesion_i/video/hdmi_out/frontend/v_axi4s_vid_out_0/inst/COUPLER_INST/generate_async_fifo.FIFO_INST/XPM_FIFO_ASYNC_INST/gnuram_async_fifo.xpm_fifo_base_inst/gen_cdc_pntr.wr_pntr_cdc_dc_inst/src_gray_ff_reg[6]} \
          {lesion_i/video/hdmi_out/frontend/v_axi4s_vid_out_0/inst/COUPLER_INST/generate_async_fifo.FIFO_INST/XPM_FIFO_ASYNC_INST/gnuram_async_fifo.xpm_fifo_base_inst/gen_cdc_pntr.wr_pntr_cdc_dc_inst/src_gray_ff_reg[7]} \
          {lesion_i/video/hdmi_out/frontend/v_axi4s_vid_out_0/inst/COUPLER_INST/generate_async_fifo.FIFO_INST/XPM_FIFO_ASYNC_INST/gnuram_async_fifo.xpm_fifo_base_inst/gen_cdc_pntr.wr_pntr_cdc_dc_inst/src_gray_ff_reg[8]} \
          {lesion_i/video/hdmi_out/frontend/v_axi4s_vid_out_0/inst/COUPLER_INST/generate_async_fifo.FIFO_INST/XPM_FIFO_ASYNC_INST/gnuram_async_fifo.xpm_fifo_base_inst/gen_cdc_pntr.wr_pntr_cdc_dc_inst/src_gray_ff_reg[9]}]] -to [get_cells [list {lesion_i/video/hdmi_out/frontend/v_axi4s_vid_out_0/inst/COUPLER_INST/generate_async_fifo.FIFO_INST/XPM_FIFO_ASYNC_INST/gnuram_async_fifo.xpm_fifo_base_inst/gen_cdc_pntr.wr_pntr_cdc_dc_inst/dest_graysync_ff_reg[0][0]} \
          {lesion_i/video/hdmi_out/frontend/v_axi4s_vid_out_0/inst/COUPLER_INST/generate_async_fifo.FIFO_INST/XPM_FIFO_ASYNC_INST/gnuram_async_fifo.xpm_fifo_base_inst/gen_cdc_pntr.wr_pntr_cdc_dc_inst/dest_graysync_ff_reg[0][10]} \
          {lesion_i/video/hdmi_out/frontend/v_axi4s_vid_out_0/inst/COUPLER_INST/generate_async_fifo.FIFO_INST/XPM_FIFO_ASYNC_INST/gnuram_async_fifo.xpm_fifo_base_inst/gen_cdc_pntr.wr_pntr_cdc_dc_inst/dest_graysync_ff_reg[0][11]} \
          {lesion_i/video/hdmi_out/frontend/v_axi4s_vid_out_0/inst/COUPLER_INST/generate_async_fifo.FIFO_INST/XPM_FIFO_ASYNC_INST/gnuram_async_fifo.xpm_fifo_base_inst/gen_cdc_pntr.wr_pntr_cdc_dc_inst/dest_graysync_ff_reg[0][1]} \
          {lesion_i/video/hdmi_out/frontend/v_axi4s_vid_out_0/inst/COUPLER_INST/generate_async_fifo.FIFO_INST/XPM_FIFO_ASYNC_INST/gnuram_async_fifo.xpm_fifo_base_inst/gen_cdc_pntr.wr_pntr_cdc_dc_inst/dest_graysync_ff_reg[0][2]} \
          {lesion_i/video/hdmi_out/frontend/v_axi4s_vid_out_0/inst/COUPLER_INST/generate_async_fifo.FIFO_INST/XPM_FIFO_ASYNC_INST/gnuram_async_fifo.xpm_fifo_base_inst/gen_cdc_pntr.wr_pntr_cdc_dc_inst/dest_graysync_ff_reg[0][3]} \
          {lesion_i/video/hdmi_out/frontend/v_axi4s_vid_out_0/inst/COUPLER_INST/generate_async_fifo.FIFO_INST/XPM_FIFO_ASYNC_INST/gnuram_async_fifo.xpm_fifo_base_inst/gen_cdc_pntr.wr_pntr_cdc_dc_inst/dest_graysync_ff_reg[0][4]} \
          {lesion_i/video/hdmi_out/frontend/v_axi4s_vid_out_0/inst/COUPLER_INST/generate_async_fifo.FIFO_INST/XPM_FIFO_ASYNC_INST/gnuram_async_fifo.xpm_fifo_base_inst/gen_cdc_pntr.wr_pntr_cdc_dc_inst/dest_graysync_ff_reg[0][5]} \
          {lesion_i/video/hdmi_out/frontend/v_axi4s_vid_out_0/inst/COUPLER_INST/generate_async_fifo.FIFO_INST/XPM_FIFO_ASYNC_INST/gnuram_async_fifo.xpm_fifo_base_inst/gen_cdc_pntr.wr_pntr_cdc_dc_inst/dest_graysync_ff_reg[0][6]} \
          {lesion_i/video/hdmi_out/frontend/v_axi4s_vid_out_0/inst/COUPLER_INST/generate_async_fifo.FIFO_INST/XPM_FIFO_ASYNC_INST/gnuram_async_fifo.xpm_fifo_base_inst/gen_cdc_pntr.wr_pntr_cdc_dc_inst/dest_graysync_ff_reg[0][7]} \
          {lesion_i/video/hdmi_out/frontend/v_axi4s_vid_out_0/inst/COUPLER_INST/generate_async_fifo.FIFO_INST/XPM_FIFO_ASYNC_INST/gnuram_async_fifo.xpm_fifo_base_inst/gen_cdc_pntr.wr_pntr_cdc_dc_inst/dest_graysync_ff_reg[0][8]} \
          {lesion_i/video/hdmi_out/frontend/v_axi4s_vid_out_0/inst/COUPLER_INST/generate_async_fifo.FIFO_INST/XPM_FIFO_ASYNC_INST/gnuram_async_fifo.xpm_fifo_base_inst/gen_cdc_pntr.wr_pntr_cdc_dc_inst/dest_graysync_ff_reg[0][9]}]] 7.000
Requirement: 7.000ns
Endpoints: 12

From Clock            To Clock              Endpoint Pin                    Reference Pin                   Corner  Actual(ns)  Slack(ns)
--------------------  --------------------  ------------------------------  ------------------------------  ------  ----------  ---------
clk_fpga_1            axi_dynclk_0_PXL_CLK_O
                                            lesion_i/video/hdmi_out/frontend/v_axi4s_vid_out_0/inst/COUPLER_INST/generate_async_fifo.FIFO_INST/XPM_FIFO_ASYNC_INST/gnuram_async_fifo.xpm_fifo_base_inst/gen_cdc_pntr.wr_pntr_cdc_dc_inst/dest_graysync_ff_reg[0][3]/D
                                                                            lesion_i/video/hdmi_out/frontend/v_axi4s_vid_out_0/inst/COUPLER_INST/generate_async_fifo.FIFO_INST/XPM_FIFO_ASYNC_INST/gnuram_async_fifo.xpm_fifo_base_inst/gen_cdc_pntr.wr_pntr_cdc_dc_inst/dest_graysync_ff_reg[0][6]/D
                                                                                                            Slow         0.907      6.093


Slack (MET) :             6.093ns  (requirement - actual skew)
  Endpoint Source:        lesion_i/video/hdmi_out/frontend/v_axi4s_vid_out_0/inst/COUPLER_INST/generate_async_fifo.FIFO_INST/XPM_FIFO_ASYNC_INST/gnuram_async_fifo.xpm_fifo_base_inst/gen_cdc_pntr.wr_pntr_cdc_dc_inst/src_gray_ff_reg[3]/C
                            (rising edge-triggered cell FDRE clocked by clk_fpga_1)
  Endpoint Destination:   lesion_i/video/hdmi_out/frontend/v_axi4s_vid_out_0/inst/COUPLER_INST/generate_async_fifo.FIFO_INST/XPM_FIFO_ASYNC_INST/gnuram_async_fifo.xpm_fifo_base_inst/gen_cdc_pntr.wr_pntr_cdc_dc_inst/dest_graysync_ff_reg[0][3]/D
                            (rising edge-triggered cell FDRE clocked by axi_dynclk_0_PXL_CLK_O)
  Reference Source:       lesion_i/video/hdmi_out/frontend/v_axi4s_vid_out_0/inst/COUPLER_INST/generate_async_fifo.FIFO_INST/XPM_FIFO_ASYNC_INST/gnuram_async_fifo.xpm_fifo_base_inst/gen_cdc_pntr.wr_pntr_cdc_dc_inst/src_gray_ff_reg[6]/C
                            (rising edge-triggered cell FDRE clocked by clk_fpga_1)
  Reference Destination:  lesion_i/video/hdmi_out/frontend/v_axi4s_vid_out_0/inst/COUPLER_INST/generate_async_fifo.FIFO_INST/XPM_FIFO_ASYNC_INST/gnuram_async_fifo.xpm_fifo_base_inst/gen_cdc_pntr.wr_pntr_cdc_dc_inst/dest_graysync_ff_reg[0][6]/D
                            (rising edge-triggered cell FDRE clocked by axi_dynclk_0_PXL_CLK_O)
  Path Type:              Bus Skew (Max at Slow Process Corner)
  Requirement:            7.000ns
  Endpoint Relative Delay:   -1.065ns
  Reference Relative Delay:  -2.825ns
  Relative CRPR:              0.854ns
  Actual Bus Skew:            0.907ns  (Endpoint Relative Delay - Reference Relative Delay - Relative CRPR)

Endpoint path:
    Location             Delay type                Incr(ns)  Path(ns)    Netlist Resource(s)
  -------------------------------------------------------------------    -------------------
                         (clock clk_fpga_1 rise edge)
                                                      0.000     0.000 r  
    PS7_X0Y0             PS7                          0.000     0.000 r  lesion_i/ps7_0/inst/PS7_i/FCLKCLK[1]
                         net (fo=1, routed)           1.193     1.193    lesion_i/ps7_0/inst/FCLK_CLK_unbuffered[1]
    BUFGCTRL_X0Y17       BUFG (Prop_bufg_I_O)         0.101     1.294 r  lesion_i/ps7_0/inst/buffer_fclk_clk_1.FCLK_CLK_1_BUFG/O
                         net (fo=7661, routed)        1.965     3.259    lesion_i/video/hdmi_out/frontend/v_axi4s_vid_out_0/inst/COUPLER_INST/generate_async_fifo.FIFO_INST/XPM_FIFO_ASYNC_INST/gnuram_async_fifo.xpm_fifo_base_inst/gen_cdc_pntr.wr_pntr_cdc_dc_inst/src_clk
    SLICE_X96Y131        FDRE                                         r  lesion_i/video/hdmi_out/frontend/v_axi4s_vid_out_0/inst/COUPLER_INST/generate_async_fifo.FIFO_INST/XPM_FIFO_ASYNC_INST/gnuram_async_fifo.xpm_fifo_base_inst/gen_cdc_pntr.wr_pntr_cdc_dc_inst/src_gray_ff_reg[3]/C
  -------------------------------------------------------------------    -------------------
    SLICE_X96Y131        FDRE (Prop_fdre_C_Q)         0.478     3.737 r  lesion_i/video/hdmi_out/frontend/v_axi4s_vid_out_0/inst/COUPLER_INST/generate_async_fifo.FIFO_INST/XPM_FIFO_ASYNC_INST/gnuram_async_fifo.xpm_fifo_base_inst/gen_cdc_pntr.wr_pntr_cdc_dc_inst/src_gray_ff_reg[3]/Q
                         net (fo=1, routed)           0.652     4.389    lesion_i/video/hdmi_out/frontend/v_axi4s_vid_out_0/inst/COUPLER_INST/generate_async_fifo.FIFO_INST/XPM_FIFO_ASYNC_INST/gnuram_async_fifo.xpm_fifo_base_inst/gen_cdc_pntr.wr_pntr_cdc_dc_inst/async_path[3]
    SLICE_X103Y131       FDRE                                         r  lesion_i/video/hdmi_out/frontend/v_axi4s_vid_out_0/inst/COUPLER_INST/generate_async_fifo.FIFO_INST/XPM_FIFO_ASYNC_INST/gnuram_async_fifo.xpm_fifo_base_inst/gen_cdc_pntr.wr_pntr_cdc_dc_inst/dest_graysync_ff_reg[0][3]/D
  -------------------------------------------------------------------    -------------------

                         (clock axi_dynclk_0_PXL_CLK_O rise edge)
                                                      0.000     0.000 r  
    PS7_X0Y0             PS7                          0.000     0.000 r  lesion_i/ps7_0/inst/PS7_i/FCLKCLK[0]
                         net (fo=1, routed)           1.088     1.088    lesion_i/ps7_0/inst/FCLK_CLK_unbuffered[0]
    BUFGCTRL_X0Y16       BUFG (Prop_bufg_I_O)         0.091     1.179 r  lesion_i/ps7_0/inst/buffer_fclk_clk_0.FCLK_CLK_0_BUFG/O
                         net (fo=24933, routed)       1.770     2.949    lesion_i/video/hdmi_out/frontend/axi_dynclk/U0/Inst_mmcme2_drp/REF_CLK_I
    MMCME2_ADV_X1Y2      MMCME2_ADV (Prop_mmcme2_adv_CLKIN1_CLKOUT0)
                                                      0.083     3.032 r  lesion_i/video/hdmi_out/frontend/axi_dynclk/U0/Inst_mmcme2_drp/mmcm_adv_inst/CLKOUT0
                         net (fo=2, routed)           0.960     3.992    lesion_i/video/hdmi_out/frontend/axi_dynclk/U0/I
    BUFR_X1Y9            BUFR (Prop_bufr_I_O)         0.918     4.910 r  lesion_i/video/hdmi_out/frontend/axi_dynclk/U0/BUFR_inst/O
                         net (fo=2854, routed)        0.815     5.725    lesion_i/video/hdmi_out/frontend/v_axi4s_vid_out_0/inst/COUPLER_INST/generate_async_fifo.FIFO_INST/XPM_FIFO_ASYNC_INST/gnuram_async_fifo.xpm_fifo_base_inst/gen_cdc_pntr.wr_pntr_cdc_dc_inst/dest_clk
    SLICE_X103Y131       FDRE                                         r  lesion_i/video/hdmi_out/frontend/v_axi4s_vid_out_0/inst/COUPLER_INST/generate_async_fifo.FIFO_INST/XPM_FIFO_ASYNC_INST/gnuram_async_fifo.xpm_fifo_base_inst/gen_cdc_pntr.wr_pntr_cdc_dc_inst/dest_graysync_ff_reg[0][3]/C
                         clock pessimism              0.000     5.725    
    SLICE_X103Y131       FDRE (Setup_fdre_C_D)       -0.272     5.453    lesion_i/video/hdmi_out/frontend/v_axi4s_vid_out_0/inst/COUPLER_INST/generate_async_fifo.FIFO_INST/XPM_FIFO_ASYNC_INST/gnuram_async_fifo.xpm_fifo_base_inst/gen_cdc_pntr.wr_pntr_cdc_dc_inst/dest_graysync_ff_reg[0][3]
  -------------------------------------------------------------------
                         data arrival                           4.389    
                         clock arrival                          5.453    
  -------------------------------------------------------------------
                         relative delay                        -1.065    

Reference path:
    Location             Delay type                Incr(ns)  Path(ns)    Netlist Resource(s)
  -------------------------------------------------------------------    -------------------
                         (clock clk_fpga_1 rise edge)
                                                      0.000     0.000 r  
    PS7_X0Y0             PS7                          0.000     0.000 r  lesion_i/ps7_0/inst/PS7_i/FCLKCLK[1]
                         net (fo=1, routed)           1.088     1.088    lesion_i/ps7_0/inst/FCLK_CLK_unbuffered[1]
    BUFGCTRL_X0Y17       BUFG (Prop_bufg_I_O)         0.091     1.179 r  lesion_i/ps7_0/inst/buffer_fclk_clk_1.FCLK_CLK_1_BUFG/O
                         net (fo=7661, routed)        1.778     2.957    lesion_i/video/hdmi_out/frontend/v_axi4s_vid_out_0/inst/COUPLER_INST/generate_async_fifo.FIFO_INST/XPM_FIFO_ASYNC_INST/gnuram_async_fifo.xpm_fifo_base_inst/gen_cdc_pntr.wr_pntr_cdc_dc_inst/src_clk
    SLICE_X95Y137        FDRE                                         r  lesion_i/video/hdmi_out/frontend/v_axi4s_vid_out_0/inst/COUPLER_INST/generate_async_fifo.FIFO_INST/XPM_FIFO_ASYNC_INST/gnuram_async_fifo.xpm_fifo_base_inst/gen_cdc_pntr.wr_pntr_cdc_dc_inst/src_gray_ff_reg[6]/C
  -------------------------------------------------------------------    -------------------
    SLICE_X95Y137        FDRE (Prop_fdre_C_Q)         0.367     3.324 r  lesion_i/video/hdmi_out/frontend/v_axi4s_vid_out_0/inst/COUPLER_INST/generate_async_fifo.FIFO_INST/XPM_FIFO_ASYNC_INST/gnuram_async_fifo.xpm_fifo_base_inst/gen_cdc_pntr.wr_pntr_cdc_dc_inst/src_gray_ff_reg[6]/Q
                         net (fo=1, routed)           0.423     3.747    lesion_i/video/hdmi_out/frontend/v_axi4s_vid_out_0/inst/COUPLER_INST/generate_async_fifo.FIFO_INST/XPM_FIFO_ASYNC_INST/gnuram_async_fifo.xpm_fifo_base_inst/gen_cdc_pntr.wr_pntr_cdc_dc_inst/async_path[6]
    SLICE_X94Y136        FDRE                                         r  lesion_i/video/hdmi_out/frontend/v_axi4s_vid_out_0/inst/COUPLER_INST/generate_async_fifo.FIFO_INST/XPM_FIFO_ASYNC_INST/gnuram_async_fifo.xpm_fifo_base_inst/gen_cdc_pntr.wr_pntr_cdc_dc_inst/dest_graysync_ff_reg[0][6]/D
  -------------------------------------------------------------------    -------------------

                         (clock axi_dynclk_0_PXL_CLK_O rise edge)
                                                      0.000     0.000 r  
    PS7_X0Y0             PS7                          0.000     0.000 r  lesion_i/ps7_0/inst/PS7_i/FCLKCLK[0]
                         net (fo=1, routed)           1.193     1.193    lesion_i/ps7_0/inst/FCLK_CLK_unbuffered[0]
    BUFGCTRL_X0Y16       BUFG (Prop_bufg_I_O)         0.101     1.294 r  lesion_i/ps7_0/inst/buffer_fclk_clk_0.FCLK_CLK_0_BUFG/O
                         net (fo=24933, routed)       1.980     3.274    lesion_i/video/hdmi_out/frontend/axi_dynclk/U0/Inst_mmcme2_drp/REF_CLK_I
    MMCME2_ADV_X1Y2      MMCME2_ADV (Prop_mmcme2_adv_CLKIN1_CLKOUT0)
                                                      0.088     3.362 r  lesion_i/video/hdmi_out/frontend/axi_dynclk/U0/Inst_mmcme2_drp/mmcm_adv_inst/CLKOUT0
                         net (fo=2, routed)           1.063     4.425    lesion_i/video/hdmi_out/frontend/axi_dynclk/U0/I
    BUFR_X1Y9            BUFR (Prop_bufr_I_O)         1.031     5.456 r  lesion_i/video/hdmi_out/frontend/axi_dynclk/U0/BUFR_inst/O
                         net (fo=2854, routed)        0.886     6.342    lesion_i/video/hdmi_out/frontend/v_axi4s_vid_out_0/inst/COUPLER_INST/generate_async_fifo.FIFO_INST/XPM_FIFO_ASYNC_INST/gnuram_async_fifo.xpm_fifo_base_inst/gen_cdc_pntr.wr_pntr_cdc_dc_inst/dest_clk
    SLICE_X94Y136        FDRE                                         r  lesion_i/video/hdmi_out/frontend/v_axi4s_vid_out_0/inst/COUPLER_INST/generate_async_fifo.FIFO_INST/XPM_FIFO_ASYNC_INST/gnuram_async_fifo.xpm_fifo_base_inst/gen_cdc_pntr.wr_pntr_cdc_dc_inst/dest_graysync_ff_reg[0][6]/C
                         clock pessimism              0.000     6.342    
    SLICE_X94Y136        FDRE (Hold_fdre_C_D)         0.230     6.572    lesion_i/video/hdmi_out/frontend/v_axi4s_vid_out_0/inst/COUPLER_INST/generate_async_fifo.FIFO_INST/XPM_FIFO_ASYNC_INST/gnuram_async_fifo.xpm_fifo_base_inst/gen_cdc_pntr.wr_pntr_cdc_dc_inst/dest_graysync_ff_reg[0][6]
  -------------------------------------------------------------------
                         data arrival                           3.747    
                         clock arrival                          6.572    
  -------------------------------------------------------------------
                         relative delay                        -2.825    



Id: 4
set_bus_skew -from [get_cells [list {lesion_i/video/hdmi_out/frontend/v_axi4s_vid_out_0/inst/COUPLER_INST/generate_async_fifo.FIFO_INST/XPM_FIFO_ASYNC_INST/gnuram_async_fifo.xpm_fifo_base_inst/gen_cdc_pntr.rd_pntr_cdc_dc_inst/src_gray_ff_reg[0]} \
          {lesion_i/video/hdmi_out/frontend/v_axi4s_vid_out_0/inst/COUPLER_INST/generate_async_fifo.FIFO_INST/XPM_FIFO_ASYNC_INST/gnuram_async_fifo.xpm_fifo_base_inst/gen_cdc_pntr.rd_pntr_cdc_dc_inst/src_gray_ff_reg[10]} \
          {lesion_i/video/hdmi_out/frontend/v_axi4s_vid_out_0/inst/COUPLER_INST/generate_async_fifo.FIFO_INST/XPM_FIFO_ASYNC_INST/gnuram_async_fifo.xpm_fifo_base_inst/gen_cdc_pntr.rd_pntr_cdc_dc_inst/src_gray_ff_reg[11]} \
          {lesion_i/video/hdmi_out/frontend/v_axi4s_vid_out_0/inst/COUPLER_INST/generate_async_fifo.FIFO_INST/XPM_FIFO_ASYNC_INST/gnuram_async_fifo.xpm_fifo_base_inst/gen_cdc_pntr.rd_pntr_cdc_dc_inst/src_gray_ff_reg[1]} \
          {lesion_i/video/hdmi_out/frontend/v_axi4s_vid_out_0/inst/COUPLER_INST/generate_async_fifo.FIFO_INST/XPM_FIFO_ASYNC_INST/gnuram_async_fifo.xpm_fifo_base_inst/gen_cdc_pntr.rd_pntr_cdc_dc_inst/src_gray_ff_reg[2]} \
          {lesion_i/video/hdmi_out/frontend/v_axi4s_vid_out_0/inst/COUPLER_INST/generate_async_fifo.FIFO_INST/XPM_FIFO_ASYNC_INST/gnuram_async_fifo.xpm_fifo_base_inst/gen_cdc_pntr.rd_pntr_cdc_dc_inst/src_gray_ff_reg[3]} \
          {lesion_i/video/hdmi_out/frontend/v_axi4s_vid_out_0/inst/COUPLER_INST/generate_async_fifo.FIFO_INST/XPM_FIFO_ASYNC_INST/gnuram_async_fifo.xpm_fifo_base_inst/gen_cdc_pntr.rd_pntr_cdc_dc_inst/src_gray_ff_reg[4]} \
          {lesion_i/video/hdmi_out/frontend/v_axi4s_vid_out_0/inst/COUPLER_INST/generate_async_fifo.FIFO_INST/XPM_FIFO_ASYNC_INST/gnuram_async_fifo.xpm_fifo_base_inst/gen_cdc_pntr.rd_pntr_cdc_dc_inst/src_gray_ff_reg[5]} \
          {lesion_i/video/hdmi_out/frontend/v_axi4s_vid_out_0/inst/COUPLER_INST/generate_async_fifo.FIFO_INST/XPM_FIFO_ASYNC_INST/gnuram_async_fifo.xpm_fifo_base_inst/gen_cdc_pntr.rd_pntr_cdc_dc_inst/src_gray_ff_reg[6]} \
          {lesion_i/video/hdmi_out/frontend/v_axi4s_vid_out_0/inst/COUPLER_INST/generate_async_fifo.FIFO_INST/XPM_FIFO_ASYNC_INST/gnuram_async_fifo.xpm_fifo_base_inst/gen_cdc_pntr.rd_pntr_cdc_dc_inst/src_gray_ff_reg[7]} \
          {lesion_i/video/hdmi_out/frontend/v_axi4s_vid_out_0/inst/COUPLER_INST/generate_async_fifo.FIFO_INST/XPM_FIFO_ASYNC_INST/gnuram_async_fifo.xpm_fifo_base_inst/gen_cdc_pntr.rd_pntr_cdc_dc_inst/src_gray_ff_reg[8]} \
          {lesion_i/video/hdmi_out/frontend/v_axi4s_vid_out_0/inst/COUPLER_INST/generate_async_fifo.FIFO_INST/XPM_FIFO_ASYNC_INST/gnuram_async_fifo.xpm_fifo_base_inst/gen_cdc_pntr.rd_pntr_cdc_dc_inst/src_gray_ff_reg[9]}]] -to [get_cells [list {lesion_i/video/hdmi_out/frontend/v_axi4s_vid_out_0/inst/COUPLER_INST/generate_async_fifo.FIFO_INST/XPM_FIFO_ASYNC_INST/gnuram_async_fifo.xpm_fifo_base_inst/gen_cdc_pntr.rd_pntr_cdc_dc_inst/dest_graysync_ff_reg[0][0]} \
          {lesion_i/video/hdmi_out/frontend/v_axi4s_vid_out_0/inst/COUPLER_INST/generate_async_fifo.FIFO_INST/XPM_FIFO_ASYNC_INST/gnuram_async_fifo.xpm_fifo_base_inst/gen_cdc_pntr.rd_pntr_cdc_dc_inst/dest_graysync_ff_reg[0][10]} \
          {lesion_i/video/hdmi_out/frontend/v_axi4s_vid_out_0/inst/COUPLER_INST/generate_async_fifo.FIFO_INST/XPM_FIFO_ASYNC_INST/gnuram_async_fifo.xpm_fifo_base_inst/gen_cdc_pntr.rd_pntr_cdc_dc_inst/dest_graysync_ff_reg[0][11]} \
          {lesion_i/video/hdmi_out/frontend/v_axi4s_vid_out_0/inst/COUPLER_INST/generate_async_fifo.FIFO_INST/XPM_FIFO_ASYNC_INST/gnuram_async_fifo.xpm_fifo_base_inst/gen_cdc_pntr.rd_pntr_cdc_dc_inst/dest_graysync_ff_reg[0][1]} \
          {lesion_i/video/hdmi_out/frontend/v_axi4s_vid_out_0/inst/COUPLER_INST/generate_async_fifo.FIFO_INST/XPM_FIFO_ASYNC_INST/gnuram_async_fifo.xpm_fifo_base_inst/gen_cdc_pntr.rd_pntr_cdc_dc_inst/dest_graysync_ff_reg[0][2]} \
          {lesion_i/video/hdmi_out/frontend/v_axi4s_vid_out_0/inst/COUPLER_INST/generate_async_fifo.FIFO_INST/XPM_FIFO_ASYNC_INST/gnuram_async_fifo.xpm_fifo_base_inst/gen_cdc_pntr.rd_pntr_cdc_dc_inst/dest_graysync_ff_reg[0][3]} \
          {lesion_i/video/hdmi_out/frontend/v_axi4s_vid_out_0/inst/COUPLER_INST/generate_async_fifo.FIFO_INST/XPM_FIFO_ASYNC_INST/gnuram_async_fifo.xpm_fifo_base_inst/gen_cdc_pntr.rd_pntr_cdc_dc_inst/dest_graysync_ff_reg[0][4]} \
          {lesion_i/video/hdmi_out/frontend/v_axi4s_vid_out_0/inst/COUPLER_INST/generate_async_fifo.FIFO_INST/XPM_FIFO_ASYNC_INST/gnuram_async_fifo.xpm_fifo_base_inst/gen_cdc_pntr.rd_pntr_cdc_dc_inst/dest_graysync_ff_reg[0][5]} \
          {lesion_i/video/hdmi_out/frontend/v_axi4s_vid_out_0/inst/COUPLER_INST/generate_async_fifo.FIFO_INST/XPM_FIFO_ASYNC_INST/gnuram_async_fifo.xpm_fifo_base_inst/gen_cdc_pntr.rd_pntr_cdc_dc_inst/dest_graysync_ff_reg[0][6]} \
          {lesion_i/video/hdmi_out/frontend/v_axi4s_vid_out_0/inst/COUPLER_INST/generate_async_fifo.FIFO_INST/XPM_FIFO_ASYNC_INST/gnuram_async_fifo.xpm_fifo_base_inst/gen_cdc_pntr.rd_pntr_cdc_dc_inst/dest_graysync_ff_reg[0][7]} \
          {lesion_i/video/hdmi_out/frontend/v_axi4s_vid_out_0/inst/COUPLER_INST/generate_async_fifo.FIFO_INST/XPM_FIFO_ASYNC_INST/gnuram_async_fifo.xpm_fifo_base_inst/gen_cdc_pntr.rd_pntr_cdc_dc_inst/dest_graysync_ff_reg[0][8]} \
          {lesion_i/video/hdmi_out/frontend/v_axi4s_vid_out_0/inst/COUPLER_INST/generate_async_fifo.FIFO_INST/XPM_FIFO_ASYNC_INST/gnuram_async_fifo.xpm_fifo_base_inst/gen_cdc_pntr.rd_pntr_cdc_dc_inst/dest_graysync_ff_reg[0][9]}]] 7.000
Requirement: 7.000ns
Endpoints: 12

From Clock            To Clock              Endpoint Pin                    Reference Pin                   Corner  Actual(ns)  Slack(ns)
--------------------  --------------------  ------------------------------  ------------------------------  ------  ----------  ---------
axi_dynclk_0_PXL_CLK_O
                      clk_fpga_1            lesion_i/video/hdmi_out/frontend/v_axi4s_vid_out_0/inst/COUPLER_INST/generate_async_fifo.FIFO_INST/XPM_FIFO_ASYNC_INST/gnuram_async_fifo.xpm_fifo_base_inst/gen_cdc_pntr.rd_pntr_cdc_dc_inst/dest_graysync_ff_reg[0][3]/D
                                                                            lesion_i/video/hdmi_out/frontend/v_axi4s_vid_out_0/inst/COUPLER_INST/generate_async_fifo.FIFO_INST/XPM_FIFO_ASYNC_INST/gnuram_async_fifo.xpm_fifo_base_inst/gen_cdc_pntr.rd_pntr_cdc_dc_inst/dest_graysync_ff_reg[0][4]/D
                                                                                                            Slow         1.106      5.894


Slack (MET) :             5.894ns  (requirement - actual skew)
  Endpoint Source:        lesion_i/video/hdmi_out/frontend/v_axi4s_vid_out_0/inst/COUPLER_INST/generate_async_fifo.FIFO_INST/XPM_FIFO_ASYNC_INST/gnuram_async_fifo.xpm_fifo_base_inst/gen_cdc_pntr.rd_pntr_cdc_dc_inst/src_gray_ff_reg[3]/C
                            (rising edge-triggered cell FDRE clocked by axi_dynclk_0_PXL_CLK_O)
  Endpoint Destination:   lesion_i/video/hdmi_out/frontend/v_axi4s_vid_out_0/inst/COUPLER_INST/generate_async_fifo.FIFO_INST/XPM_FIFO_ASYNC_INST/gnuram_async_fifo.xpm_fifo_base_inst/gen_cdc_pntr.rd_pntr_cdc_dc_inst/dest_graysync_ff_reg[0][3]/D
                            (rising edge-triggered cell FDRE clocked by clk_fpga_1)
  Reference Source:       lesion_i/video/hdmi_out/frontend/v_axi4s_vid_out_0/inst/COUPLER_INST/generate_async_fifo.FIFO_INST/XPM_FIFO_ASYNC_INST/gnuram_async_fifo.xpm_fifo_base_inst/gen_cdc_pntr.rd_pntr_cdc_dc_inst/src_gray_ff_reg[4]/C
                            (rising edge-triggered cell FDRE clocked by axi_dynclk_0_PXL_CLK_O)
  Reference Destination:  lesion_i/video/hdmi_out/frontend/v_axi4s_vid_out_0/inst/COUPLER_INST/generate_async_fifo.FIFO_INST/XPM_FIFO_ASYNC_INST/gnuram_async_fifo.xpm_fifo_base_inst/gen_cdc_pntr.rd_pntr_cdc_dc_inst/dest_graysync_ff_reg[0][4]/D
                            (rising edge-triggered cell FDRE clocked by clk_fpga_1)
  Path Type:              Bus Skew (Max at Slow Process Corner)
  Requirement:            7.000ns
  Endpoint Relative Delay:    4.951ns
  Reference Relative Delay:   2.990ns
  Relative CRPR:              0.856ns
  Actual Bus Skew:            1.106ns  (Endpoint Relative Delay - Reference Relative Delay - Relative CRPR)

Endpoint path:
    Location             Delay type                Incr(ns)  Path(ns)    Netlist Resource(s)
  -------------------------------------------------------------------    -------------------
                         (clock axi_dynclk_0_PXL_CLK_O rise edge)
                                                      0.000     0.000 r  
    PS7_X0Y0             PS7                          0.000     0.000 r  lesion_i/ps7_0/inst/PS7_i/FCLKCLK[0]
                         net (fo=1, routed)           1.193     1.193    lesion_i/ps7_0/inst/FCLK_CLK_unbuffered[0]
    BUFGCTRL_X0Y16       BUFG (Prop_bufg_I_O)         0.101     1.294 r  lesion_i/ps7_0/inst/buffer_fclk_clk_0.FCLK_CLK_0_BUFG/O
                         net (fo=24933, routed)       1.980     3.274    lesion_i/video/hdmi_out/frontend/axi_dynclk/U0/Inst_mmcme2_drp/REF_CLK_I
    MMCME2_ADV_X1Y2      MMCME2_ADV (Prop_mmcme2_adv_CLKIN1_CLKOUT0)
                                                      0.088     3.362 r  lesion_i/video/hdmi_out/frontend/axi_dynclk/U0/Inst_mmcme2_drp/mmcm_adv_inst/CLKOUT0
                         net (fo=2, routed)           1.063     4.425    lesion_i/video/hdmi_out/frontend/axi_dynclk/U0/I
    BUFR_X1Y9            BUFR (Prop_bufr_I_O)         1.031     5.456 r  lesion_i/video/hdmi_out/frontend/axi_dynclk/U0/BUFR_inst/O
                         net (fo=2854, routed)        0.880     6.336    lesion_i/video/hdmi_out/frontend/v_axi4s_vid_out_0/inst/COUPLER_INST/generate_async_fifo.FIFO_INST/XPM_FIFO_ASYNC_INST/gnuram_async_fifo.xpm_fifo_base_inst/gen_cdc_pntr.rd_pntr_cdc_dc_inst/src_clk
    SLICE_X101Y131       FDRE                                         r  lesion_i/video/hdmi_out/frontend/v_axi4s_vid_out_0/inst/COUPLER_INST/generate_async_fifo.FIFO_INST/XPM_FIFO_ASYNC_INST/gnuram_async_fifo.xpm_fifo_base_inst/gen_cdc_pntr.rd_pntr_cdc_dc_inst/src_gray_ff_reg[3]/C
  -------------------------------------------------------------------    -------------------
    SLICE_X101Y131       FDRE (Prop_fdre_C_Q)         0.419     6.755 r  lesion_i/video/hdmi_out/frontend/v_axi4s_vid_out_0/inst/COUPLER_INST/generate_async_fifo.FIFO_INST/XPM_FIFO_ASYNC_INST/gnuram_async_fifo.xpm_fifo_base_inst/gen_cdc_pntr.rd_pntr_cdc_dc_inst/src_gray_ff_reg[3]/Q
                         net (fo=1, routed)           0.883     7.638    lesion_i/video/hdmi_out/frontend/v_axi4s_vid_out_0/inst/COUPLER_INST/generate_async_fifo.FIFO_INST/XPM_FIFO_ASYNC_INST/gnuram_async_fifo.xpm_fifo_base_inst/gen_cdc_pntr.rd_pntr_cdc_dc_inst/async_path[3]
    SLICE_X99Y131        FDRE                                         r  lesion_i/video/hdmi_out/frontend/v_axi4s_vid_out_0/inst/COUPLER_INST/generate_async_fifo.FIFO_INST/XPM_FIFO_ASYNC_INST/gnuram_async_fifo.xpm_fifo_base_inst/gen_cdc_pntr.rd_pntr_cdc_dc_inst/dest_graysync_ff_reg[0][3]/D
  -------------------------------------------------------------------    -------------------

                         (clock clk_fpga_1 rise edge)
                                                      0.000     0.000 r  
    PS7_X0Y0             PS7                          0.000     0.000 r  lesion_i/ps7_0/inst/PS7_i/FCLKCLK[1]
                         net (fo=1, routed)           1.088     1.088    lesion_i/ps7_0/inst/FCLK_CLK_unbuffered[1]
    BUFGCTRL_X0Y17       BUFG (Prop_bufg_I_O)         0.091     1.179 r  lesion_i/ps7_0/inst/buffer_fclk_clk_1.FCLK_CLK_1_BUFG/O
                         net (fo=7661, routed)        1.772     2.951    lesion_i/video/hdmi_out/frontend/v_axi4s_vid_out_0/inst/COUPLER_INST/generate_async_fifo.FIFO_INST/XPM_FIFO_ASYNC_INST/gnuram_async_fifo.xpm_fifo_base_inst/gen_cdc_pntr.rd_pntr_cdc_dc_inst/dest_clk
    SLICE_X99Y131        FDRE                                         r  lesion_i/video/hdmi_out/frontend/v_axi4s_vid_out_0/inst/COUPLER_INST/generate_async_fifo.FIFO_INST/XPM_FIFO_ASYNC_INST/gnuram_async_fifo.xpm_fifo_base_inst/gen_cdc_pntr.rd_pntr_cdc_dc_inst/dest_graysync_ff_reg[0][3]/C
                         clock pessimism              0.000     2.951    
    SLICE_X99Y131        FDRE (Setup_fdre_C_D)       -0.265     2.686    lesion_i/video/hdmi_out/frontend/v_axi4s_vid_out_0/inst/COUPLER_INST/generate_async_fifo.FIFO_INST/XPM_FIFO_ASYNC_INST/gnuram_async_fifo.xpm_fifo_base_inst/gen_cdc_pntr.rd_pntr_cdc_dc_inst/dest_graysync_ff_reg[0][3]
  -------------------------------------------------------------------
                         data arrival                           7.638    
                         clock arrival                          2.686    
  -------------------------------------------------------------------
                         relative delay                         4.951    

Reference path:
    Location             Delay type                Incr(ns)  Path(ns)    Netlist Resource(s)
  -------------------------------------------------------------------    -------------------
                         (clock axi_dynclk_0_PXL_CLK_O rise edge)
                                                      0.000     0.000 r  
    PS7_X0Y0             PS7                          0.000     0.000 r  lesion_i/ps7_0/inst/PS7_i/FCLKCLK[0]
                         net (fo=1, routed)           1.088     1.088    lesion_i/ps7_0/inst/FCLK_CLK_unbuffered[0]
    BUFGCTRL_X0Y16       BUFG (Prop_bufg_I_O)         0.091     1.179 r  lesion_i/ps7_0/inst/buffer_fclk_clk_0.FCLK_CLK_0_BUFG/O
                         net (fo=24933, routed)       1.770     2.949    lesion_i/video/hdmi_out/frontend/axi_dynclk/U0/Inst_mmcme2_drp/REF_CLK_I
    MMCME2_ADV_X1Y2      MMCME2_ADV (Prop_mmcme2_adv_CLKIN1_CLKOUT0)
                                                      0.083     3.032 r  lesion_i/video/hdmi_out/frontend/axi_dynclk/U0/Inst_mmcme2_drp/mmcm_adv_inst/CLKOUT0
                         net (fo=2, routed)           0.960     3.992    lesion_i/video/hdmi_out/frontend/axi_dynclk/U0/I
    BUFR_X1Y9            BUFR (Prop_bufr_I_O)         0.918     4.910 r  lesion_i/video/hdmi_out/frontend/axi_dynclk/U0/BUFR_inst/O
                         net (fo=2854, routed)        0.817     5.727    lesion_i/video/hdmi_out/frontend/v_axi4s_vid_out_0/inst/COUPLER_INST/generate_async_fifo.FIFO_INST/XPM_FIFO_ASYNC_INST/gnuram_async_fifo.xpm_fifo_base_inst/gen_cdc_pntr.rd_pntr_cdc_dc_inst/src_clk
    SLICE_X101Y131       FDRE                                         r  lesion_i/video/hdmi_out/frontend/v_axi4s_vid_out_0/inst/COUPLER_INST/generate_async_fifo.FIFO_INST/XPM_FIFO_ASYNC_INST/gnuram_async_fifo.xpm_fifo_base_inst/gen_cdc_pntr.rd_pntr_cdc_dc_inst/src_gray_ff_reg[4]/C
  -------------------------------------------------------------------    -------------------
    SLICE_X101Y131       FDRE (Prop_fdre_C_Q)         0.367     6.094 r  lesion_i/video/hdmi_out/frontend/v_axi4s_vid_out_0/inst/COUPLER_INST/generate_async_fifo.FIFO_INST/XPM_FIFO_ASYNC_INST/gnuram_async_fifo.xpm_fifo_base_inst/gen_cdc_pntr.rd_pntr_cdc_dc_inst/src_gray_ff_reg[4]/Q
                         net (fo=1, routed)           0.386     6.480    lesion_i/video/hdmi_out/frontend/v_axi4s_vid_out_0/inst/COUPLER_INST/generate_async_fifo.FIFO_INST/XPM_FIFO_ASYNC_INST/gnuram_async_fifo.xpm_fifo_base_inst/gen_cdc_pntr.rd_pntr_cdc_dc_inst/async_path[4]
    SLICE_X102Y131       FDRE                                         r  lesion_i/video/hdmi_out/frontend/v_axi4s_vid_out_0/inst/COUPLER_INST/generate_async_fifo.FIFO_INST/XPM_FIFO_ASYNC_INST/gnuram_async_fifo.xpm_fifo_base_inst/gen_cdc_pntr.rd_pntr_cdc_dc_inst/dest_graysync_ff_reg[0][4]/D
  -------------------------------------------------------------------    -------------------

                         (clock clk_fpga_1 rise edge)
                                                      0.000     0.000 r  
    PS7_X0Y0             PS7                          0.000     0.000 r  lesion_i/ps7_0/inst/PS7_i/FCLKCLK[1]
                         net (fo=1, routed)           1.193     1.193    lesion_i/ps7_0/inst/FCLK_CLK_unbuffered[1]
    BUFGCTRL_X0Y17       BUFG (Prop_bufg_I_O)         0.101     1.294 r  lesion_i/ps7_0/inst/buffer_fclk_clk_1.FCLK_CLK_1_BUFG/O
                         net (fo=7661, routed)        1.966     3.260    lesion_i/video/hdmi_out/frontend/v_axi4s_vid_out_0/inst/COUPLER_INST/generate_async_fifo.FIFO_INST/XPM_FIFO_ASYNC_INST/gnuram_async_fifo.xpm_fifo_base_inst/gen_cdc_pntr.rd_pntr_cdc_dc_inst/dest_clk
    SLICE_X102Y131       FDRE                                         r  lesion_i/video/hdmi_out/frontend/v_axi4s_vid_out_0/inst/COUPLER_INST/generate_async_fifo.FIFO_INST/XPM_FIFO_ASYNC_INST/gnuram_async_fifo.xpm_fifo_base_inst/gen_cdc_pntr.rd_pntr_cdc_dc_inst/dest_graysync_ff_reg[0][4]/C
                         clock pessimism              0.000     3.260    
    SLICE_X102Y131       FDRE (Hold_fdre_C_D)         0.230     3.490    lesion_i/video/hdmi_out/frontend/v_axi4s_vid_out_0/inst/COUPLER_INST/generate_async_fifo.FIFO_INST/XPM_FIFO_ASYNC_INST/gnuram_async_fifo.xpm_fifo_base_inst/gen_cdc_pntr.rd_pntr_cdc_dc_inst/dest_graysync_ff_reg[0][4]
  -------------------------------------------------------------------
                         data arrival                           6.480    
                         clock arrival                          3.490    
  -------------------------------------------------------------------
                         relative delay                         2.990    



Id: 5
set_bus_skew -from [get_cells [list {lesion_i/video/hdmi_in/frontend/v_vid_in_axi4s_0/inst/COUPLER_INST/generate_async_fifo.FIFO_INST/XPM_FIFO_ASYNC_INST/gnuram_async_fifo.xpm_fifo_base_inst/gen_cdc_pntr.rd_pntr_cdc_inst/src_gray_ff_reg[0]} \
          {lesion_i/video/hdmi_in/frontend/v_vid_in_axi4s_0/inst/COUPLER_INST/generate_async_fifo.FIFO_INST/XPM_FIFO_ASYNC_INST/gnuram_async_fifo.xpm_fifo_base_inst/gen_cdc_pntr.rd_pntr_cdc_inst/src_gray_ff_reg[10]} \
          {lesion_i/video/hdmi_in/frontend/v_vid_in_axi4s_0/inst/COUPLER_INST/generate_async_fifo.FIFO_INST/XPM_FIFO_ASYNC_INST/gnuram_async_fifo.xpm_fifo_base_inst/gen_cdc_pntr.rd_pntr_cdc_inst/src_gray_ff_reg[11]} \
          {lesion_i/video/hdmi_in/frontend/v_vid_in_axi4s_0/inst/COUPLER_INST/generate_async_fifo.FIFO_INST/XPM_FIFO_ASYNC_INST/gnuram_async_fifo.xpm_fifo_base_inst/gen_cdc_pntr.rd_pntr_cdc_inst/src_gray_ff_reg[1]} \
          {lesion_i/video/hdmi_in/frontend/v_vid_in_axi4s_0/inst/COUPLER_INST/generate_async_fifo.FIFO_INST/XPM_FIFO_ASYNC_INST/gnuram_async_fifo.xpm_fifo_base_inst/gen_cdc_pntr.rd_pntr_cdc_inst/src_gray_ff_reg[2]} \
          {lesion_i/video/hdmi_in/frontend/v_vid_in_axi4s_0/inst/COUPLER_INST/generate_async_fifo.FIFO_INST/XPM_FIFO_ASYNC_INST/gnuram_async_fifo.xpm_fifo_base_inst/gen_cdc_pntr.rd_pntr_cdc_inst/src_gray_ff_reg[3]} \
          {lesion_i/video/hdmi_in/frontend/v_vid_in_axi4s_0/inst/COUPLER_INST/generate_async_fifo.FIFO_INST/XPM_FIFO_ASYNC_INST/gnuram_async_fifo.xpm_fifo_base_inst/gen_cdc_pntr.rd_pntr_cdc_inst/src_gray_ff_reg[4]} \
          {lesion_i/video/hdmi_in/frontend/v_vid_in_axi4s_0/inst/COUPLER_INST/generate_async_fifo.FIFO_INST/XPM_FIFO_ASYNC_INST/gnuram_async_fifo.xpm_fifo_base_inst/gen_cdc_pntr.rd_pntr_cdc_inst/src_gray_ff_reg[5]} \
          {lesion_i/video/hdmi_in/frontend/v_vid_in_axi4s_0/inst/COUPLER_INST/generate_async_fifo.FIFO_INST/XPM_FIFO_ASYNC_INST/gnuram_async_fifo.xpm_fifo_base_inst/gen_cdc_pntr.rd_pntr_cdc_inst/src_gray_ff_reg[6]} \
          {lesion_i/video/hdmi_in/frontend/v_vid_in_axi4s_0/inst/COUPLER_INST/generate_async_fifo.FIFO_INST/XPM_FIFO_ASYNC_INST/gnuram_async_fifo.xpm_fifo_base_inst/gen_cdc_pntr.rd_pntr_cdc_inst/src_gray_ff_reg[7]} \
          {lesion_i/video/hdmi_in/frontend/v_vid_in_axi4s_0/inst/COUPLER_INST/generate_async_fifo.FIFO_INST/XPM_FIFO_ASYNC_INST/gnuram_async_fifo.xpm_fifo_base_inst/gen_cdc_pntr.rd_pntr_cdc_inst/src_gray_ff_reg[8]} \
          {lesion_i/video/hdmi_in/frontend/v_vid_in_axi4s_0/inst/COUPLER_INST/generate_async_fifo.FIFO_INST/XPM_FIFO_ASYNC_INST/gnuram_async_fifo.xpm_fifo_base_inst/gen_cdc_pntr.rd_pntr_cdc_inst/src_gray_ff_reg[9]}]] -to [get_cells [list {lesion_i/video/hdmi_in/frontend/v_vid_in_axi4s_0/inst/COUPLER_INST/generate_async_fifo.FIFO_INST/XPM_FIFO_ASYNC_INST/gnuram_async_fifo.xpm_fifo_base_inst/gen_cdc_pntr.rd_pntr_cdc_inst/dest_graysync_ff_reg[0][0]} \
          {lesion_i/video/hdmi_in/frontend/v_vid_in_axi4s_0/inst/COUPLER_INST/generate_async_fifo.FIFO_INST/XPM_FIFO_ASYNC_INST/gnuram_async_fifo.xpm_fifo_base_inst/gen_cdc_pntr.rd_pntr_cdc_inst/dest_graysync_ff_reg[0][10]} \
          {lesion_i/video/hdmi_in/frontend/v_vid_in_axi4s_0/inst/COUPLER_INST/generate_async_fifo.FIFO_INST/XPM_FIFO_ASYNC_INST/gnuram_async_fifo.xpm_fifo_base_inst/gen_cdc_pntr.rd_pntr_cdc_inst/dest_graysync_ff_reg[0][11]} \
          {lesion_i/video/hdmi_in/frontend/v_vid_in_axi4s_0/inst/COUPLER_INST/generate_async_fifo.FIFO_INST/XPM_FIFO_ASYNC_INST/gnuram_async_fifo.xpm_fifo_base_inst/gen_cdc_pntr.rd_pntr_cdc_inst/dest_graysync_ff_reg[0][1]} \
          {lesion_i/video/hdmi_in/frontend/v_vid_in_axi4s_0/inst/COUPLER_INST/generate_async_fifo.FIFO_INST/XPM_FIFO_ASYNC_INST/gnuram_async_fifo.xpm_fifo_base_inst/gen_cdc_pntr.rd_pntr_cdc_inst/dest_graysync_ff_reg[0][2]} \
          {lesion_i/video/hdmi_in/frontend/v_vid_in_axi4s_0/inst/COUPLER_INST/generate_async_fifo.FIFO_INST/XPM_FIFO_ASYNC_INST/gnuram_async_fifo.xpm_fifo_base_inst/gen_cdc_pntr.rd_pntr_cdc_inst/dest_graysync_ff_reg[0][3]} \
          {lesion_i/video/hdmi_in/frontend/v_vid_in_axi4s_0/inst/COUPLER_INST/generate_async_fifo.FIFO_INST/XPM_FIFO_ASYNC_INST/gnuram_async_fifo.xpm_fifo_base_inst/gen_cdc_pntr.rd_pntr_cdc_inst/dest_graysync_ff_reg[0][4]} \
          {lesion_i/video/hdmi_in/frontend/v_vid_in_axi4s_0/inst/COUPLER_INST/generate_async_fifo.FIFO_INST/XPM_FIFO_ASYNC_INST/gnuram_async_fifo.xpm_fifo_base_inst/gen_cdc_pntr.rd_pntr_cdc_inst/dest_graysync_ff_reg[0][5]} \
          {lesion_i/video/hdmi_in/frontend/v_vid_in_axi4s_0/inst/COUPLER_INST/generate_async_fifo.FIFO_INST/XPM_FIFO_ASYNC_INST/gnuram_async_fifo.xpm_fifo_base_inst/gen_cdc_pntr.rd_pntr_cdc_inst/dest_graysync_ff_reg[0][6]} \
          {lesion_i/video/hdmi_in/frontend/v_vid_in_axi4s_0/inst/COUPLER_INST/generate_async_fifo.FIFO_INST/XPM_FIFO_ASYNC_INST/gnuram_async_fifo.xpm_fifo_base_inst/gen_cdc_pntr.rd_pntr_cdc_inst/dest_graysync_ff_reg[0][7]} \
          {lesion_i/video/hdmi_in/frontend/v_vid_in_axi4s_0/inst/COUPLER_INST/generate_async_fifo.FIFO_INST/XPM_FIFO_ASYNC_INST/gnuram_async_fifo.xpm_fifo_base_inst/gen_cdc_pntr.rd_pntr_cdc_inst/dest_graysync_ff_reg[0][8]} \
          {lesion_i/video/hdmi_in/frontend/v_vid_in_axi4s_0/inst/COUPLER_INST/generate_async_fifo.FIFO_INST/XPM_FIFO_ASYNC_INST/gnuram_async_fifo.xpm_fifo_base_inst/gen_cdc_pntr.rd_pntr_cdc_inst/dest_graysync_ff_reg[0][9]}]] 7.000
Requirement: 7.000ns
Endpoints: 12

From Clock            To Clock              Endpoint Pin                    Reference Pin                   Corner  Actual(ns)  Slack(ns)
--------------------  --------------------  ------------------------------  ------------------------------  ------  ----------  ---------
clk_fpga_1            hdmi_in_PixelClk      lesion_i/video/hdmi_in/frontend/v_vid_in_axi4s_0/inst/COUPLER_INST/generate_async_fifo.FIFO_INST/XPM_FIFO_ASYNC_INST/gnuram_async_fifo.xpm_fifo_base_inst/gen_cdc_pntr.rd_pntr_cdc_inst/dest_graysync_ff_reg[0][3]/D
                                                                            lesion_i/video/hdmi_in/frontend/v_vid_in_axi4s_0/inst/COUPLER_INST/generate_async_fifo.FIFO_INST/XPM_FIFO_ASYNC_INST/gnuram_async_fifo.xpm_fifo_base_inst/gen_cdc_pntr.rd_pntr_cdc_inst/dest_graysync_ff_reg[0][4]/D
                                                                                                            Slow         0.975      6.025


Slack (MET) :             6.025ns  (requirement - actual skew)
  Endpoint Source:        lesion_i/video/hdmi_in/frontend/v_vid_in_axi4s_0/inst/COUPLER_INST/generate_async_fifo.FIFO_INST/XPM_FIFO_ASYNC_INST/gnuram_async_fifo.xpm_fifo_base_inst/gen_cdc_pntr.rd_pntr_cdc_inst/src_gray_ff_reg[3]/C
                            (rising edge-triggered cell FDRE clocked by clk_fpga_1)
  Endpoint Destination:   lesion_i/video/hdmi_in/frontend/v_vid_in_axi4s_0/inst/COUPLER_INST/generate_async_fifo.FIFO_INST/XPM_FIFO_ASYNC_INST/gnuram_async_fifo.xpm_fifo_base_inst/gen_cdc_pntr.rd_pntr_cdc_inst/dest_graysync_ff_reg[0][3]/D
                            (rising edge-triggered cell FDRE clocked by hdmi_in_PixelClk)
  Reference Source:       lesion_i/video/hdmi_in/frontend/v_vid_in_axi4s_0/inst/COUPLER_INST/generate_async_fifo.FIFO_INST/XPM_FIFO_ASYNC_INST/gnuram_async_fifo.xpm_fifo_base_inst/gen_cdc_pntr.rd_pntr_cdc_inst/src_gray_ff_reg[4]/C
                            (rising edge-triggered cell FDRE clocked by clk_fpga_1)
  Reference Destination:  lesion_i/video/hdmi_in/frontend/v_vid_in_axi4s_0/inst/COUPLER_INST/generate_async_fifo.FIFO_INST/XPM_FIFO_ASYNC_INST/gnuram_async_fifo.xpm_fifo_base_inst/gen_cdc_pntr.rd_pntr_cdc_inst/dest_graysync_ff_reg[0][4]/D
                            (rising edge-triggered cell FDRE clocked by hdmi_in_PixelClk)
  Path Type:              Bus Skew (Max at Slow Process Corner)
  Requirement:            7.000ns
  Endpoint Relative Delay:   -0.205ns
  Reference Relative Delay:  -1.796ns
  Relative CRPR:              0.617ns
  Actual Bus Skew:            0.975ns  (Endpoint Relative Delay - Reference Relative Delay - Relative CRPR)

Endpoint path:
    Location             Delay type                Incr(ns)  Path(ns)    Netlist Resource(s)
  -------------------------------------------------------------------    -------------------
                         (clock clk_fpga_1 rise edge)
                                                      0.000     0.000 r  
    PS7_X0Y0             PS7                          0.000     0.000 r  lesion_i/ps7_0/inst/PS7_i/FCLKCLK[1]
                         net (fo=1, routed)           1.193     1.193    lesion_i/ps7_0/inst/FCLK_CLK_unbuffered[1]
    BUFGCTRL_X0Y17       BUFG (Prop_bufg_I_O)         0.101     1.294 r  lesion_i/ps7_0/inst/buffer_fclk_clk_1.FCLK_CLK_1_BUFG/O
                         net (fo=7661, routed)        1.779     3.073    lesion_i/video/hdmi_in/frontend/v_vid_in_axi4s_0/inst/COUPLER_INST/generate_async_fifo.FIFO_INST/XPM_FIFO_ASYNC_INST/gnuram_async_fifo.xpm_fifo_base_inst/gen_cdc_pntr.rd_pntr_cdc_inst/src_clk
    SLICE_X90Y90         FDRE                                         r  lesion_i/video/hdmi_in/frontend/v_vid_in_axi4s_0/inst/COUPLER_INST/generate_async_fifo.FIFO_INST/XPM_FIFO_ASYNC_INST/gnuram_async_fifo.xpm_fifo_base_inst/gen_cdc_pntr.rd_pntr_cdc_inst/src_gray_ff_reg[3]/C
  -------------------------------------------------------------------    -------------------
    SLICE_X90Y90         FDRE (Prop_fdre_C_Q)         0.478     3.551 r  lesion_i/video/hdmi_in/frontend/v_vid_in_axi4s_0/inst/COUPLER_INST/generate_async_fifo.FIFO_INST/XPM_FIFO_ASYNC_INST/gnuram_async_fifo.xpm_fifo_base_inst/gen_cdc_pntr.rd_pntr_cdc_inst/src_gray_ff_reg[3]/Q
                         net (fo=1, routed)           0.864     4.415    lesion_i/video/hdmi_in/frontend/v_vid_in_axi4s_0/inst/COUPLER_INST/generate_async_fifo.FIFO_INST/XPM_FIFO_ASYNC_INST/gnuram_async_fifo.xpm_fifo_base_inst/gen_cdc_pntr.rd_pntr_cdc_inst/async_path[3]
    SLICE_X90Y89         FDRE                                         r  lesion_i/video/hdmi_in/frontend/v_vid_in_axi4s_0/inst/COUPLER_INST/generate_async_fifo.FIFO_INST/XPM_FIFO_ASYNC_INST/gnuram_async_fifo.xpm_fifo_base_inst/gen_cdc_pntr.rd_pntr_cdc_inst/dest_graysync_ff_reg[0][3]/D
  -------------------------------------------------------------------    -------------------

                         (clock hdmi_in_PixelClk rise edge)
                                                      0.000     0.000 r  
    N18                                               0.000     0.000 r  hdmi_in_clk_p (IN)
                         net (fo=0)                   0.000     0.000    lesion_i/video/hdmi_in/frontend/dvi2rgb_0/U0/TMDS_ClockingX/TMDS_Clk_p
    N18                  IBUFDS (Prop_ibufds_I_O)     0.887     0.887 r  lesion_i/video/hdmi_in/frontend/dvi2rgb_0/U0/TMDS_ClockingX/InputBuffer/O
                         net (fo=1, routed)           1.162     2.049    lesion_i/video/hdmi_in/frontend/dvi2rgb_0/U0/TMDS_ClockingX/CLK_IN_hdmi_clk
    MMCME2_ADV_X1Y1      MMCME2_ADV (Prop_mmcme2_adv_CLKIN1_CLKOUT0)
                                                      0.084     2.133 r  lesion_i/video/hdmi_in/frontend/dvi2rgb_0/U0/TMDS_ClockingX/DVI_ClkGenerator/CLKOUT0
                         net (fo=2, routed)           0.960     3.093    lesion_i/video/hdmi_in/frontend/dvi2rgb_0/U0/TMDS_ClockingX/CLK_OUT_5x_hdmi_clk
    BUFR_X1Y5            BUFR (Prop_bufr_I_O)         0.918     4.011 r  lesion_i/video/hdmi_in/frontend/dvi2rgb_0/U0/TMDS_ClockingX/PixelClkBuffer/O
                         net (fo=3140, routed)        0.825     4.836    lesion_i/video/hdmi_in/frontend/v_vid_in_axi4s_0/inst/COUPLER_INST/generate_async_fifo.FIFO_INST/XPM_FIFO_ASYNC_INST/gnuram_async_fifo.xpm_fifo_base_inst/gen_cdc_pntr.rd_pntr_cdc_inst/dest_clk
    SLICE_X90Y89         FDRE                                         r  lesion_i/video/hdmi_in/frontend/v_vid_in_axi4s_0/inst/COUPLER_INST/generate_async_fifo.FIFO_INST/XPM_FIFO_ASYNC_INST/gnuram_async_fifo.xpm_fifo_base_inst/gen_cdc_pntr.rd_pntr_cdc_inst/dest_graysync_ff_reg[0][3]/C
                         clock pessimism              0.000     4.836    
    SLICE_X90Y89         FDRE (Setup_fdre_C_D)       -0.216     4.620    lesion_i/video/hdmi_in/frontend/v_vid_in_axi4s_0/inst/COUPLER_INST/generate_async_fifo.FIFO_INST/XPM_FIFO_ASYNC_INST/gnuram_async_fifo.xpm_fifo_base_inst/gen_cdc_pntr.rd_pntr_cdc_inst/dest_graysync_ff_reg[0][3]
  -------------------------------------------------------------------
                         data arrival                           4.415    
                         clock arrival                          4.620    
  -------------------------------------------------------------------
                         relative delay                        -0.205    

Reference path:
    Location             Delay type                Incr(ns)  Path(ns)    Netlist Resource(s)
  -------------------------------------------------------------------    -------------------
                         (clock clk_fpga_1 rise edge)
                                                      0.000     0.000 r  
    PS7_X0Y0             PS7                          0.000     0.000 r  lesion_i/ps7_0/inst/PS7_i/FCLKCLK[1]
                         net (fo=1, routed)           1.088     1.088    lesion_i/ps7_0/inst/FCLK_CLK_unbuffered[1]
    BUFGCTRL_X0Y17       BUFG (Prop_bufg_I_O)         0.091     1.179 r  lesion_i/ps7_0/inst/buffer_fclk_clk_1.FCLK_CLK_1_BUFG/O
                         net (fo=7661, routed)        1.601     2.780    lesion_i/video/hdmi_in/frontend/v_vid_in_axi4s_0/inst/COUPLER_INST/generate_async_fifo.FIFO_INST/XPM_FIFO_ASYNC_INST/gnuram_async_fifo.xpm_fifo_base_inst/gen_cdc_pntr.rd_pntr_cdc_inst/src_clk
    SLICE_X92Y86         FDRE                                         r  lesion_i/video/hdmi_in/frontend/v_vid_in_axi4s_0/inst/COUPLER_INST/generate_async_fifo.FIFO_INST/XPM_FIFO_ASYNC_INST/gnuram_async_fifo.xpm_fifo_base_inst/gen_cdc_pntr.rd_pntr_cdc_inst/src_gray_ff_reg[4]/C
  -------------------------------------------------------------------    -------------------
    SLICE_X92Y86         FDRE (Prop_fdre_C_Q)         0.418     3.198 r  lesion_i/video/hdmi_in/frontend/v_vid_in_axi4s_0/inst/COUPLER_INST/generate_async_fifo.FIFO_INST/XPM_FIFO_ASYNC_INST/gnuram_async_fifo.xpm_fifo_base_inst/gen_cdc_pntr.rd_pntr_cdc_inst/src_gray_ff_reg[4]/Q
                         net (fo=1, routed)           0.521     3.719    lesion_i/video/hdmi_in/frontend/v_vid_in_axi4s_0/inst/COUPLER_INST/generate_async_fifo.FIFO_INST/XPM_FIFO_ASYNC_INST/gnuram_async_fifo.xpm_fifo_base_inst/gen_cdc_pntr.rd_pntr_cdc_inst/async_path[4]
    SLICE_X100Y87        FDRE                                         r  lesion_i/video/hdmi_in/frontend/v_vid_in_axi4s_0/inst/COUPLER_INST/generate_async_fifo.FIFO_INST/XPM_FIFO_ASYNC_INST/gnuram_async_fifo.xpm_fifo_base_inst/gen_cdc_pntr.rd_pntr_cdc_inst/dest_graysync_ff_reg[0][4]/D
  -------------------------------------------------------------------    -------------------

                         (clock hdmi_in_PixelClk rise edge)
                                                      0.000     0.000 r  
    N18                                               0.000     0.000 r  hdmi_in_clk_p (IN)
                         net (fo=0)                   0.000     0.000    lesion_i/video/hdmi_in/frontend/dvi2rgb_0/U0/TMDS_ClockingX/TMDS_Clk_p
    N18                  IBUFDS (Prop_ibufds_I_O)     0.930     0.930 r  lesion_i/video/hdmi_in/frontend/dvi2rgb_0/U0/TMDS_ClockingX/InputBuffer/O
                         net (fo=1, routed)           1.285     2.215    lesion_i/video/hdmi_in/frontend/dvi2rgb_0/U0/TMDS_ClockingX/CLK_IN_hdmi_clk
    MMCME2_ADV_X1Y1      MMCME2_ADV (Prop_mmcme2_adv_CLKIN1_CLKOUT0)
                                                      0.089     2.304 r  lesion_i/video/hdmi_in/frontend/dvi2rgb_0/U0/TMDS_ClockingX/DVI_ClkGenerator/CLKOUT0
                         net (fo=2, routed)           1.063     3.367    lesion_i/video/hdmi_in/frontend/dvi2rgb_0/U0/TMDS_ClockingX/CLK_OUT_5x_hdmi_clk
    BUFR_X1Y5            BUFR (Prop_bufr_I_O)         1.031     4.398 r  lesion_i/video/hdmi_in/frontend/dvi2rgb_0/U0/TMDS_ClockingX/PixelClkBuffer/O
                         net (fo=3140, routed)        0.887     5.285    lesion_i/video/hdmi_in/frontend/v_vid_in_axi4s_0/inst/COUPLER_INST/generate_async_fifo.FIFO_INST/XPM_FIFO_ASYNC_INST/gnuram_async_fifo.xpm_fifo_base_inst/gen_cdc_pntr.rd_pntr_cdc_inst/dest_clk
    SLICE_X100Y87        FDRE                                         r  lesion_i/video/hdmi_in/frontend/v_vid_in_axi4s_0/inst/COUPLER_INST/generate_async_fifo.FIFO_INST/XPM_FIFO_ASYNC_INST/gnuram_async_fifo.xpm_fifo_base_inst/gen_cdc_pntr.rd_pntr_cdc_inst/dest_graysync_ff_reg[0][4]/C
                         clock pessimism              0.000     5.285    
    SLICE_X100Y87        FDRE (Hold_fdre_C_D)         0.230     5.515    lesion_i/video/hdmi_in/frontend/v_vid_in_axi4s_0/inst/COUPLER_INST/generate_async_fifo.FIFO_INST/XPM_FIFO_ASYNC_INST/gnuram_async_fifo.xpm_fifo_base_inst/gen_cdc_pntr.rd_pntr_cdc_inst/dest_graysync_ff_reg[0][4]
  -------------------------------------------------------------------
                         data arrival                           3.719    
                         clock arrival                          5.515    
  -------------------------------------------------------------------
                         relative delay                        -1.796    



Id: 6
set_bus_skew -from [get_cells [list {lesion_i/video/hdmi_in/frontend/v_vid_in_axi4s_0/inst/COUPLER_INST/generate_async_fifo.FIFO_INST/XPM_FIFO_ASYNC_INST/gnuram_async_fifo.xpm_fifo_base_inst/gen_cdc_pntr.wr_pntr_cdc_inst/src_gray_ff_reg[0]} \
          {lesion_i/video/hdmi_in/frontend/v_vid_in_axi4s_0/inst/COUPLER_INST/generate_async_fifo.FIFO_INST/XPM_FIFO_ASYNC_INST/gnuram_async_fifo.xpm_fifo_base_inst/gen_cdc_pntr.wr_pntr_cdc_inst/src_gray_ff_reg[10]} \
          {lesion_i/video/hdmi_in/frontend/v_vid_in_axi4s_0/inst/COUPLER_INST/generate_async_fifo.FIFO_INST/XPM_FIFO_ASYNC_INST/gnuram_async_fifo.xpm_fifo_base_inst/gen_cdc_pntr.wr_pntr_cdc_inst/src_gray_ff_reg[11]} \
          {lesion_i/video/hdmi_in/frontend/v_vid_in_axi4s_0/inst/COUPLER_INST/generate_async_fifo.FIFO_INST/XPM_FIFO_ASYNC_INST/gnuram_async_fifo.xpm_fifo_base_inst/gen_cdc_pntr.wr_pntr_cdc_inst/src_gray_ff_reg[1]} \
          {lesion_i/video/hdmi_in/frontend/v_vid_in_axi4s_0/inst/COUPLER_INST/generate_async_fifo.FIFO_INST/XPM_FIFO_ASYNC_INST/gnuram_async_fifo.xpm_fifo_base_inst/gen_cdc_pntr.wr_pntr_cdc_inst/src_gray_ff_reg[2]} \
          {lesion_i/video/hdmi_in/frontend/v_vid_in_axi4s_0/inst/COUPLER_INST/generate_async_fifo.FIFO_INST/XPM_FIFO_ASYNC_INST/gnuram_async_fifo.xpm_fifo_base_inst/gen_cdc_pntr.wr_pntr_cdc_inst/src_gray_ff_reg[3]} \
          {lesion_i/video/hdmi_in/frontend/v_vid_in_axi4s_0/inst/COUPLER_INST/generate_async_fifo.FIFO_INST/XPM_FIFO_ASYNC_INST/gnuram_async_fifo.xpm_fifo_base_inst/gen_cdc_pntr.wr_pntr_cdc_inst/src_gray_ff_reg[4]} \
          {lesion_i/video/hdmi_in/frontend/v_vid_in_axi4s_0/inst/COUPLER_INST/generate_async_fifo.FIFO_INST/XPM_FIFO_ASYNC_INST/gnuram_async_fifo.xpm_fifo_base_inst/gen_cdc_pntr.wr_pntr_cdc_inst/src_gray_ff_reg[5]} \
          {lesion_i/video/hdmi_in/frontend/v_vid_in_axi4s_0/inst/COUPLER_INST/generate_async_fifo.FIFO_INST/XPM_FIFO_ASYNC_INST/gnuram_async_fifo.xpm_fifo_base_inst/gen_cdc_pntr.wr_pntr_cdc_inst/src_gray_ff_reg[6]} \
          {lesion_i/video/hdmi_in/frontend/v_vid_in_axi4s_0/inst/COUPLER_INST/generate_async_fifo.FIFO_INST/XPM_FIFO_ASYNC_INST/gnuram_async_fifo.xpm_fifo_base_inst/gen_cdc_pntr.wr_pntr_cdc_inst/src_gray_ff_reg[7]} \
          {lesion_i/video/hdmi_in/frontend/v_vid_in_axi4s_0/inst/COUPLER_INST/generate_async_fifo.FIFO_INST/XPM_FIFO_ASYNC_INST/gnuram_async_fifo.xpm_fifo_base_inst/gen_cdc_pntr.wr_pntr_cdc_inst/src_gray_ff_reg[8]} \
          {lesion_i/video/hdmi_in/frontend/v_vid_in_axi4s_0/inst/COUPLER_INST/generate_async_fifo.FIFO_INST/XPM_FIFO_ASYNC_INST/gnuram_async_fifo.xpm_fifo_base_inst/gen_cdc_pntr.wr_pntr_cdc_inst/src_gray_ff_reg[9]}]] -to [get_cells [list {lesion_i/video/hdmi_in/frontend/v_vid_in_axi4s_0/inst/COUPLER_INST/generate_async_fifo.FIFO_INST/XPM_FIFO_ASYNC_INST/gnuram_async_fifo.xpm_fifo_base_inst/gen_cdc_pntr.wr_pntr_cdc_inst/dest_graysync_ff_reg[0][0]} \
          {lesion_i/video/hdmi_in/frontend/v_vid_in_axi4s_0/inst/COUPLER_INST/generate_async_fifo.FIFO_INST/XPM_FIFO_ASYNC_INST/gnuram_async_fifo.xpm_fifo_base_inst/gen_cdc_pntr.wr_pntr_cdc_inst/dest_graysync_ff_reg[0][10]} \
          {lesion_i/video/hdmi_in/frontend/v_vid_in_axi4s_0/inst/COUPLER_INST/generate_async_fifo.FIFO_INST/XPM_FIFO_ASYNC_INST/gnuram_async_fifo.xpm_fifo_base_inst/gen_cdc_pntr.wr_pntr_cdc_inst/dest_graysync_ff_reg[0][11]} \
          {lesion_i/video/hdmi_in/frontend/v_vid_in_axi4s_0/inst/COUPLER_INST/generate_async_fifo.FIFO_INST/XPM_FIFO_ASYNC_INST/gnuram_async_fifo.xpm_fifo_base_inst/gen_cdc_pntr.wr_pntr_cdc_inst/dest_graysync_ff_reg[0][1]} \
          {lesion_i/video/hdmi_in/frontend/v_vid_in_axi4s_0/inst/COUPLER_INST/generate_async_fifo.FIFO_INST/XPM_FIFO_ASYNC_INST/gnuram_async_fifo.xpm_fifo_base_inst/gen_cdc_pntr.wr_pntr_cdc_inst/dest_graysync_ff_reg[0][2]} \
          {lesion_i/video/hdmi_in/frontend/v_vid_in_axi4s_0/inst/COUPLER_INST/generate_async_fifo.FIFO_INST/XPM_FIFO_ASYNC_INST/gnuram_async_fifo.xpm_fifo_base_inst/gen_cdc_pntr.wr_pntr_cdc_inst/dest_graysync_ff_reg[0][3]} \
          {lesion_i/video/hdmi_in/frontend/v_vid_in_axi4s_0/inst/COUPLER_INST/generate_async_fifo.FIFO_INST/XPM_FIFO_ASYNC_INST/gnuram_async_fifo.xpm_fifo_base_inst/gen_cdc_pntr.wr_pntr_cdc_inst/dest_graysync_ff_reg[0][4]} \
          {lesion_i/video/hdmi_in/frontend/v_vid_in_axi4s_0/inst/COUPLER_INST/generate_async_fifo.FIFO_INST/XPM_FIFO_ASYNC_INST/gnuram_async_fifo.xpm_fifo_base_inst/gen_cdc_pntr.wr_pntr_cdc_inst/dest_graysync_ff_reg[0][5]} \
          {lesion_i/video/hdmi_in/frontend/v_vid_in_axi4s_0/inst/COUPLER_INST/generate_async_fifo.FIFO_INST/XPM_FIFO_ASYNC_INST/gnuram_async_fifo.xpm_fifo_base_inst/gen_cdc_pntr.wr_pntr_cdc_inst/dest_graysync_ff_reg[0][6]} \
          {lesion_i/video/hdmi_in/frontend/v_vid_in_axi4s_0/inst/COUPLER_INST/generate_async_fifo.FIFO_INST/XPM_FIFO_ASYNC_INST/gnuram_async_fifo.xpm_fifo_base_inst/gen_cdc_pntr.wr_pntr_cdc_inst/dest_graysync_ff_reg[0][7]} \
          {lesion_i/video/hdmi_in/frontend/v_vid_in_axi4s_0/inst/COUPLER_INST/generate_async_fifo.FIFO_INST/XPM_FIFO_ASYNC_INST/gnuram_async_fifo.xpm_fifo_base_inst/gen_cdc_pntr.wr_pntr_cdc_inst/dest_graysync_ff_reg[0][8]} \
          {lesion_i/video/hdmi_in/frontend/v_vid_in_axi4s_0/inst/COUPLER_INST/generate_async_fifo.FIFO_INST/XPM_FIFO_ASYNC_INST/gnuram_async_fifo.xpm_fifo_base_inst/gen_cdc_pntr.wr_pntr_cdc_inst/dest_graysync_ff_reg[0][9]}]] 7.000
Requirement: 7.000ns
Endpoints: 12

From Clock            To Clock              Endpoint Pin                    Reference Pin                   Corner  Actual(ns)  Slack(ns)
--------------------  --------------------  ------------------------------  ------------------------------  ------  ----------  ---------
hdmi_in_PixelClk      clk_fpga_1            lesion_i/video/hdmi_in/frontend/v_vid_in_axi4s_0/inst/COUPLER_INST/generate_async_fifo.FIFO_INST/XPM_FIFO_ASYNC_INST/gnuram_async_fifo.xpm_fifo_base_inst/gen_cdc_pntr.wr_pntr_cdc_inst/dest_graysync_ff_reg[0][6]/D
                                                                            lesion_i/video/hdmi_in/frontend/v_vid_in_axi4s_0/inst/COUPLER_INST/generate_async_fifo.FIFO_INST/XPM_FIFO_ASYNC_INST/gnuram_async_fifo.xpm_fifo_base_inst/gen_cdc_pntr.wr_pntr_cdc_inst/dest_graysync_ff_reg[0][0]/D
                                                                                                            Slow         1.090      5.910


Slack (MET) :             5.910ns  (requirement - actual skew)
  Endpoint Source:        lesion_i/video/hdmi_in/frontend/v_vid_in_axi4s_0/inst/COUPLER_INST/generate_async_fifo.FIFO_INST/XPM_FIFO_ASYNC_INST/gnuram_async_fifo.xpm_fifo_base_inst/gen_cdc_pntr.wr_pntr_cdc_inst/src_gray_ff_reg[6]/C
                            (rising edge-triggered cell FDRE clocked by hdmi_in_PixelClk)
  Endpoint Destination:   lesion_i/video/hdmi_in/frontend/v_vid_in_axi4s_0/inst/COUPLER_INST/generate_async_fifo.FIFO_INST/XPM_FIFO_ASYNC_INST/gnuram_async_fifo.xpm_fifo_base_inst/gen_cdc_pntr.wr_pntr_cdc_inst/dest_graysync_ff_reg[0][6]/D
                            (rising edge-triggered cell FDRE clocked by clk_fpga_1)
  Reference Source:       lesion_i/video/hdmi_in/frontend/v_vid_in_axi4s_0/inst/COUPLER_INST/generate_async_fifo.FIFO_INST/XPM_FIFO_ASYNC_INST/gnuram_async_fifo.xpm_fifo_base_inst/gen_cdc_pntr.wr_pntr_cdc_inst/src_gray_ff_reg[0]/C
                            (rising edge-triggered cell FDRE clocked by hdmi_in_PixelClk)
  Reference Destination:  lesion_i/video/hdmi_in/frontend/v_vid_in_axi4s_0/inst/COUPLER_INST/generate_async_fifo.FIFO_INST/XPM_FIFO_ASYNC_INST/gnuram_async_fifo.xpm_fifo_base_inst/gen_cdc_pntr.wr_pntr_cdc_inst/dest_graysync_ff_reg[0][0]/D
                            (rising edge-triggered cell FDRE clocked by clk_fpga_1)
  Path Type:              Bus Skew (Max at Slow Process Corner)
  Requirement:            7.000ns
  Endpoint Relative Delay:    4.131ns
  Reference Relative Delay:   2.386ns
  Relative CRPR:              0.656ns
  Actual Bus Skew:            1.090ns  (Endpoint Relative Delay - Reference Relative Delay - Relative CRPR)

Endpoint path:
    Location             Delay type                Incr(ns)  Path(ns)    Netlist Resource(s)
  -------------------------------------------------------------------    -------------------
                         (clock hdmi_in_PixelClk rise edge)
                                                      0.000     0.000 r  
    N18                                               0.000     0.000 r  hdmi_in_clk_p (IN)
                         net (fo=0)                   0.000     0.000    lesion_i/video/hdmi_in/frontend/dvi2rgb_0/U0/TMDS_ClockingX/TMDS_Clk_p
    N18                  IBUFDS (Prop_ibufds_I_O)     0.930     0.930 r  lesion_i/video/hdmi_in/frontend/dvi2rgb_0/U0/TMDS_ClockingX/InputBuffer/O
                         net (fo=1, routed)           1.285     2.215    lesion_i/video/hdmi_in/frontend/dvi2rgb_0/U0/TMDS_ClockingX/CLK_IN_hdmi_clk
    MMCME2_ADV_X1Y1      MMCME2_ADV (Prop_mmcme2_adv_CLKIN1_CLKOUT0)
                                                      0.089     2.304 r  lesion_i/video/hdmi_in/frontend/dvi2rgb_0/U0/TMDS_ClockingX/DVI_ClkGenerator/CLKOUT0
                         net (fo=2, routed)           1.063     3.367    lesion_i/video/hdmi_in/frontend/dvi2rgb_0/U0/TMDS_ClockingX/CLK_OUT_5x_hdmi_clk
    BUFR_X1Y5            BUFR (Prop_bufr_I_O)         1.031     4.398 r  lesion_i/video/hdmi_in/frontend/dvi2rgb_0/U0/TMDS_ClockingX/PixelClkBuffer/O
                         net (fo=3140, routed)        0.891     5.289    lesion_i/video/hdmi_in/frontend/v_vid_in_axi4s_0/inst/COUPLER_INST/generate_async_fifo.FIFO_INST/XPM_FIFO_ASYNC_INST/gnuram_async_fifo.xpm_fifo_base_inst/gen_cdc_pntr.wr_pntr_cdc_inst/src_clk
    SLICE_X90Y93         FDRE                                         r  lesion_i/video/hdmi_in/frontend/v_vid_in_axi4s_0/inst/COUPLER_INST/generate_async_fifo.FIFO_INST/XPM_FIFO_ASYNC_INST/gnuram_async_fifo.xpm_fifo_base_inst/gen_cdc_pntr.wr_pntr_cdc_inst/src_gray_ff_reg[6]/C
  -------------------------------------------------------------------    -------------------
    SLICE_X90Y93         FDRE (Prop_fdre_C_Q)         0.518     5.807 r  lesion_i/video/hdmi_in/frontend/v_vid_in_axi4s_0/inst/COUPLER_INST/generate_async_fifo.FIFO_INST/XPM_FIFO_ASYNC_INST/gnuram_async_fifo.xpm_fifo_base_inst/gen_cdc_pntr.wr_pntr_cdc_inst/src_gray_ff_reg[6]/Q
                         net (fo=1, routed)           0.954     6.761    lesion_i/video/hdmi_in/frontend/v_vid_in_axi4s_0/inst/COUPLER_INST/generate_async_fifo.FIFO_INST/XPM_FIFO_ASYNC_INST/gnuram_async_fifo.xpm_fifo_base_inst/gen_cdc_pntr.wr_pntr_cdc_inst/async_path[6]
    SLICE_X89Y93         FDRE                                         r  lesion_i/video/hdmi_in/frontend/v_vid_in_axi4s_0/inst/COUPLER_INST/generate_async_fifo.FIFO_INST/XPM_FIFO_ASYNC_INST/gnuram_async_fifo.xpm_fifo_base_inst/gen_cdc_pntr.wr_pntr_cdc_inst/dest_graysync_ff_reg[0][6]/D
  -------------------------------------------------------------------    -------------------

                         (clock clk_fpga_1 rise edge)
                                                      0.000     0.000 r  
    PS7_X0Y0             PS7                          0.000     0.000 r  lesion_i/ps7_0/inst/PS7_i/FCLKCLK[1]
                         net (fo=1, routed)           1.088     1.088    lesion_i/ps7_0/inst/FCLK_CLK_unbuffered[1]
    BUFGCTRL_X0Y17       BUFG (Prop_bufg_I_O)         0.091     1.179 r  lesion_i/ps7_0/inst/buffer_fclk_clk_1.FCLK_CLK_1_BUFG/O
                         net (fo=7661, routed)        1.546     2.725    lesion_i/video/hdmi_in/frontend/v_vid_in_axi4s_0/inst/COUPLER_INST/generate_async_fifo.FIFO_INST/XPM_FIFO_ASYNC_INST/gnuram_async_fifo.xpm_fifo_base_inst/gen_cdc_pntr.wr_pntr_cdc_inst/dest_clk
    SLICE_X89Y93         FDRE                                         r  lesion_i/video/hdmi_in/frontend/v_vid_in_axi4s_0/inst/COUPLER_INST/generate_async_fifo.FIFO_INST/XPM_FIFO_ASYNC_INST/gnuram_async_fifo.xpm_fifo_base_inst/gen_cdc_pntr.wr_pntr_cdc_inst/dest_graysync_ff_reg[0][6]/C
                         clock pessimism              0.000     2.725    
    SLICE_X89Y93         FDRE (Setup_fdre_C_D)       -0.095     2.630    lesion_i/video/hdmi_in/frontend/v_vid_in_axi4s_0/inst/COUPLER_INST/generate_async_fifo.FIFO_INST/XPM_FIFO_ASYNC_INST/gnuram_async_fifo.xpm_fifo_base_inst/gen_cdc_pntr.wr_pntr_cdc_inst/dest_graysync_ff_reg[0][6]
  -------------------------------------------------------------------
                         data arrival                           6.761    
                         clock arrival                          2.630    
  -------------------------------------------------------------------
                         relative delay                         4.131    

Reference path:
    Location             Delay type                Incr(ns)  Path(ns)    Netlist Resource(s)
  -------------------------------------------------------------------    -------------------
                         (clock hdmi_in_PixelClk rise edge)
                                                      0.000     0.000 r  
    N18                                               0.000     0.000 r  hdmi_in_clk_p (IN)
                         net (fo=0)                   0.000     0.000    lesion_i/video/hdmi_in/frontend/dvi2rgb_0/U0/TMDS_ClockingX/TMDS_Clk_p
    N18                  IBUFDS (Prop_ibufds_I_O)     0.887     0.887 r  lesion_i/video/hdmi_in/frontend/dvi2rgb_0/U0/TMDS_ClockingX/InputBuffer/O
                         net (fo=1, routed)           1.162     2.049    lesion_i/video/hdmi_in/frontend/dvi2rgb_0/U0/TMDS_ClockingX/CLK_IN_hdmi_clk
    MMCME2_ADV_X1Y1      MMCME2_ADV (Prop_mmcme2_adv_CLKIN1_CLKOUT0)
                                                      0.084     2.133 r  lesion_i/video/hdmi_in/frontend/dvi2rgb_0/U0/TMDS_ClockingX/DVI_ClkGenerator/CLKOUT0
                         net (fo=2, routed)           0.960     3.093    lesion_i/video/hdmi_in/frontend/dvi2rgb_0/U0/TMDS_ClockingX/CLK_OUT_5x_hdmi_clk
    BUFR_X1Y5            BUFR (Prop_bufr_I_O)         0.918     4.011 r  lesion_i/video/hdmi_in/frontend/dvi2rgb_0/U0/TMDS_ClockingX/PixelClkBuffer/O
                         net (fo=3140, routed)        0.826     4.837    lesion_i/video/hdmi_in/frontend/v_vid_in_axi4s_0/inst/COUPLER_INST/generate_async_fifo.FIFO_INST/XPM_FIFO_ASYNC_INST/gnuram_async_fifo.xpm_fifo_base_inst/gen_cdc_pntr.wr_pntr_cdc_inst/src_clk
    SLICE_X91Y91         FDRE                                         r  lesion_i/video/hdmi_in/frontend/v_vid_in_axi4s_0/inst/COUPLER_INST/generate_async_fifo.FIFO_INST/XPM_FIFO_ASYNC_INST/gnuram_async_fifo.xpm_fifo_base_inst/gen_cdc_pntr.wr_pntr_cdc_inst/src_gray_ff_reg[0]/C
  -------------------------------------------------------------------    -------------------
    SLICE_X91Y91         FDRE (Prop_fdre_C_Q)         0.367     5.204 r  lesion_i/video/hdmi_in/frontend/v_vid_in_axi4s_0/inst/COUPLER_INST/generate_async_fifo.FIFO_INST/XPM_FIFO_ASYNC_INST/gnuram_async_fifo.xpm_fifo_base_inst/gen_cdc_pntr.wr_pntr_cdc_inst/src_gray_ff_reg[0]/Q
                         net (fo=1, routed)           0.486     5.690    lesion_i/video/hdmi_in/frontend/v_vid_in_axi4s_0/inst/COUPLER_INST/generate_async_fifo.FIFO_INST/XPM_FIFO_ASYNC_INST/gnuram_async_fifo.xpm_fifo_base_inst/gen_cdc_pntr.wr_pntr_cdc_inst/async_path[0]
    SLICE_X90Y91         FDRE                                         r  lesion_i/video/hdmi_in/frontend/v_vid_in_axi4s_0/inst/COUPLER_INST/generate_async_fifo.FIFO_INST/XPM_FIFO_ASYNC_INST/gnuram_async_fifo.xpm_fifo_base_inst/gen_cdc_pntr.wr_pntr_cdc_inst/dest_graysync_ff_reg[0][0]/D
  -------------------------------------------------------------------    -------------------

                         (clock clk_fpga_1 rise edge)
                                                      0.000     0.000 r  
    PS7_X0Y0             PS7                          0.000     0.000 r  lesion_i/ps7_0/inst/PS7_i/FCLKCLK[1]
                         net (fo=1, routed)           1.193     1.193    lesion_i/ps7_0/inst/FCLK_CLK_unbuffered[1]
    BUFGCTRL_X0Y17       BUFG (Prop_bufg_I_O)         0.101     1.294 r  lesion_i/ps7_0/inst/buffer_fclk_clk_1.FCLK_CLK_1_BUFG/O
                         net (fo=7661, routed)        1.780     3.074    lesion_i/video/hdmi_in/frontend/v_vid_in_axi4s_0/inst/COUPLER_INST/generate_async_fifo.FIFO_INST/XPM_FIFO_ASYNC_INST/gnuram_async_fifo.xpm_fifo_base_inst/gen_cdc_pntr.wr_pntr_cdc_inst/dest_clk
    SLICE_X90Y91         FDRE                                         r  lesion_i/video/hdmi_in/frontend/v_vid_in_axi4s_0/inst/COUPLER_INST/generate_async_fifo.FIFO_INST/XPM_FIFO_ASYNC_INST/gnuram_async_fifo.xpm_fifo_base_inst/gen_cdc_pntr.wr_pntr_cdc_inst/dest_graysync_ff_reg[0][0]/C
                         clock pessimism              0.000     3.074    
    SLICE_X90Y91         FDRE (Hold_fdre_C_D)         0.230     3.304    lesion_i/video/hdmi_in/frontend/v_vid_in_axi4s_0/inst/COUPLER_INST/generate_async_fifo.FIFO_INST/XPM_FIFO_ASYNC_INST/gnuram_async_fifo.xpm_fifo_base_inst/gen_cdc_pntr.wr_pntr_cdc_inst/dest_graysync_ff_reg[0][0]
  -------------------------------------------------------------------
                         data arrival                           5.690    
                         clock arrival                          3.304    
  -------------------------------------------------------------------
                         relative delay                         2.386    



Id: 7
set_bus_skew -from [get_cells [list {lesion_i/video/hdmi_in/frontend/v_vid_in_axi4s_0/inst/COUPLER_INST/generate_async_fifo.FIFO_INST/XPM_FIFO_ASYNC_INST/gnuram_async_fifo.xpm_fifo_base_inst/gen_cdc_pntr.wr_pntr_cdc_dc_inst/src_gray_ff_reg[0]} \
          {lesion_i/video/hdmi_in/frontend/v_vid_in_axi4s_0/inst/COUPLER_INST/generate_async_fifo.FIFO_INST/XPM_FIFO_ASYNC_INST/gnuram_async_fifo.xpm_fifo_base_inst/gen_cdc_pntr.wr_pntr_cdc_dc_inst/src_gray_ff_reg[10]} \
          {lesion_i/video/hdmi_in/frontend/v_vid_in_axi4s_0/inst/COUPLER_INST/generate_async_fifo.FIFO_INST/XPM_FIFO_ASYNC_INST/gnuram_async_fifo.xpm_fifo_base_inst/gen_cdc_pntr.wr_pntr_cdc_dc_inst/src_gray_ff_reg[11]} \
          {lesion_i/video/hdmi_in/frontend/v_vid_in_axi4s_0/inst/COUPLER_INST/generate_async_fifo.FIFO_INST/XPM_FIFO_ASYNC_INST/gnuram_async_fifo.xpm_fifo_base_inst/gen_cdc_pntr.wr_pntr_cdc_dc_inst/src_gray_ff_reg[12]} \
          {lesion_i/video/hdmi_in/frontend/v_vid_in_axi4s_0/inst/COUPLER_INST/generate_async_fifo.FIFO_INST/XPM_FIFO_ASYNC_INST/gnuram_async_fifo.xpm_fifo_base_inst/gen_cdc_pntr.wr_pntr_cdc_dc_inst/src_gray_ff_reg[1]} \
          {lesion_i/video/hdmi_in/frontend/v_vid_in_axi4s_0/inst/COUPLER_INST/generate_async_fifo.FIFO_INST/XPM_FIFO_ASYNC_INST/gnuram_async_fifo.xpm_fifo_base_inst/gen_cdc_pntr.wr_pntr_cdc_dc_inst/src_gray_ff_reg[2]} \
          {lesion_i/video/hdmi_in/frontend/v_vid_in_axi4s_0/inst/COUPLER_INST/generate_async_fifo.FIFO_INST/XPM_FIFO_ASYNC_INST/gnuram_async_fifo.xpm_fifo_base_inst/gen_cdc_pntr.wr_pntr_cdc_dc_inst/src_gray_ff_reg[3]} \
          {lesion_i/video/hdmi_in/frontend/v_vid_in_axi4s_0/inst/COUPLER_INST/generate_async_fifo.FIFO_INST/XPM_FIFO_ASYNC_INST/gnuram_async_fifo.xpm_fifo_base_inst/gen_cdc_pntr.wr_pntr_cdc_dc_inst/src_gray_ff_reg[4]} \
          {lesion_i/video/hdmi_in/frontend/v_vid_in_axi4s_0/inst/COUPLER_INST/generate_async_fifo.FIFO_INST/XPM_FIFO_ASYNC_INST/gnuram_async_fifo.xpm_fifo_base_inst/gen_cdc_pntr.wr_pntr_cdc_dc_inst/src_gray_ff_reg[5]} \
          {lesion_i/video/hdmi_in/frontend/v_vid_in_axi4s_0/inst/COUPLER_INST/generate_async_fifo.FIFO_INST/XPM_FIFO_ASYNC_INST/gnuram_async_fifo.xpm_fifo_base_inst/gen_cdc_pntr.wr_pntr_cdc_dc_inst/src_gray_ff_reg[6]} \
          {lesion_i/video/hdmi_in/frontend/v_vid_in_axi4s_0/inst/COUPLER_INST/generate_async_fifo.FIFO_INST/XPM_FIFO_ASYNC_INST/gnuram_async_fifo.xpm_fifo_base_inst/gen_cdc_pntr.wr_pntr_cdc_dc_inst/src_gray_ff_reg[7]} \
          {lesion_i/video/hdmi_in/frontend/v_vid_in_axi4s_0/inst/COUPLER_INST/generate_async_fifo.FIFO_INST/XPM_FIFO_ASYNC_INST/gnuram_async_fifo.xpm_fifo_base_inst/gen_cdc_pntr.wr_pntr_cdc_dc_inst/src_gray_ff_reg[8]} \
          {lesion_i/video/hdmi_in/frontend/v_vid_in_axi4s_0/inst/COUPLER_INST/generate_async_fifo.FIFO_INST/XPM_FIFO_ASYNC_INST/gnuram_async_fifo.xpm_fifo_base_inst/gen_cdc_pntr.wr_pntr_cdc_dc_inst/src_gray_ff_reg[9]}]] -to [get_cells [list {lesion_i/video/hdmi_in/frontend/v_vid_in_axi4s_0/inst/COUPLER_INST/generate_async_fifo.FIFO_INST/XPM_FIFO_ASYNC_INST/gnuram_async_fifo.xpm_fifo_base_inst/gen_cdc_pntr.wr_pntr_cdc_dc_inst/dest_graysync_ff_reg[0][0]} \
          {lesion_i/video/hdmi_in/frontend/v_vid_in_axi4s_0/inst/COUPLER_INST/generate_async_fifo.FIFO_INST/XPM_FIFO_ASYNC_INST/gnuram_async_fifo.xpm_fifo_base_inst/gen_cdc_pntr.wr_pntr_cdc_dc_inst/dest_graysync_ff_reg[0][10]} \
          {lesion_i/video/hdmi_in/frontend/v_vid_in_axi4s_0/inst/COUPLER_INST/generate_async_fifo.FIFO_INST/XPM_FIFO_ASYNC_INST/gnuram_async_fifo.xpm_fifo_base_inst/gen_cdc_pntr.wr_pntr_cdc_dc_inst/dest_graysync_ff_reg[0][11]} \
          {lesion_i/video/hdmi_in/frontend/v_vid_in_axi4s_0/inst/COUPLER_INST/generate_async_fifo.FIFO_INST/XPM_FIFO_ASYNC_INST/gnuram_async_fifo.xpm_fifo_base_inst/gen_cdc_pntr.wr_pntr_cdc_dc_inst/dest_graysync_ff_reg[0][12]} \
          {lesion_i/video/hdmi_in/frontend/v_vid_in_axi4s_0/inst/COUPLER_INST/generate_async_fifo.FIFO_INST/XPM_FIFO_ASYNC_INST/gnuram_async_fifo.xpm_fifo_base_inst/gen_cdc_pntr.wr_pntr_cdc_dc_inst/dest_graysync_ff_reg[0][1]} \
          {lesion_i/video/hdmi_in/frontend/v_vid_in_axi4s_0/inst/COUPLER_INST/generate_async_fifo.FIFO_INST/XPM_FIFO_ASYNC_INST/gnuram_async_fifo.xpm_fifo_base_inst/gen_cdc_pntr.wr_pntr_cdc_dc_inst/dest_graysync_ff_reg[0][2]} \
          {lesion_i/video/hdmi_in/frontend/v_vid_in_axi4s_0/inst/COUPLER_INST/generate_async_fifo.FIFO_INST/XPM_FIFO_ASYNC_INST/gnuram_async_fifo.xpm_fifo_base_inst/gen_cdc_pntr.wr_pntr_cdc_dc_inst/dest_graysync_ff_reg[0][3]} \
          {lesion_i/video/hdmi_in/frontend/v_vid_in_axi4s_0/inst/COUPLER_INST/generate_async_fifo.FIFO_INST/XPM_FIFO_ASYNC_INST/gnuram_async_fifo.xpm_fifo_base_inst/gen_cdc_pntr.wr_pntr_cdc_dc_inst/dest_graysync_ff_reg[0][4]} \
          {lesion_i/video/hdmi_in/frontend/v_vid_in_axi4s_0/inst/COUPLER_INST/generate_async_fifo.FIFO_INST/XPM_FIFO_ASYNC_INST/gnuram_async_fifo.xpm_fifo_base_inst/gen_cdc_pntr.wr_pntr_cdc_dc_inst/dest_graysync_ff_reg[0][5]} \
          {lesion_i/video/hdmi_in/frontend/v_vid_in_axi4s_0/inst/COUPLER_INST/generate_async_fifo.FIFO_INST/XPM_FIFO_ASYNC_INST/gnuram_async_fifo.xpm_fifo_base_inst/gen_cdc_pntr.wr_pntr_cdc_dc_inst/dest_graysync_ff_reg[0][6]} \
          {lesion_i/video/hdmi_in/frontend/v_vid_in_axi4s_0/inst/COUPLER_INST/generate_async_fifo.FIFO_INST/XPM_FIFO_ASYNC_INST/gnuram_async_fifo.xpm_fifo_base_inst/gen_cdc_pntr.wr_pntr_cdc_dc_inst/dest_graysync_ff_reg[0][7]} \
          {lesion_i/video/hdmi_in/frontend/v_vid_in_axi4s_0/inst/COUPLER_INST/generate_async_fifo.FIFO_INST/XPM_FIFO_ASYNC_INST/gnuram_async_fifo.xpm_fifo_base_inst/gen_cdc_pntr.wr_pntr_cdc_dc_inst/dest_graysync_ff_reg[0][8]} \
          {lesion_i/video/hdmi_in/frontend/v_vid_in_axi4s_0/inst/COUPLER_INST/generate_async_fifo.FIFO_INST/XPM_FIFO_ASYNC_INST/gnuram_async_fifo.xpm_fifo_base_inst/gen_cdc_pntr.wr_pntr_cdc_dc_inst/dest_graysync_ff_reg[0][9]}]] 7.000
Requirement: 7.000ns
Endpoints: 13

From Clock            To Clock              Endpoint Pin                    Reference Pin                   Corner  Actual(ns)  Slack(ns)
--------------------  --------------------  ------------------------------  ------------------------------  ------  ----------  ---------
hdmi_in_PixelClk      clk_fpga_1            lesion_i/video/hdmi_in/frontend/v_vid_in_axi4s_0/inst/COUPLER_INST/generate_async_fifo.FIFO_INST/XPM_FIFO_ASYNC_INST/gnuram_async_fifo.xpm_fifo_base_inst/gen_cdc_pntr.wr_pntr_cdc_dc_inst/dest_graysync_ff_reg[0][8]/D
                                                                            lesion_i/video/hdmi_in/frontend/v_vid_in_axi4s_0/inst/COUPLER_INST/generate_async_fifo.FIFO_INST/XPM_FIFO_ASYNC_INST/gnuram_async_fifo.xpm_fifo_base_inst/gen_cdc_pntr.wr_pntr_cdc_dc_inst/dest_graysync_ff_reg[0][0]/D
                                                                                                            Slow         1.057      5.943


Slack (MET) :             5.943ns  (requirement - actual skew)
  Endpoint Source:        lesion_i/video/hdmi_in/frontend/v_vid_in_axi4s_0/inst/COUPLER_INST/generate_async_fifo.FIFO_INST/XPM_FIFO_ASYNC_INST/gnuram_async_fifo.xpm_fifo_base_inst/gen_cdc_pntr.wr_pntr_cdc_dc_inst/src_gray_ff_reg[8]/C
                            (rising edge-triggered cell FDRE clocked by hdmi_in_PixelClk)
  Endpoint Destination:   lesion_i/video/hdmi_in/frontend/v_vid_in_axi4s_0/inst/COUPLER_INST/generate_async_fifo.FIFO_INST/XPM_FIFO_ASYNC_INST/gnuram_async_fifo.xpm_fifo_base_inst/gen_cdc_pntr.wr_pntr_cdc_dc_inst/dest_graysync_ff_reg[0][8]/D
                            (rising edge-triggered cell FDRE clocked by clk_fpga_1)
  Reference Source:       lesion_i/video/hdmi_in/frontend/v_vid_in_axi4s_0/inst/COUPLER_INST/generate_async_fifo.FIFO_INST/XPM_FIFO_ASYNC_INST/gnuram_async_fifo.xpm_fifo_base_inst/gen_cdc_pntr.wr_pntr_cdc_dc_inst/src_gray_ff_reg[0]/C
                            (rising edge-triggered cell FDRE clocked by hdmi_in_PixelClk)
  Reference Destination:  lesion_i/video/hdmi_in/frontend/v_vid_in_axi4s_0/inst/COUPLER_INST/generate_async_fifo.FIFO_INST/XPM_FIFO_ASYNC_INST/gnuram_async_fifo.xpm_fifo_base_inst/gen_cdc_pntr.wr_pntr_cdc_dc_inst/dest_graysync_ff_reg[0][0]/D
                            (rising edge-triggered cell FDRE clocked by clk_fpga_1)
  Path Type:              Bus Skew (Max at Slow Process Corner)
  Requirement:            7.000ns
  Endpoint Relative Delay:    4.018ns
  Reference Relative Delay:   2.344ns
  Relative CRPR:              0.617ns
  Actual Bus Skew:            1.057ns  (Endpoint Relative Delay - Reference Relative Delay - Relative CRPR)

Endpoint path:
    Location             Delay type                Incr(ns)  Path(ns)    Netlist Resource(s)
  -------------------------------------------------------------------    -------------------
                         (clock hdmi_in_PixelClk rise edge)
                                                      0.000     0.000 r  
    N18                                               0.000     0.000 r  hdmi_in_clk_p (IN)
                         net (fo=0)                   0.000     0.000    lesion_i/video/hdmi_in/frontend/dvi2rgb_0/U0/TMDS_ClockingX/TMDS_Clk_p
    N18                  IBUFDS (Prop_ibufds_I_O)     0.930     0.930 r  lesion_i/video/hdmi_in/frontend/dvi2rgb_0/U0/TMDS_ClockingX/InputBuffer/O
                         net (fo=1, routed)           1.285     2.215    lesion_i/video/hdmi_in/frontend/dvi2rgb_0/U0/TMDS_ClockingX/CLK_IN_hdmi_clk
    MMCME2_ADV_X1Y1      MMCME2_ADV (Prop_mmcme2_adv_CLKIN1_CLKOUT0)
                                                      0.089     2.304 r  lesion_i/video/hdmi_in/frontend/dvi2rgb_0/U0/TMDS_ClockingX/DVI_ClkGenerator/CLKOUT0
                         net (fo=2, routed)           1.063     3.367    lesion_i/video/hdmi_in/frontend/dvi2rgb_0/U0/TMDS_ClockingX/CLK_OUT_5x_hdmi_clk
    BUFR_X1Y5            BUFR (Prop_bufr_I_O)         1.031     4.398 r  lesion_i/video/hdmi_in/frontend/dvi2rgb_0/U0/TMDS_ClockingX/PixelClkBuffer/O
                         net (fo=3140, routed)        0.890     5.288    lesion_i/video/hdmi_in/frontend/v_vid_in_axi4s_0/inst/COUPLER_INST/generate_async_fifo.FIFO_INST/XPM_FIFO_ASYNC_INST/gnuram_async_fifo.xpm_fifo_base_inst/gen_cdc_pntr.wr_pntr_cdc_dc_inst/src_clk
    SLICE_X91Y92         FDRE                                         r  lesion_i/video/hdmi_in/frontend/v_vid_in_axi4s_0/inst/COUPLER_INST/generate_async_fifo.FIFO_INST/XPM_FIFO_ASYNC_INST/gnuram_async_fifo.xpm_fifo_base_inst/gen_cdc_pntr.wr_pntr_cdc_dc_inst/src_gray_ff_reg[8]/C
  -------------------------------------------------------------------    -------------------
    SLICE_X91Y92         FDRE (Prop_fdre_C_Q)         0.456     5.744 r  lesion_i/video/hdmi_in/frontend/v_vid_in_axi4s_0/inst/COUPLER_INST/generate_async_fifo.FIFO_INST/XPM_FIFO_ASYNC_INST/gnuram_async_fifo.xpm_fifo_base_inst/gen_cdc_pntr.wr_pntr_cdc_dc_inst/src_gray_ff_reg[8]/Q
                         net (fo=1, routed)           0.892     6.637    lesion_i/video/hdmi_in/frontend/v_vid_in_axi4s_0/inst/COUPLER_INST/generate_async_fifo.FIFO_INST/XPM_FIFO_ASYNC_INST/gnuram_async_fifo.xpm_fifo_base_inst/gen_cdc_pntr.wr_pntr_cdc_dc_inst/async_path[8]
    SLICE_X89Y92         FDRE                                         r  lesion_i/video/hdmi_in/frontend/v_vid_in_axi4s_0/inst/COUPLER_INST/generate_async_fifo.FIFO_INST/XPM_FIFO_ASYNC_INST/gnuram_async_fifo.xpm_fifo_base_inst/gen_cdc_pntr.wr_pntr_cdc_dc_inst/dest_graysync_ff_reg[0][8]/D
  -------------------------------------------------------------------    -------------------

                         (clock clk_fpga_1 rise edge)
                                                      0.000     0.000 r  
    PS7_X0Y0             PS7                          0.000     0.000 r  lesion_i/ps7_0/inst/PS7_i/FCLKCLK[1]
                         net (fo=1, routed)           1.088     1.088    lesion_i/ps7_0/inst/FCLK_CLK_unbuffered[1]
    BUFGCTRL_X0Y17       BUFG (Prop_bufg_I_O)         0.091     1.179 r  lesion_i/ps7_0/inst/buffer_fclk_clk_1.FCLK_CLK_1_BUFG/O
                         net (fo=7661, routed)        1.545     2.724    lesion_i/video/hdmi_in/frontend/v_vid_in_axi4s_0/inst/COUPLER_INST/generate_async_fifo.FIFO_INST/XPM_FIFO_ASYNC_INST/gnuram_async_fifo.xpm_fifo_base_inst/gen_cdc_pntr.wr_pntr_cdc_dc_inst/dest_clk
    SLICE_X89Y92         FDRE                                         r  lesion_i/video/hdmi_in/frontend/v_vid_in_axi4s_0/inst/COUPLER_INST/generate_async_fifo.FIFO_INST/XPM_FIFO_ASYNC_INST/gnuram_async_fifo.xpm_fifo_base_inst/gen_cdc_pntr.wr_pntr_cdc_dc_inst/dest_graysync_ff_reg[0][8]/C
                         clock pessimism              0.000     2.724    
    SLICE_X89Y92         FDRE (Setup_fdre_C_D)       -0.105     2.619    lesion_i/video/hdmi_in/frontend/v_vid_in_axi4s_0/inst/COUPLER_INST/generate_async_fifo.FIFO_INST/XPM_FIFO_ASYNC_INST/gnuram_async_fifo.xpm_fifo_base_inst/gen_cdc_pntr.wr_pntr_cdc_dc_inst/dest_graysync_ff_reg[0][8]
  -------------------------------------------------------------------
                         data arrival                           6.637    
                         clock arrival                          2.619    
  -------------------------------------------------------------------
                         relative delay                         4.018    

Reference path:
    Location             Delay type                Incr(ns)  Path(ns)    Netlist Resource(s)
  -------------------------------------------------------------------    -------------------
                         (clock hdmi_in_PixelClk rise edge)
                                                      0.000     0.000 r  
    N18                                               0.000     0.000 r  hdmi_in_clk_p (IN)
                         net (fo=0)                   0.000     0.000    lesion_i/video/hdmi_in/frontend/dvi2rgb_0/U0/TMDS_ClockingX/TMDS_Clk_p
    N18                  IBUFDS (Prop_ibufds_I_O)     0.887     0.887 r  lesion_i/video/hdmi_in/frontend/dvi2rgb_0/U0/TMDS_ClockingX/InputBuffer/O
                         net (fo=1, routed)           1.162     2.049    lesion_i/video/hdmi_in/frontend/dvi2rgb_0/U0/TMDS_ClockingX/CLK_IN_hdmi_clk
    MMCME2_ADV_X1Y1      MMCME2_ADV (Prop_mmcme2_adv_CLKIN1_CLKOUT0)
                                                      0.084     2.133 r  lesion_i/video/hdmi_in/frontend/dvi2rgb_0/U0/TMDS_ClockingX/DVI_ClkGenerator/CLKOUT0
                         net (fo=2, routed)           0.960     3.093    lesion_i/video/hdmi_in/frontend/dvi2rgb_0/U0/TMDS_ClockingX/CLK_OUT_5x_hdmi_clk
    BUFR_X1Y5            BUFR (Prop_bufr_I_O)         0.918     4.011 r  lesion_i/video/hdmi_in/frontend/dvi2rgb_0/U0/TMDS_ClockingX/PixelClkBuffer/O
                         net (fo=3140, routed)        0.828     4.839    lesion_i/video/hdmi_in/frontend/v_vid_in_axi4s_0/inst/COUPLER_INST/generate_async_fifo.FIFO_INST/XPM_FIFO_ASYNC_INST/gnuram_async_fifo.xpm_fifo_base_inst/gen_cdc_pntr.wr_pntr_cdc_dc_inst/src_clk
    SLICE_X92Y92         FDRE                                         r  lesion_i/video/hdmi_in/frontend/v_vid_in_axi4s_0/inst/COUPLER_INST/generate_async_fifo.FIFO_INST/XPM_FIFO_ASYNC_INST/gnuram_async_fifo.xpm_fifo_base_inst/gen_cdc_pntr.wr_pntr_cdc_dc_inst/src_gray_ff_reg[0]/C
  -------------------------------------------------------------------    -------------------
    SLICE_X92Y92         FDRE (Prop_fdre_C_Q)         0.418     5.257 r  lesion_i/video/hdmi_in/frontend/v_vid_in_axi4s_0/inst/COUPLER_INST/generate_async_fifo.FIFO_INST/XPM_FIFO_ASYNC_INST/gnuram_async_fifo.xpm_fifo_base_inst/gen_cdc_pntr.wr_pntr_cdc_dc_inst/src_gray_ff_reg[0]/Q
                         net (fo=1, routed)           0.395     5.652    lesion_i/video/hdmi_in/frontend/v_vid_in_axi4s_0/inst/COUPLER_INST/generate_async_fifo.FIFO_INST/XPM_FIFO_ASYNC_INST/gnuram_async_fifo.xpm_fifo_base_inst/gen_cdc_pntr.wr_pntr_cdc_dc_inst/async_path[0]
    SLICE_X94Y94         FDRE                                         r  lesion_i/video/hdmi_in/frontend/v_vid_in_axi4s_0/inst/COUPLER_INST/generate_async_fifo.FIFO_INST/XPM_FIFO_ASYNC_INST/gnuram_async_fifo.xpm_fifo_base_inst/gen_cdc_pntr.wr_pntr_cdc_dc_inst/dest_graysync_ff_reg[0][0]/D
  -------------------------------------------------------------------    -------------------

                         (clock clk_fpga_1 rise edge)
                                                      0.000     0.000 r  
    PS7_X0Y0             PS7                          0.000     0.000 r  lesion_i/ps7_0/inst/PS7_i/FCLKCLK[1]
                         net (fo=1, routed)           1.193     1.193    lesion_i/ps7_0/inst/FCLK_CLK_unbuffered[1]
    BUFGCTRL_X0Y17       BUFG (Prop_bufg_I_O)         0.101     1.294 r  lesion_i/ps7_0/inst/buffer_fclk_clk_1.FCLK_CLK_1_BUFG/O
                         net (fo=7661, routed)        1.784     3.078    lesion_i/video/hdmi_in/frontend/v_vid_in_axi4s_0/inst/COUPLER_INST/generate_async_fifo.FIFO_INST/XPM_FIFO_ASYNC_INST/gnuram_async_fifo.xpm_fifo_base_inst/gen_cdc_pntr.wr_pntr_cdc_dc_inst/dest_clk
    SLICE_X94Y94         FDRE                                         r  lesion_i/video/hdmi_in/frontend/v_vid_in_axi4s_0/inst/COUPLER_INST/generate_async_fifo.FIFO_INST/XPM_FIFO_ASYNC_INST/gnuram_async_fifo.xpm_fifo_base_inst/gen_cdc_pntr.wr_pntr_cdc_dc_inst/dest_graysync_ff_reg[0][0]/C
                         clock pessimism              0.000     3.078    
    SLICE_X94Y94         FDRE (Hold_fdre_C_D)         0.230     3.308    lesion_i/video/hdmi_in/frontend/v_vid_in_axi4s_0/inst/COUPLER_INST/generate_async_fifo.FIFO_INST/XPM_FIFO_ASYNC_INST/gnuram_async_fifo.xpm_fifo_base_inst/gen_cdc_pntr.wr_pntr_cdc_dc_inst/dest_graysync_ff_reg[0][0]
  -------------------------------------------------------------------
                         data arrival                           5.652    
                         clock arrival                          3.308    
  -------------------------------------------------------------------
                         relative delay                         2.344    



Id: 8
set_bus_skew -from [get_cells [list {lesion_i/video/hdmi_in/frontend/v_vid_in_axi4s_0/inst/COUPLER_INST/generate_async_fifo.FIFO_INST/XPM_FIFO_ASYNC_INST/gnuram_async_fifo.xpm_fifo_base_inst/gen_cdc_pntr.rd_pntr_cdc_dc_inst/src_gray_ff_reg[0]} \
          {lesion_i/video/hdmi_in/frontend/v_vid_in_axi4s_0/inst/COUPLER_INST/generate_async_fifo.FIFO_INST/XPM_FIFO_ASYNC_INST/gnuram_async_fifo.xpm_fifo_base_inst/gen_cdc_pntr.rd_pntr_cdc_dc_inst/src_gray_ff_reg[10]} \
          {lesion_i/video/hdmi_in/frontend/v_vid_in_axi4s_0/inst/COUPLER_INST/generate_async_fifo.FIFO_INST/XPM_FIFO_ASYNC_INST/gnuram_async_fifo.xpm_fifo_base_inst/gen_cdc_pntr.rd_pntr_cdc_dc_inst/src_gray_ff_reg[11]} \
          {lesion_i/video/hdmi_in/frontend/v_vid_in_axi4s_0/inst/COUPLER_INST/generate_async_fifo.FIFO_INST/XPM_FIFO_ASYNC_INST/gnuram_async_fifo.xpm_fifo_base_inst/gen_cdc_pntr.rd_pntr_cdc_dc_inst/src_gray_ff_reg[12]} \
          {lesion_i/video/hdmi_in/frontend/v_vid_in_axi4s_0/inst/COUPLER_INST/generate_async_fifo.FIFO_INST/XPM_FIFO_ASYNC_INST/gnuram_async_fifo.xpm_fifo_base_inst/gen_cdc_pntr.rd_pntr_cdc_dc_inst/src_gray_ff_reg[1]} \
          {lesion_i/video/hdmi_in/frontend/v_vid_in_axi4s_0/inst/COUPLER_INST/generate_async_fifo.FIFO_INST/XPM_FIFO_ASYNC_INST/gnuram_async_fifo.xpm_fifo_base_inst/gen_cdc_pntr.rd_pntr_cdc_dc_inst/src_gray_ff_reg[2]} \
          {lesion_i/video/hdmi_in/frontend/v_vid_in_axi4s_0/inst/COUPLER_INST/generate_async_fifo.FIFO_INST/XPM_FIFO_ASYNC_INST/gnuram_async_fifo.xpm_fifo_base_inst/gen_cdc_pntr.rd_pntr_cdc_dc_inst/src_gray_ff_reg[3]} \
          {lesion_i/video/hdmi_in/frontend/v_vid_in_axi4s_0/inst/COUPLER_INST/generate_async_fifo.FIFO_INST/XPM_FIFO_ASYNC_INST/gnuram_async_fifo.xpm_fifo_base_inst/gen_cdc_pntr.rd_pntr_cdc_dc_inst/src_gray_ff_reg[4]} \
          {lesion_i/video/hdmi_in/frontend/v_vid_in_axi4s_0/inst/COUPLER_INST/generate_async_fifo.FIFO_INST/XPM_FIFO_ASYNC_INST/gnuram_async_fifo.xpm_fifo_base_inst/gen_cdc_pntr.rd_pntr_cdc_dc_inst/src_gray_ff_reg[5]} \
          {lesion_i/video/hdmi_in/frontend/v_vid_in_axi4s_0/inst/COUPLER_INST/generate_async_fifo.FIFO_INST/XPM_FIFO_ASYNC_INST/gnuram_async_fifo.xpm_fifo_base_inst/gen_cdc_pntr.rd_pntr_cdc_dc_inst/src_gray_ff_reg[6]} \
          {lesion_i/video/hdmi_in/frontend/v_vid_in_axi4s_0/inst/COUPLER_INST/generate_async_fifo.FIFO_INST/XPM_FIFO_ASYNC_INST/gnuram_async_fifo.xpm_fifo_base_inst/gen_cdc_pntr.rd_pntr_cdc_dc_inst/src_gray_ff_reg[7]} \
          {lesion_i/video/hdmi_in/frontend/v_vid_in_axi4s_0/inst/COUPLER_INST/generate_async_fifo.FIFO_INST/XPM_FIFO_ASYNC_INST/gnuram_async_fifo.xpm_fifo_base_inst/gen_cdc_pntr.rd_pntr_cdc_dc_inst/src_gray_ff_reg[8]} \
          {lesion_i/video/hdmi_in/frontend/v_vid_in_axi4s_0/inst/COUPLER_INST/generate_async_fifo.FIFO_INST/XPM_FIFO_ASYNC_INST/gnuram_async_fifo.xpm_fifo_base_inst/gen_cdc_pntr.rd_pntr_cdc_dc_inst/src_gray_ff_reg[9]}]] -to [get_cells [list {lesion_i/video/hdmi_in/frontend/v_vid_in_axi4s_0/inst/COUPLER_INST/generate_async_fifo.FIFO_INST/XPM_FIFO_ASYNC_INST/gnuram_async_fifo.xpm_fifo_base_inst/gen_cdc_pntr.rd_pntr_cdc_dc_inst/dest_graysync_ff_reg[0][0]} \
          {lesion_i/video/hdmi_in/frontend/v_vid_in_axi4s_0/inst/COUPLER_INST/generate_async_fifo.FIFO_INST/XPM_FIFO_ASYNC_INST/gnuram_async_fifo.xpm_fifo_base_inst/gen_cdc_pntr.rd_pntr_cdc_dc_inst/dest_graysync_ff_reg[0][10]} \
          {lesion_i/video/hdmi_in/frontend/v_vid_in_axi4s_0/inst/COUPLER_INST/generate_async_fifo.FIFO_INST/XPM_FIFO_ASYNC_INST/gnuram_async_fifo.xpm_fifo_base_inst/gen_cdc_pntr.rd_pntr_cdc_dc_inst/dest_graysync_ff_reg[0][11]} \
          {lesion_i/video/hdmi_in/frontend/v_vid_in_axi4s_0/inst/COUPLER_INST/generate_async_fifo.FIFO_INST/XPM_FIFO_ASYNC_INST/gnuram_async_fifo.xpm_fifo_base_inst/gen_cdc_pntr.rd_pntr_cdc_dc_inst/dest_graysync_ff_reg[0][12]} \
          {lesion_i/video/hdmi_in/frontend/v_vid_in_axi4s_0/inst/COUPLER_INST/generate_async_fifo.FIFO_INST/XPM_FIFO_ASYNC_INST/gnuram_async_fifo.xpm_fifo_base_inst/gen_cdc_pntr.rd_pntr_cdc_dc_inst/dest_graysync_ff_reg[0][1]} \
          {lesion_i/video/hdmi_in/frontend/v_vid_in_axi4s_0/inst/COUPLER_INST/generate_async_fifo.FIFO_INST/XPM_FIFO_ASYNC_INST/gnuram_async_fifo.xpm_fifo_base_inst/gen_cdc_pntr.rd_pntr_cdc_dc_inst/dest_graysync_ff_reg[0][2]} \
          {lesion_i/video/hdmi_in/frontend/v_vid_in_axi4s_0/inst/COUPLER_INST/generate_async_fifo.FIFO_INST/XPM_FIFO_ASYNC_INST/gnuram_async_fifo.xpm_fifo_base_inst/gen_cdc_pntr.rd_pntr_cdc_dc_inst/dest_graysync_ff_reg[0][3]} \
          {lesion_i/video/hdmi_in/frontend/v_vid_in_axi4s_0/inst/COUPLER_INST/generate_async_fifo.FIFO_INST/XPM_FIFO_ASYNC_INST/gnuram_async_fifo.xpm_fifo_base_inst/gen_cdc_pntr.rd_pntr_cdc_dc_inst/dest_graysync_ff_reg[0][4]} \
          {lesion_i/video/hdmi_in/frontend/v_vid_in_axi4s_0/inst/COUPLER_INST/generate_async_fifo.FIFO_INST/XPM_FIFO_ASYNC_INST/gnuram_async_fifo.xpm_fifo_base_inst/gen_cdc_pntr.rd_pntr_cdc_dc_inst/dest_graysync_ff_reg[0][5]} \
          {lesion_i/video/hdmi_in/frontend/v_vid_in_axi4s_0/inst/COUPLER_INST/generate_async_fifo.FIFO_INST/XPM_FIFO_ASYNC_INST/gnuram_async_fifo.xpm_fifo_base_inst/gen_cdc_pntr.rd_pntr_cdc_dc_inst/dest_graysync_ff_reg[0][6]} \
          {lesion_i/video/hdmi_in/frontend/v_vid_in_axi4s_0/inst/COUPLER_INST/generate_async_fifo.FIFO_INST/XPM_FIFO_ASYNC_INST/gnuram_async_fifo.xpm_fifo_base_inst/gen_cdc_pntr.rd_pntr_cdc_dc_inst/dest_graysync_ff_reg[0][7]} \
          {lesion_i/video/hdmi_in/frontend/v_vid_in_axi4s_0/inst/COUPLER_INST/generate_async_fifo.FIFO_INST/XPM_FIFO_ASYNC_INST/gnuram_async_fifo.xpm_fifo_base_inst/gen_cdc_pntr.rd_pntr_cdc_dc_inst/dest_graysync_ff_reg[0][8]} \
          {lesion_i/video/hdmi_in/frontend/v_vid_in_axi4s_0/inst/COUPLER_INST/generate_async_fifo.FIFO_INST/XPM_FIFO_ASYNC_INST/gnuram_async_fifo.xpm_fifo_base_inst/gen_cdc_pntr.rd_pntr_cdc_dc_inst/dest_graysync_ff_reg[0][9]}]] 7.000
Requirement: 7.000ns
Endpoints: 13

From Clock            To Clock              Endpoint Pin                    Reference Pin                   Corner  Actual(ns)  Slack(ns)
--------------------  --------------------  ------------------------------  ------------------------------  ------  ----------  ---------
clk_fpga_1            hdmi_in_PixelClk      lesion_i/video/hdmi_in/frontend/v_vid_in_axi4s_0/inst/COUPLER_INST/generate_async_fifo.FIFO_INST/XPM_FIFO_ASYNC_INST/gnuram_async_fifo.xpm_fifo_base_inst/gen_cdc_pntr.rd_pntr_cdc_dc_inst/dest_graysync_ff_reg[0][7]/D
                                                                            lesion_i/video/hdmi_in/frontend/v_vid_in_axi4s_0/inst/COUPLER_INST/generate_async_fifo.FIFO_INST/XPM_FIFO_ASYNC_INST/gnuram_async_fifo.xpm_fifo_base_inst/gen_cdc_pntr.rd_pntr_cdc_dc_inst/dest_graysync_ff_reg[0][6]/D
                                                                                                            Slow         0.917      6.083


Slack (MET) :             6.083ns  (requirement - actual skew)
  Endpoint Source:        lesion_i/video/hdmi_in/frontend/v_vid_in_axi4s_0/inst/COUPLER_INST/generate_async_fifo.FIFO_INST/XPM_FIFO_ASYNC_INST/gnuram_async_fifo.xpm_fifo_base_inst/gen_cdc_pntr.rd_pntr_cdc_dc_inst/src_gray_ff_reg[7]/C
                            (rising edge-triggered cell FDRE clocked by clk_fpga_1)
  Endpoint Destination:   lesion_i/video/hdmi_in/frontend/v_vid_in_axi4s_0/inst/COUPLER_INST/generate_async_fifo.FIFO_INST/XPM_FIFO_ASYNC_INST/gnuram_async_fifo.xpm_fifo_base_inst/gen_cdc_pntr.rd_pntr_cdc_dc_inst/dest_graysync_ff_reg[0][7]/D
                            (rising edge-triggered cell FDRE clocked by hdmi_in_PixelClk)
  Reference Source:       lesion_i/video/hdmi_in/frontend/v_vid_in_axi4s_0/inst/COUPLER_INST/generate_async_fifo.FIFO_INST/XPM_FIFO_ASYNC_INST/gnuram_async_fifo.xpm_fifo_base_inst/gen_cdc_pntr.rd_pntr_cdc_dc_inst/src_gray_ff_reg[6]/C
                            (rising edge-triggered cell FDRE clocked by clk_fpga_1)
  Reference Destination:  lesion_i/video/hdmi_in/frontend/v_vid_in_axi4s_0/inst/COUPLER_INST/generate_async_fifo.FIFO_INST/XPM_FIFO_ASYNC_INST/gnuram_async_fifo.xpm_fifo_base_inst/gen_cdc_pntr.rd_pntr_cdc_dc_inst/dest_graysync_ff_reg[0][6]/D
                            (rising edge-triggered cell FDRE clocked by hdmi_in_PixelClk)
  Path Type:              Bus Skew (Max at Slow Process Corner)
  Requirement:            7.000ns
  Endpoint Relative Delay:   -0.293ns
  Reference Relative Delay:  -1.889ns
  Relative CRPR:              0.679ns
  Actual Bus Skew:            0.917ns  (Endpoint Relative Delay - Reference Relative Delay - Relative CRPR)

Endpoint path:
    Location             Delay type                Incr(ns)  Path(ns)    Netlist Resource(s)
  -------------------------------------------------------------------    -------------------
                         (clock clk_fpga_1 rise edge)
                                                      0.000     0.000 r  
    PS7_X0Y0             PS7                          0.000     0.000 r  lesion_i/ps7_0/inst/PS7_i/FCLKCLK[1]
                         net (fo=1, routed)           1.193     1.193    lesion_i/ps7_0/inst/FCLK_CLK_unbuffered[1]
    BUFGCTRL_X0Y17       BUFG (Prop_bufg_I_O)         0.101     1.294 r  lesion_i/ps7_0/inst/buffer_fclk_clk_1.FCLK_CLK_1_BUFG/O
                         net (fo=7661, routed)        1.778     3.072    lesion_i/video/hdmi_in/frontend/v_vid_in_axi4s_0/inst/COUPLER_INST/generate_async_fifo.FIFO_INST/XPM_FIFO_ASYNC_INST/gnuram_async_fifo.xpm_fifo_base_inst/gen_cdc_pntr.rd_pntr_cdc_dc_inst/src_clk
    SLICE_X90Y88         FDRE                                         r  lesion_i/video/hdmi_in/frontend/v_vid_in_axi4s_0/inst/COUPLER_INST/generate_async_fifo.FIFO_INST/XPM_FIFO_ASYNC_INST/gnuram_async_fifo.xpm_fifo_base_inst/gen_cdc_pntr.rd_pntr_cdc_dc_inst/src_gray_ff_reg[7]/C
  -------------------------------------------------------------------    -------------------
    SLICE_X90Y88         FDRE (Prop_fdre_C_Q)         0.478     3.550 r  lesion_i/video/hdmi_in/frontend/v_vid_in_axi4s_0/inst/COUPLER_INST/generate_async_fifo.FIFO_INST/XPM_FIFO_ASYNC_INST/gnuram_async_fifo.xpm_fifo_base_inst/gen_cdc_pntr.rd_pntr_cdc_dc_inst/src_gray_ff_reg[7]/Q
                         net (fo=1, routed)           0.770     4.320    lesion_i/video/hdmi_in/frontend/v_vid_in_axi4s_0/inst/COUPLER_INST/generate_async_fifo.FIFO_INST/XPM_FIFO_ASYNC_INST/gnuram_async_fifo.xpm_fifo_base_inst/gen_cdc_pntr.rd_pntr_cdc_dc_inst/async_path[7]
    SLICE_X96Y86         FDRE                                         r  lesion_i/video/hdmi_in/frontend/v_vid_in_axi4s_0/inst/COUPLER_INST/generate_async_fifo.FIFO_INST/XPM_FIFO_ASYNC_INST/gnuram_async_fifo.xpm_fifo_base_inst/gen_cdc_pntr.rd_pntr_cdc_dc_inst/dest_graysync_ff_reg[0][7]/D
  -------------------------------------------------------------------    -------------------

                         (clock hdmi_in_PixelClk rise edge)
                                                      0.000     0.000 r  
    N18                                               0.000     0.000 r  hdmi_in_clk_p (IN)
                         net (fo=0)                   0.000     0.000    lesion_i/video/hdmi_in/frontend/dvi2rgb_0/U0/TMDS_ClockingX/TMDS_Clk_p
    N18                  IBUFDS (Prop_ibufds_I_O)     0.887     0.887 r  lesion_i/video/hdmi_in/frontend/dvi2rgb_0/U0/TMDS_ClockingX/InputBuffer/O
                         net (fo=1, routed)           1.162     2.049    lesion_i/video/hdmi_in/frontend/dvi2rgb_0/U0/TMDS_ClockingX/CLK_IN_hdmi_clk
    MMCME2_ADV_X1Y1      MMCME2_ADV (Prop_mmcme2_adv_CLKIN1_CLKOUT0)
                                                      0.084     2.133 r  lesion_i/video/hdmi_in/frontend/dvi2rgb_0/U0/TMDS_ClockingX/DVI_ClkGenerator/CLKOUT0
                         net (fo=2, routed)           0.960     3.093    lesion_i/video/hdmi_in/frontend/dvi2rgb_0/U0/TMDS_ClockingX/CLK_OUT_5x_hdmi_clk
    BUFR_X1Y5            BUFR (Prop_bufr_I_O)         0.918     4.011 r  lesion_i/video/hdmi_in/frontend/dvi2rgb_0/U0/TMDS_ClockingX/PixelClkBuffer/O
                         net (fo=3140, routed)        0.822     4.833    lesion_i/video/hdmi_in/frontend/v_vid_in_axi4s_0/inst/COUPLER_INST/generate_async_fifo.FIFO_INST/XPM_FIFO_ASYNC_INST/gnuram_async_fifo.xpm_fifo_base_inst/gen_cdc_pntr.rd_pntr_cdc_dc_inst/dest_clk
    SLICE_X96Y86         FDRE                                         r  lesion_i/video/hdmi_in/frontend/v_vid_in_axi4s_0/inst/COUPLER_INST/generate_async_fifo.FIFO_INST/XPM_FIFO_ASYNC_INST/gnuram_async_fifo.xpm_fifo_base_inst/gen_cdc_pntr.rd_pntr_cdc_dc_inst/dest_graysync_ff_reg[0][7]/C
                         clock pessimism              0.000     4.833    
    SLICE_X96Y86         FDRE (Setup_fdre_C_D)       -0.219     4.614    lesion_i/video/hdmi_in/frontend/v_vid_in_axi4s_0/inst/COUPLER_INST/generate_async_fifo.FIFO_INST/XPM_FIFO_ASYNC_INST/gnuram_async_fifo.xpm_fifo_base_inst/gen_cdc_pntr.rd_pntr_cdc_dc_inst/dest_graysync_ff_reg[0][7]
  -------------------------------------------------------------------
                         data arrival                           4.320    
                         clock arrival                          4.614    
  -------------------------------------------------------------------
                         relative delay                        -0.293    

Reference path:
    Location             Delay type                Incr(ns)  Path(ns)    Netlist Resource(s)
  -------------------------------------------------------------------    -------------------
                         (clock clk_fpga_1 rise edge)
                                                      0.000     0.000 r  
    PS7_X0Y0             PS7                          0.000     0.000 r  lesion_i/ps7_0/inst/PS7_i/FCLKCLK[1]
                         net (fo=1, routed)           1.088     1.088    lesion_i/ps7_0/inst/FCLK_CLK_unbuffered[1]
    BUFGCTRL_X0Y17       BUFG (Prop_bufg_I_O)         0.091     1.179 r  lesion_i/ps7_0/inst/buffer_fclk_clk_1.FCLK_CLK_1_BUFG/O
                         net (fo=7661, routed)        1.602     2.781    lesion_i/video/hdmi_in/frontend/v_vid_in_axi4s_0/inst/COUPLER_INST/generate_async_fifo.FIFO_INST/XPM_FIFO_ASYNC_INST/gnuram_async_fifo.xpm_fifo_base_inst/gen_cdc_pntr.rd_pntr_cdc_dc_inst/src_clk
    SLICE_X90Y88         FDRE                                         r  lesion_i/video/hdmi_in/frontend/v_vid_in_axi4s_0/inst/COUPLER_INST/generate_async_fifo.FIFO_INST/XPM_FIFO_ASYNC_INST/gnuram_async_fifo.xpm_fifo_base_inst/gen_cdc_pntr.rd_pntr_cdc_dc_inst/src_gray_ff_reg[6]/C
  -------------------------------------------------------------------    -------------------
    SLICE_X90Y88         FDRE (Prop_fdre_C_Q)         0.418     3.199 r  lesion_i/video/hdmi_in/frontend/v_vid_in_axi4s_0/inst/COUPLER_INST/generate_async_fifo.FIFO_INST/XPM_FIFO_ASYNC_INST/gnuram_async_fifo.xpm_fifo_base_inst/gen_cdc_pntr.rd_pntr_cdc_dc_inst/src_gray_ff_reg[6]/Q
                         net (fo=1, routed)           0.445     3.643    lesion_i/video/hdmi_in/frontend/v_vid_in_axi4s_0/inst/COUPLER_INST/generate_async_fifo.FIFO_INST/XPM_FIFO_ASYNC_INST/gnuram_async_fifo.xpm_fifo_base_inst/gen_cdc_pntr.rd_pntr_cdc_dc_inst/async_path[6]
    SLICE_X89Y88         FDRE                                         r  lesion_i/video/hdmi_in/frontend/v_vid_in_axi4s_0/inst/COUPLER_INST/generate_async_fifo.FIFO_INST/XPM_FIFO_ASYNC_INST/gnuram_async_fifo.xpm_fifo_base_inst/gen_cdc_pntr.rd_pntr_cdc_dc_inst/dest_graysync_ff_reg[0][6]/D
  -------------------------------------------------------------------    -------------------

                         (clock hdmi_in_PixelClk rise edge)
                                                      0.000     0.000 r  
    N18                                               0.000     0.000 r  hdmi_in_clk_p (IN)
                         net (fo=0)                   0.000     0.000    lesion_i/video/hdmi_in/frontend/dvi2rgb_0/U0/TMDS_ClockingX/TMDS_Clk_p
    N18                  IBUFDS (Prop_ibufds_I_O)     0.930     0.930 r  lesion_i/video/hdmi_in/frontend/dvi2rgb_0/U0/TMDS_ClockingX/InputBuffer/O
                         net (fo=1, routed)           1.285     2.215    lesion_i/video/hdmi_in/frontend/dvi2rgb_0/U0/TMDS_ClockingX/CLK_IN_hdmi_clk
    MMCME2_ADV_X1Y1      MMCME2_ADV (Prop_mmcme2_adv_CLKIN1_CLKOUT0)
                                                      0.089     2.304 r  lesion_i/video/hdmi_in/frontend/dvi2rgb_0/U0/TMDS_ClockingX/DVI_ClkGenerator/CLKOUT0
                         net (fo=2, routed)           1.063     3.367    lesion_i/video/hdmi_in/frontend/dvi2rgb_0/U0/TMDS_ClockingX/CLK_OUT_5x_hdmi_clk
    BUFR_X1Y5            BUFR (Prop_bufr_I_O)         1.031     4.398 r  lesion_i/video/hdmi_in/frontend/dvi2rgb_0/U0/TMDS_ClockingX/PixelClkBuffer/O
                         net (fo=3140, routed)        0.964     5.362    lesion_i/video/hdmi_in/frontend/v_vid_in_axi4s_0/inst/COUPLER_INST/generate_async_fifo.FIFO_INST/XPM_FIFO_ASYNC_INST/gnuram_async_fifo.xpm_fifo_base_inst/gen_cdc_pntr.rd_pntr_cdc_dc_inst/dest_clk
    SLICE_X89Y88         FDRE                                         r  lesion_i/video/hdmi_in/frontend/v_vid_in_axi4s_0/inst/COUPLER_INST/generate_async_fifo.FIFO_INST/XPM_FIFO_ASYNC_INST/gnuram_async_fifo.xpm_fifo_base_inst/gen_cdc_pntr.rd_pntr_cdc_dc_inst/dest_graysync_ff_reg[0][6]/C
                         clock pessimism              0.000     5.362    
    SLICE_X89Y88         FDRE (Hold_fdre_C_D)         0.170     5.532    lesion_i/video/hdmi_in/frontend/v_vid_in_axi4s_0/inst/COUPLER_INST/generate_async_fifo.FIFO_INST/XPM_FIFO_ASYNC_INST/gnuram_async_fifo.xpm_fifo_base_inst/gen_cdc_pntr.rd_pntr_cdc_dc_inst/dest_graysync_ff_reg[0][6]
  -------------------------------------------------------------------
                         data arrival                           3.643    
                         clock arrival                          5.532    
  -------------------------------------------------------------------
                         relative delay                        -1.889    



Id: 9
set_bus_skew -from [get_cells [list {lesion_i/video/axi_interconnect_0/m01_couplers/auto_cc/inst/gen_clock_conv.gen_async_lite_conv.clock_conv_lite_fwd_ar/handshake/src_hsdata_ff_reg[0]} {lesion_i/video/axi_interconnect_0/m01_couplers/auto_cc/inst/gen_clock_conv.gen_async_lite_conv.clock_conv_lite_fwd_ar/handshake/src_hsdata_ff_reg[1]} {lesion_i/video/axi_interconnect_0/m01_couplers/auto_cc/inst/gen_clock_conv.gen_async_lite_conv.clock_conv_lite_fwd_ar/handshake/src_hsdata_ff_reg[2]} {lesion_i/video/axi_interconnect_0/m01_couplers/auto_cc/inst/gen_clock_conv.gen_async_lite_conv.clock_conv_lite_fwd_ar/handshake/src_hsdata_ff_reg[3]} {lesion_i/video/axi_interconnect_0/m01_couplers/auto_cc/inst/gen_clock_conv.gen_async_lite_conv.clock_conv_lite_fwd_ar/handshake/src_hsdata_ff_reg[4]}]] -to [get_cells [list {lesion_i/video/axi_interconnect_0/m01_couplers/auto_cc/inst/gen_clock_conv.gen_async_lite_conv.clock_conv_lite_fwd_ar/handshake/dest_hsdata_ff_reg[0]} {lesion_i/video/axi_interconnect_0/m01_couplers/auto_cc/inst/gen_clock_conv.gen_async_lite_conv.clock_conv_lite_fwd_ar/handshake/dest_hsdata_ff_reg[1]} {lesion_i/video/axi_interconnect_0/m01_couplers/auto_cc/inst/gen_clock_conv.gen_async_lite_conv.clock_conv_lite_fwd_ar/handshake/dest_hsdata_ff_reg[2]} {lesion_i/video/axi_interconnect_0/m01_couplers/auto_cc/inst/gen_clock_conv.gen_async_lite_conv.clock_conv_lite_fwd_ar/handshake/dest_hsdata_ff_reg[3]} {lesion_i/video/axi_interconnect_0/m01_couplers/auto_cc/inst/gen_clock_conv.gen_async_lite_conv.clock_conv_lite_fwd_ar/handshake/dest_hsdata_ff_reg[4]}]] 21.000
Requirement: 21.000ns
Endpoints: 5

From Clock            To Clock              Endpoint Pin                    Reference Pin                   Corner  Actual(ns)  Slack(ns)
--------------------  --------------------  ------------------------------  ------------------------------  ------  ----------  ---------
clk_fpga_0            clk_fpga_1            lesion_i/video/axi_interconnect_0/m01_couplers/auto_cc/inst/gen_clock_conv.gen_async_lite_conv.clock_conv_lite_fwd_ar/handshake/dest_hsdata_ff_reg[4]/D
                                                                            lesion_i/video/axi_interconnect_0/m01_couplers/auto_cc/inst/gen_clock_conv.gen_async_lite_conv.clock_conv_lite_fwd_ar/handshake/dest_hsdata_ff_reg[2]/D
                                                                                                            Slow         0.822     20.178


Slack (MET) :             20.178ns  (requirement - actual skew)
  Endpoint Source:        lesion_i/video/axi_interconnect_0/m01_couplers/auto_cc/inst/gen_clock_conv.gen_async_lite_conv.clock_conv_lite_fwd_ar/handshake/src_hsdata_ff_reg[4]/C
                            (rising edge-triggered cell FDRE clocked by clk_fpga_0)
  Endpoint Destination:   lesion_i/video/axi_interconnect_0/m01_couplers/auto_cc/inst/gen_clock_conv.gen_async_lite_conv.clock_conv_lite_fwd_ar/handshake/dest_hsdata_ff_reg[4]/D
                            (rising edge-triggered cell FDRE clocked by clk_fpga_1)
  Reference Source:       lesion_i/video/axi_interconnect_0/m01_couplers/auto_cc/inst/gen_clock_conv.gen_async_lite_conv.clock_conv_lite_fwd_ar/handshake/src_hsdata_ff_reg[2]/C
                            (rising edge-triggered cell FDRE clocked by clk_fpga_0)
  Reference Destination:  lesion_i/video/axi_interconnect_0/m01_couplers/auto_cc/inst/gen_clock_conv.gen_async_lite_conv.clock_conv_lite_fwd_ar/handshake/dest_hsdata_ff_reg[2]/D
                            (rising edge-triggered cell FDRE clocked by clk_fpga_1)
  Path Type:              Bus Skew (Max at Slow Process Corner)
  Requirement:            21.000ns
  Endpoint Relative Delay:    1.685ns
  Reference Relative Delay:   0.247ns
  Relative CRPR:              0.616ns
  Actual Bus Skew:            0.822ns  (Endpoint Relative Delay - Reference Relative Delay - Relative CRPR)

Endpoint path:
    Location             Delay type                Incr(ns)  Path(ns)    Netlist Resource(s)
  -------------------------------------------------------------------    -------------------
                         (clock clk_fpga_0 rise edge)
                                                      0.000     0.000 r  
    PS7_X0Y0             PS7                          0.000     0.000 r  lesion_i/ps7_0/inst/PS7_i/FCLKCLK[0]
                         net (fo=1, routed)           1.193     1.193    lesion_i/ps7_0/inst/FCLK_CLK_unbuffered[0]
    BUFGCTRL_X0Y16       BUFG (Prop_bufg_I_O)         0.101     1.294 r  lesion_i/ps7_0/inst/buffer_fclk_clk_0.FCLK_CLK_0_BUFG/O
                         net (fo=24933, routed)       1.913     3.207    lesion_i/video/axi_interconnect_0/m01_couplers/auto_cc/inst/gen_clock_conv.gen_async_lite_conv.clock_conv_lite_fwd_ar/handshake/src_clk
    SLICE_X83Y143        FDRE                                         r  lesion_i/video/axi_interconnect_0/m01_couplers/auto_cc/inst/gen_clock_conv.gen_async_lite_conv.clock_conv_lite_fwd_ar/handshake/src_hsdata_ff_reg[4]/C
  -------------------------------------------------------------------    -------------------
    SLICE_X83Y143        FDRE (Prop_fdre_C_Q)         0.419     3.626 r  lesion_i/video/axi_interconnect_0/m01_couplers/auto_cc/inst/gen_clock_conv.gen_async_lite_conv.clock_conv_lite_fwd_ar/handshake/src_hsdata_ff_reg[4]/Q
                         net (fo=1, routed)           0.768     4.394    lesion_i/video/axi_interconnect_0/m01_couplers/auto_cc/inst/gen_clock_conv.gen_async_lite_conv.clock_conv_lite_fwd_ar/handshake/src_hsdata_ff[4]
    SLICE_X82Y143        FDRE                                         r  lesion_i/video/axi_interconnect_0/m01_couplers/auto_cc/inst/gen_clock_conv.gen_async_lite_conv.clock_conv_lite_fwd_ar/handshake/dest_hsdata_ff_reg[4]/D
  -------------------------------------------------------------------    -------------------

                         (clock clk_fpga_1 rise edge)
                                                      0.000     0.000 r  
    PS7_X0Y0             PS7                          0.000     0.000 r  lesion_i/ps7_0/inst/PS7_i/FCLKCLK[1]
                         net (fo=1, routed)           1.088     1.088    lesion_i/ps7_0/inst/FCLK_CLK_unbuffered[1]
    BUFGCTRL_X0Y17       BUFG (Prop_bufg_I_O)         0.091     1.179 r  lesion_i/ps7_0/inst/buffer_fclk_clk_1.FCLK_CLK_1_BUFG/O
                         net (fo=7661, routed)        1.720     2.899    lesion_i/video/axi_interconnect_0/m01_couplers/auto_cc/inst/gen_clock_conv.gen_async_lite_conv.clock_conv_lite_fwd_ar/handshake/dest_clk
    SLICE_X82Y143        FDRE                                         r  lesion_i/video/axi_interconnect_0/m01_couplers/auto_cc/inst/gen_clock_conv.gen_async_lite_conv.clock_conv_lite_fwd_ar/handshake/dest_hsdata_ff_reg[4]/C
                         clock pessimism              0.000     2.899    
    SLICE_X82Y143        FDRE (Setup_fdre_C_D)       -0.191     2.708    lesion_i/video/axi_interconnect_0/m01_couplers/auto_cc/inst/gen_clock_conv.gen_async_lite_conv.clock_conv_lite_fwd_ar/handshake/dest_hsdata_ff_reg[4]
  -------------------------------------------------------------------
                         data arrival                           4.394    
                         clock arrival                          2.708    
  -------------------------------------------------------------------
                         relative delay                         1.685    

Reference path:
    Location             Delay type                Incr(ns)  Path(ns)    Netlist Resource(s)
  -------------------------------------------------------------------    -------------------
                         (clock clk_fpga_0 rise edge)
                                                      0.000     0.000 r  
    PS7_X0Y0             PS7                          0.000     0.000 r  lesion_i/ps7_0/inst/PS7_i/FCLKCLK[0]
                         net (fo=1, routed)           1.088     1.088    lesion_i/ps7_0/inst/FCLK_CLK_unbuffered[0]
    BUFGCTRL_X0Y16       BUFG (Prop_bufg_I_O)         0.091     1.179 r  lesion_i/ps7_0/inst/buffer_fclk_clk_0.FCLK_CLK_0_BUFG/O
                         net (fo=24933, routed)       1.720     2.899    lesion_i/video/axi_interconnect_0/m01_couplers/auto_cc/inst/gen_clock_conv.gen_async_lite_conv.clock_conv_lite_fwd_ar/handshake/src_clk
    SLICE_X83Y143        FDRE                                         r  lesion_i/video/axi_interconnect_0/m01_couplers/auto_cc/inst/gen_clock_conv.gen_async_lite_conv.clock_conv_lite_fwd_ar/handshake/src_hsdata_ff_reg[2]/C
  -------------------------------------------------------------------    -------------------
    SLICE_X83Y143        FDRE (Prop_fdre_C_Q)         0.367     3.266 r  lesion_i/video/axi_interconnect_0/m01_couplers/auto_cc/inst/gen_clock_conv.gen_async_lite_conv.clock_conv_lite_fwd_ar/handshake/src_hsdata_ff_reg[2]/Q
                         net (fo=1, routed)           0.434     3.700    lesion_i/video/axi_interconnect_0/m01_couplers/auto_cc/inst/gen_clock_conv.gen_async_lite_conv.clock_conv_lite_fwd_ar/handshake/src_hsdata_ff[2]
    SLICE_X82Y143        FDRE                                         r  lesion_i/video/axi_interconnect_0/m01_couplers/auto_cc/inst/gen_clock_conv.gen_async_lite_conv.clock_conv_lite_fwd_ar/handshake/dest_hsdata_ff_reg[2]/D
  -------------------------------------------------------------------    -------------------

                         (clock clk_fpga_1 rise edge)
                                                      0.000     0.000 r  
    PS7_X0Y0             PS7                          0.000     0.000 r  lesion_i/ps7_0/inst/PS7_i/FCLKCLK[1]
                         net (fo=1, routed)           1.193     1.193    lesion_i/ps7_0/inst/FCLK_CLK_unbuffered[1]
    BUFGCTRL_X0Y17       BUFG (Prop_bufg_I_O)         0.101     1.294 r  lesion_i/ps7_0/inst/buffer_fclk_clk_1.FCLK_CLK_1_BUFG/O
                         net (fo=7661, routed)        1.913     3.207    lesion_i/video/axi_interconnect_0/m01_couplers/auto_cc/inst/gen_clock_conv.gen_async_lite_conv.clock_conv_lite_fwd_ar/handshake/dest_clk
    SLICE_X82Y143        FDRE                                         r  lesion_i/video/axi_interconnect_0/m01_couplers/auto_cc/inst/gen_clock_conv.gen_async_lite_conv.clock_conv_lite_fwd_ar/handshake/dest_hsdata_ff_reg[2]/C
                         clock pessimism              0.000     3.207    
    SLICE_X82Y143        FDRE (Hold_fdre_C_D)         0.246     3.453    lesion_i/video/axi_interconnect_0/m01_couplers/auto_cc/inst/gen_clock_conv.gen_async_lite_conv.clock_conv_lite_fwd_ar/handshake/dest_hsdata_ff_reg[2]
  -------------------------------------------------------------------
                         data arrival                           3.700    
                         clock arrival                          3.453    
  -------------------------------------------------------------------
                         relative delay                         0.247    



Id: 10
set_bus_skew -from [get_cells [list {lesion_i/video/axi_interconnect_0/m01_couplers/auto_cc/inst/gen_clock_conv.gen_async_lite_conv.clock_conv_lite_fwd_aw/handshake/src_hsdata_ff_reg[3]} {lesion_i/video/axi_interconnect_0/m01_couplers/auto_cc/inst/gen_clock_conv.gen_async_lite_conv.clock_conv_lite_fwd_aw/handshake/src_hsdata_ff_reg[4]} {lesion_i/video/axi_interconnect_0/m01_couplers/auto_cc/inst/gen_clock_conv.gen_async_lite_conv.clock_conv_lite_fwd_aw/handshake/src_hsdata_ff_reg[2]}]] -to [get_cells [list {lesion_i/video/axi_interconnect_0/m01_couplers/auto_cc/inst/gen_clock_conv.gen_async_lite_conv.clock_conv_lite_fwd_aw/handshake/dest_hsdata_ff_reg[3]} {lesion_i/video/axi_interconnect_0/m01_couplers/auto_cc/inst/gen_clock_conv.gen_async_lite_conv.clock_conv_lite_fwd_aw/handshake/dest_hsdata_ff_reg[4]} {lesion_i/video/axi_interconnect_0/m01_couplers/auto_cc/inst/gen_clock_conv.gen_async_lite_conv.clock_conv_lite_fwd_aw/handshake/dest_hsdata_ff_reg[2]}]] 21.000
Requirement: 21.000ns
Endpoints: 3

From Clock            To Clock              Endpoint Pin                    Reference Pin                   Corner  Actual(ns)  Slack(ns)
--------------------  --------------------  ------------------------------  ------------------------------  ------  ----------  ---------
clk_fpga_0            clk_fpga_1            lesion_i/video/axi_interconnect_0/m01_couplers/auto_cc/inst/gen_clock_conv.gen_async_lite_conv.clock_conv_lite_fwd_aw/handshake/dest_hsdata_ff_reg[2]/D
                                                                            lesion_i/video/axi_interconnect_0/m01_couplers/auto_cc/inst/gen_clock_conv.gen_async_lite_conv.clock_conv_lite_fwd_aw/handshake/dest_hsdata_ff_reg[4]/D
                                                                                                            Slow         0.752     20.248


Slack (MET) :             20.248ns  (requirement - actual skew)
  Endpoint Source:        lesion_i/video/axi_interconnect_0/m01_couplers/auto_cc/inst/gen_clock_conv.gen_async_lite_conv.clock_conv_lite_fwd_aw/handshake/src_hsdata_ff_reg[2]/C
                            (rising edge-triggered cell FDRE clocked by clk_fpga_0)
  Endpoint Destination:   lesion_i/video/axi_interconnect_0/m01_couplers/auto_cc/inst/gen_clock_conv.gen_async_lite_conv.clock_conv_lite_fwd_aw/handshake/dest_hsdata_ff_reg[2]/D
                            (rising edge-triggered cell FDRE clocked by clk_fpga_1)
  Reference Source:       lesion_i/video/axi_interconnect_0/m01_couplers/auto_cc/inst/gen_clock_conv.gen_async_lite_conv.clock_conv_lite_fwd_aw/handshake/src_hsdata_ff_reg[4]/C
                            (rising edge-triggered cell FDRE clocked by clk_fpga_0)
  Reference Destination:  lesion_i/video/axi_interconnect_0/m01_couplers/auto_cc/inst/gen_clock_conv.gen_async_lite_conv.clock_conv_lite_fwd_aw/handshake/dest_hsdata_ff_reg[4]/D
                            (rising edge-triggered cell FDRE clocked by clk_fpga_1)
  Path Type:              Bus Skew (Max at Slow Process Corner)
  Requirement:            21.000ns
  Endpoint Relative Delay:    1.744ns
  Reference Relative Delay:   0.375ns
  Relative CRPR:              0.618ns
  Actual Bus Skew:            0.752ns  (Endpoint Relative Delay - Reference Relative Delay - Relative CRPR)

Endpoint path:
    Location             Delay type                Incr(ns)  Path(ns)    Netlist Resource(s)
  -------------------------------------------------------------------    -------------------
                         (clock clk_fpga_0 rise edge)
                                                      0.000     0.000 r  
    PS7_X0Y0             PS7                          0.000     0.000 r  lesion_i/ps7_0/inst/PS7_i/FCLKCLK[0]
                         net (fo=1, routed)           1.193     1.193    lesion_i/ps7_0/inst/FCLK_CLK_unbuffered[0]
    BUFGCTRL_X0Y16       BUFG (Prop_bufg_I_O)         0.101     1.294 r  lesion_i/ps7_0/inst/buffer_fclk_clk_0.FCLK_CLK_0_BUFG/O
                         net (fo=24933, routed)       1.911     3.205    lesion_i/video/axi_interconnect_0/m01_couplers/auto_cc/inst/gen_clock_conv.gen_async_lite_conv.clock_conv_lite_fwd_aw/handshake/src_clk
    SLICE_X81Y140        FDRE                                         r  lesion_i/video/axi_interconnect_0/m01_couplers/auto_cc/inst/gen_clock_conv.gen_async_lite_conv.clock_conv_lite_fwd_aw/handshake/src_hsdata_ff_reg[2]/C
  -------------------------------------------------------------------    -------------------
    SLICE_X81Y140        FDRE (Prop_fdre_C_Q)         0.456     3.661 r  lesion_i/video/axi_interconnect_0/m01_couplers/auto_cc/inst/gen_clock_conv.gen_async_lite_conv.clock_conv_lite_fwd_aw/handshake/src_hsdata_ff_reg[2]/Q
                         net (fo=1, routed)           0.913     4.574    lesion_i/video/axi_interconnect_0/m01_couplers/auto_cc/inst/gen_clock_conv.gen_async_lite_conv.clock_conv_lite_fwd_aw/handshake/src_hsdata_ff[2]
    SLICE_X80Y140        FDRE                                         r  lesion_i/video/axi_interconnect_0/m01_couplers/auto_cc/inst/gen_clock_conv.gen_async_lite_conv.clock_conv_lite_fwd_aw/handshake/dest_hsdata_ff_reg[2]/D
  -------------------------------------------------------------------    -------------------

                         (clock clk_fpga_1 rise edge)
                                                      0.000     0.000 r  
    PS7_X0Y0             PS7                          0.000     0.000 r  lesion_i/ps7_0/inst/PS7_i/FCLKCLK[1]
                         net (fo=1, routed)           1.088     1.088    lesion_i/ps7_0/inst/FCLK_CLK_unbuffered[1]
    BUFGCTRL_X0Y17       BUFG (Prop_bufg_I_O)         0.091     1.179 r  lesion_i/ps7_0/inst/buffer_fclk_clk_1.FCLK_CLK_1_BUFG/O
                         net (fo=7661, routed)        1.717     2.896    lesion_i/video/axi_interconnect_0/m01_couplers/auto_cc/inst/gen_clock_conv.gen_async_lite_conv.clock_conv_lite_fwd_aw/handshake/dest_clk
    SLICE_X80Y140        FDRE                                         r  lesion_i/video/axi_interconnect_0/m01_couplers/auto_cc/inst/gen_clock_conv.gen_async_lite_conv.clock_conv_lite_fwd_aw/handshake/dest_hsdata_ff_reg[2]/C
                         clock pessimism              0.000     2.896    
    SLICE_X80Y140        FDRE (Setup_fdre_C_D)       -0.067     2.829    lesion_i/video/axi_interconnect_0/m01_couplers/auto_cc/inst/gen_clock_conv.gen_async_lite_conv.clock_conv_lite_fwd_aw/handshake/dest_hsdata_ff_reg[2]
  -------------------------------------------------------------------
                         data arrival                           4.574    
                         clock arrival                          2.829    
  -------------------------------------------------------------------
                         relative delay                         1.744    

Reference path:
    Location             Delay type                Incr(ns)  Path(ns)    Netlist Resource(s)
  -------------------------------------------------------------------    -------------------
                         (clock clk_fpga_0 rise edge)
                                                      0.000     0.000 r  
    PS7_X0Y0             PS7                          0.000     0.000 r  lesion_i/ps7_0/inst/PS7_i/FCLKCLK[0]
                         net (fo=1, routed)           1.088     1.088    lesion_i/ps7_0/inst/FCLK_CLK_unbuffered[0]
    BUFGCTRL_X0Y16       BUFG (Prop_bufg_I_O)         0.091     1.179 r  lesion_i/ps7_0/inst/buffer_fclk_clk_0.FCLK_CLK_0_BUFG/O
                         net (fo=24933, routed)       1.717     2.896    lesion_i/video/axi_interconnect_0/m01_couplers/auto_cc/inst/gen_clock_conv.gen_async_lite_conv.clock_conv_lite_fwd_aw/handshake/src_clk
    SLICE_X81Y140        FDRE                                         r  lesion_i/video/axi_interconnect_0/m01_couplers/auto_cc/inst/gen_clock_conv.gen_async_lite_conv.clock_conv_lite_fwd_aw/handshake/src_hsdata_ff_reg[4]/C
  -------------------------------------------------------------------    -------------------
    SLICE_X81Y140        FDRE (Prop_fdre_C_Q)         0.367     3.263 r  lesion_i/video/axi_interconnect_0/m01_couplers/auto_cc/inst/gen_clock_conv.gen_async_lite_conv.clock_conv_lite_fwd_aw/handshake/src_hsdata_ff_reg[4]/Q
                         net (fo=1, routed)           0.513     3.776    lesion_i/video/axi_interconnect_0/m01_couplers/auto_cc/inst/gen_clock_conv.gen_async_lite_conv.clock_conv_lite_fwd_aw/handshake/src_hsdata_ff[4]
    SLICE_X80Y140        FDRE                                         r  lesion_i/video/axi_interconnect_0/m01_couplers/auto_cc/inst/gen_clock_conv.gen_async_lite_conv.clock_conv_lite_fwd_aw/handshake/dest_hsdata_ff_reg[4]/D
  -------------------------------------------------------------------    -------------------

                         (clock clk_fpga_1 rise edge)
                                                      0.000     0.000 r  
    PS7_X0Y0             PS7                          0.000     0.000 r  lesion_i/ps7_0/inst/PS7_i/FCLKCLK[1]
                         net (fo=1, routed)           1.193     1.193    lesion_i/ps7_0/inst/FCLK_CLK_unbuffered[1]
    BUFGCTRL_X0Y17       BUFG (Prop_bufg_I_O)         0.101     1.294 r  lesion_i/ps7_0/inst/buffer_fclk_clk_1.FCLK_CLK_1_BUFG/O
                         net (fo=7661, routed)        1.911     3.205    lesion_i/video/axi_interconnect_0/m01_couplers/auto_cc/inst/gen_clock_conv.gen_async_lite_conv.clock_conv_lite_fwd_aw/handshake/dest_clk
    SLICE_X80Y140        FDRE                                         r  lesion_i/video/axi_interconnect_0/m01_couplers/auto_cc/inst/gen_clock_conv.gen_async_lite_conv.clock_conv_lite_fwd_aw/handshake/dest_hsdata_ff_reg[4]/C
                         clock pessimism              0.000     3.205    
    SLICE_X80Y140        FDRE (Hold_fdre_C_D)         0.196     3.401    lesion_i/video/axi_interconnect_0/m01_couplers/auto_cc/inst/gen_clock_conv.gen_async_lite_conv.clock_conv_lite_fwd_aw/handshake/dest_hsdata_ff_reg[4]
  -------------------------------------------------------------------
                         data arrival                           3.776    
                         clock arrival                          3.401    
  -------------------------------------------------------------------
                         relative delay                         0.375    



Id: 11
set_bus_skew -from [get_cells [list {lesion_i/video/axi_interconnect_0/m01_couplers/auto_cc/inst/gen_clock_conv.gen_async_lite_conv.clock_conv_lite_fwd_w/handshake/src_hsdata_ff_reg[0]} \
          {lesion_i/video/axi_interconnect_0/m01_couplers/auto_cc/inst/gen_clock_conv.gen_async_lite_conv.clock_conv_lite_fwd_w/handshake/src_hsdata_ff_reg[10]} \
          {lesion_i/video/axi_interconnect_0/m01_couplers/auto_cc/inst/gen_clock_conv.gen_async_lite_conv.clock_conv_lite_fwd_w/handshake/src_hsdata_ff_reg[11]} \
          {lesion_i/video/axi_interconnect_0/m01_couplers/auto_cc/inst/gen_clock_conv.gen_async_lite_conv.clock_conv_lite_fwd_w/handshake/src_hsdata_ff_reg[12]} \
          {lesion_i/video/axi_interconnect_0/m01_couplers/auto_cc/inst/gen_clock_conv.gen_async_lite_conv.clock_conv_lite_fwd_w/handshake/src_hsdata_ff_reg[13]} \
          {lesion_i/video/axi_interconnect_0/m01_couplers/auto_cc/inst/gen_clock_conv.gen_async_lite_conv.clock_conv_lite_fwd_w/handshake/src_hsdata_ff_reg[14]} \
          {lesion_i/video/axi_interconnect_0/m01_couplers/auto_cc/inst/gen_clock_conv.gen_async_lite_conv.clock_conv_lite_fwd_w/handshake/src_hsdata_ff_reg[15]} \
          {lesion_i/video/axi_interconnect_0/m01_couplers/auto_cc/inst/gen_clock_conv.gen_async_lite_conv.clock_conv_lite_fwd_w/handshake/src_hsdata_ff_reg[16]} \
          {lesion_i/video/axi_interconnect_0/m01_couplers/auto_cc/inst/gen_clock_conv.gen_async_lite_conv.clock_conv_lite_fwd_w/handshake/src_hsdata_ff_reg[17]} \
          {lesion_i/video/axi_interconnect_0/m01_couplers/auto_cc/inst/gen_clock_conv.gen_async_lite_conv.clock_conv_lite_fwd_w/handshake/src_hsdata_ff_reg[18]} \
          {lesion_i/video/axi_interconnect_0/m01_couplers/auto_cc/inst/gen_clock_conv.gen_async_lite_conv.clock_conv_lite_fwd_w/handshake/src_hsdata_ff_reg[19]} \
          {lesion_i/video/axi_interconnect_0/m01_couplers/auto_cc/inst/gen_clock_conv.gen_async_lite_conv.clock_conv_lite_fwd_w/handshake/src_hsdata_ff_reg[1]} \
          {lesion_i/video/axi_interconnect_0/m01_couplers/auto_cc/inst/gen_clock_conv.gen_async_lite_conv.clock_conv_lite_fwd_w/handshake/src_hsdata_ff_reg[20]} \
          {lesion_i/video/axi_interconnect_0/m01_couplers/auto_cc/inst/gen_clock_conv.gen_async_lite_conv.clock_conv_lite_fwd_w/handshake/src_hsdata_ff_reg[21]} \
          {lesion_i/video/axi_interconnect_0/m01_couplers/auto_cc/inst/gen_clock_conv.gen_async_lite_conv.clock_conv_lite_fwd_w/handshake/src_hsdata_ff_reg[22]} \
          {lesion_i/video/axi_interconnect_0/m01_couplers/auto_cc/inst/gen_clock_conv.gen_async_lite_conv.clock_conv_lite_fwd_w/handshake/src_hsdata_ff_reg[23]} \
          {lesion_i/video/axi_interconnect_0/m01_couplers/auto_cc/inst/gen_clock_conv.gen_async_lite_conv.clock_conv_lite_fwd_w/handshake/src_hsdata_ff_reg[24]} \
          {lesion_i/video/axi_interconnect_0/m01_couplers/auto_cc/inst/gen_clock_conv.gen_async_lite_conv.clock_conv_lite_fwd_w/handshake/src_hsdata_ff_reg[25]} \
          {lesion_i/video/axi_interconnect_0/m01_couplers/auto_cc/inst/gen_clock_conv.gen_async_lite_conv.clock_conv_lite_fwd_w/handshake/src_hsdata_ff_reg[26]} \
          {lesion_i/video/axi_interconnect_0/m01_couplers/auto_cc/inst/gen_clock_conv.gen_async_lite_conv.clock_conv_lite_fwd_w/handshake/src_hsdata_ff_reg[27]} \
          {lesion_i/video/axi_interconnect_0/m01_couplers/auto_cc/inst/gen_clock_conv.gen_async_lite_conv.clock_conv_lite_fwd_w/handshake/src_hsdata_ff_reg[28]} \
          {lesion_i/video/axi_interconnect_0/m01_couplers/auto_cc/inst/gen_clock_conv.gen_async_lite_conv.clock_conv_lite_fwd_w/handshake/src_hsdata_ff_reg[29]} \
          {lesion_i/video/axi_interconnect_0/m01_couplers/auto_cc/inst/gen_clock_conv.gen_async_lite_conv.clock_conv_lite_fwd_w/handshake/src_hsdata_ff_reg[2]} \
          {lesion_i/video/axi_interconnect_0/m01_couplers/auto_cc/inst/gen_clock_conv.gen_async_lite_conv.clock_conv_lite_fwd_w/handshake/src_hsdata_ff_reg[30]} \
          {lesion_i/video/axi_interconnect_0/m01_couplers/auto_cc/inst/gen_clock_conv.gen_async_lite_conv.clock_conv_lite_fwd_w/handshake/src_hsdata_ff_reg[31]} \
          {lesion_i/video/axi_interconnect_0/m01_couplers/auto_cc/inst/gen_clock_conv.gen_async_lite_conv.clock_conv_lite_fwd_w/handshake/src_hsdata_ff_reg[32]} \
          {lesion_i/video/axi_interconnect_0/m01_couplers/auto_cc/inst/gen_clock_conv.gen_async_lite_conv.clock_conv_lite_fwd_w/handshake/src_hsdata_ff_reg[33]} \
          {lesion_i/video/axi_interconnect_0/m01_couplers/auto_cc/inst/gen_clock_conv.gen_async_lite_conv.clock_conv_lite_fwd_w/handshake/src_hsdata_ff_reg[34]} \
          {lesion_i/video/axi_interconnect_0/m01_couplers/auto_cc/inst/gen_clock_conv.gen_async_lite_conv.clock_conv_lite_fwd_w/handshake/src_hsdata_ff_reg[35]} \
          {lesion_i/video/axi_interconnect_0/m01_couplers/auto_cc/inst/gen_clock_conv.gen_async_lite_conv.clock_conv_lite_fwd_w/handshake/src_hsdata_ff_reg[3]} \
          {lesion_i/video/axi_interconnect_0/m01_couplers/auto_cc/inst/gen_clock_conv.gen_async_lite_conv.clock_conv_lite_fwd_w/handshake/src_hsdata_ff_reg[4]} \
          {lesion_i/video/axi_interconnect_0/m01_couplers/auto_cc/inst/gen_clock_conv.gen_async_lite_conv.clock_conv_lite_fwd_w/handshake/src_hsdata_ff_reg[5]} \
          {lesion_i/video/axi_interconnect_0/m01_couplers/auto_cc/inst/gen_clock_conv.gen_async_lite_conv.clock_conv_lite_fwd_w/handshake/src_hsdata_ff_reg[6]} \
          {lesion_i/video/axi_interconnect_0/m01_couplers/auto_cc/inst/gen_clock_conv.gen_async_lite_conv.clock_conv_lite_fwd_w/handshake/src_hsdata_ff_reg[7]} \
          {lesion_i/video/axi_interconnect_0/m01_couplers/auto_cc/inst/gen_clock_conv.gen_async_lite_conv.clock_conv_lite_fwd_w/handshake/src_hsdata_ff_reg[8]} \
          {lesion_i/video/axi_interconnect_0/m01_couplers/auto_cc/inst/gen_clock_conv.gen_async_lite_conv.clock_conv_lite_fwd_w/handshake/src_hsdata_ff_reg[9]}]] -to [get_cells [list {lesion_i/video/axi_interconnect_0/m01_couplers/auto_cc/inst/gen_clock_conv.gen_async_lite_conv.clock_conv_lite_fwd_w/handshake/dest_hsdata_ff_reg[0]} \
          {lesion_i/video/axi_interconnect_0/m01_couplers/auto_cc/inst/gen_clock_conv.gen_async_lite_conv.clock_conv_lite_fwd_w/handshake/dest_hsdata_ff_reg[10]} \
          {lesion_i/video/axi_interconnect_0/m01_couplers/auto_cc/inst/gen_clock_conv.gen_async_lite_conv.clock_conv_lite_fwd_w/handshake/dest_hsdata_ff_reg[11]} \
          {lesion_i/video/axi_interconnect_0/m01_couplers/auto_cc/inst/gen_clock_conv.gen_async_lite_conv.clock_conv_lite_fwd_w/handshake/dest_hsdata_ff_reg[12]} \
          {lesion_i/video/axi_interconnect_0/m01_couplers/auto_cc/inst/gen_clock_conv.gen_async_lite_conv.clock_conv_lite_fwd_w/handshake/dest_hsdata_ff_reg[13]} \
          {lesion_i/video/axi_interconnect_0/m01_couplers/auto_cc/inst/gen_clock_conv.gen_async_lite_conv.clock_conv_lite_fwd_w/handshake/dest_hsdata_ff_reg[14]} \
          {lesion_i/video/axi_interconnect_0/m01_couplers/auto_cc/inst/gen_clock_conv.gen_async_lite_conv.clock_conv_lite_fwd_w/handshake/dest_hsdata_ff_reg[15]} \
          {lesion_i/video/axi_interconnect_0/m01_couplers/auto_cc/inst/gen_clock_conv.gen_async_lite_conv.clock_conv_lite_fwd_w/handshake/dest_hsdata_ff_reg[16]} \
          {lesion_i/video/axi_interconnect_0/m01_couplers/auto_cc/inst/gen_clock_conv.gen_async_lite_conv.clock_conv_lite_fwd_w/handshake/dest_hsdata_ff_reg[17]} \
          {lesion_i/video/axi_interconnect_0/m01_couplers/auto_cc/inst/gen_clock_conv.gen_async_lite_conv.clock_conv_lite_fwd_w/handshake/dest_hsdata_ff_reg[18]} \
          {lesion_i/video/axi_interconnect_0/m01_couplers/auto_cc/inst/gen_clock_conv.gen_async_lite_conv.clock_conv_lite_fwd_w/handshake/dest_hsdata_ff_reg[19]} \
          {lesion_i/video/axi_interconnect_0/m01_couplers/auto_cc/inst/gen_clock_conv.gen_async_lite_conv.clock_conv_lite_fwd_w/handshake/dest_hsdata_ff_reg[1]} \
          {lesion_i/video/axi_interconnect_0/m01_couplers/auto_cc/inst/gen_clock_conv.gen_async_lite_conv.clock_conv_lite_fwd_w/handshake/dest_hsdata_ff_reg[20]} \
          {lesion_i/video/axi_interconnect_0/m01_couplers/auto_cc/inst/gen_clock_conv.gen_async_lite_conv.clock_conv_lite_fwd_w/handshake/dest_hsdata_ff_reg[21]} \
          {lesion_i/video/axi_interconnect_0/m01_couplers/auto_cc/inst/gen_clock_conv.gen_async_lite_conv.clock_conv_lite_fwd_w/handshake/dest_hsdata_ff_reg[22]} \
          {lesion_i/video/axi_interconnect_0/m01_couplers/auto_cc/inst/gen_clock_conv.gen_async_lite_conv.clock_conv_lite_fwd_w/handshake/dest_hsdata_ff_reg[23]} \
          {lesion_i/video/axi_interconnect_0/m01_couplers/auto_cc/inst/gen_clock_conv.gen_async_lite_conv.clock_conv_lite_fwd_w/handshake/dest_hsdata_ff_reg[24]} \
          {lesion_i/video/axi_interconnect_0/m01_couplers/auto_cc/inst/gen_clock_conv.gen_async_lite_conv.clock_conv_lite_fwd_w/handshake/dest_hsdata_ff_reg[25]} \
          {lesion_i/video/axi_interconnect_0/m01_couplers/auto_cc/inst/gen_clock_conv.gen_async_lite_conv.clock_conv_lite_fwd_w/handshake/dest_hsdata_ff_reg[26]} \
          {lesion_i/video/axi_interconnect_0/m01_couplers/auto_cc/inst/gen_clock_conv.gen_async_lite_conv.clock_conv_lite_fwd_w/handshake/dest_hsdata_ff_reg[27]} \
          {lesion_i/video/axi_interconnect_0/m01_couplers/auto_cc/inst/gen_clock_conv.gen_async_lite_conv.clock_conv_lite_fwd_w/handshake/dest_hsdata_ff_reg[28]} \
          {lesion_i/video/axi_interconnect_0/m01_couplers/auto_cc/inst/gen_clock_conv.gen_async_lite_conv.clock_conv_lite_fwd_w/handshake/dest_hsdata_ff_reg[29]} \
          {lesion_i/video/axi_interconnect_0/m01_couplers/auto_cc/inst/gen_clock_conv.gen_async_lite_conv.clock_conv_lite_fwd_w/handshake/dest_hsdata_ff_reg[2]} \
          {lesion_i/video/axi_interconnect_0/m01_couplers/auto_cc/inst/gen_clock_conv.gen_async_lite_conv.clock_conv_lite_fwd_w/handshake/dest_hsdata_ff_reg[30]} \
          {lesion_i/video/axi_interconnect_0/m01_couplers/auto_cc/inst/gen_clock_conv.gen_async_lite_conv.clock_conv_lite_fwd_w/handshake/dest_hsdata_ff_reg[31]} \
          {lesion_i/video/axi_interconnect_0/m01_couplers/auto_cc/inst/gen_clock_conv.gen_async_lite_conv.clock_conv_lite_fwd_w/handshake/dest_hsdata_ff_reg[32]} \
          {lesion_i/video/axi_interconnect_0/m01_couplers/auto_cc/inst/gen_clock_conv.gen_async_lite_conv.clock_conv_lite_fwd_w/handshake/dest_hsdata_ff_reg[33]} \
          {lesion_i/video/axi_interconnect_0/m01_couplers/auto_cc/inst/gen_clock_conv.gen_async_lite_conv.clock_conv_lite_fwd_w/handshake/dest_hsdata_ff_reg[34]} \
          {lesion_i/video/axi_interconnect_0/m01_couplers/auto_cc/inst/gen_clock_conv.gen_async_lite_conv.clock_conv_lite_fwd_w/handshake/dest_hsdata_ff_reg[35]} \
          {lesion_i/video/axi_interconnect_0/m01_couplers/auto_cc/inst/gen_clock_conv.gen_async_lite_conv.clock_conv_lite_fwd_w/handshake/dest_hsdata_ff_reg[3]} \
          {lesion_i/video/axi_interconnect_0/m01_couplers/auto_cc/inst/gen_clock_conv.gen_async_lite_conv.clock_conv_lite_fwd_w/handshake/dest_hsdata_ff_reg[4]} \
          {lesion_i/video/axi_interconnect_0/m01_couplers/auto_cc/inst/gen_clock_conv.gen_async_lite_conv.clock_conv_lite_fwd_w/handshake/dest_hsdata_ff_reg[5]} \
          {lesion_i/video/axi_interconnect_0/m01_couplers/auto_cc/inst/gen_clock_conv.gen_async_lite_conv.clock_conv_lite_fwd_w/handshake/dest_hsdata_ff_reg[6]} \
          {lesion_i/video/axi_interconnect_0/m01_couplers/auto_cc/inst/gen_clock_conv.gen_async_lite_conv.clock_conv_lite_fwd_w/handshake/dest_hsdata_ff_reg[7]} \
          {lesion_i/video/axi_interconnect_0/m01_couplers/auto_cc/inst/gen_clock_conv.gen_async_lite_conv.clock_conv_lite_fwd_w/handshake/dest_hsdata_ff_reg[8]} \
          {lesion_i/video/axi_interconnect_0/m01_couplers/auto_cc/inst/gen_clock_conv.gen_async_lite_conv.clock_conv_lite_fwd_w/handshake/dest_hsdata_ff_reg[9]}]] 21.000
Requirement: 21.000ns
Endpoints: 36

From Clock            To Clock              Endpoint Pin                    Reference Pin                   Corner  Actual(ns)  Slack(ns)
--------------------  --------------------  ------------------------------  ------------------------------  ------  ----------  ---------
clk_fpga_0            clk_fpga_1            lesion_i/video/axi_interconnect_0/m01_couplers/auto_cc/inst/gen_clock_conv.gen_async_lite_conv.clock_conv_lite_fwd_w/handshake/dest_hsdata_ff_reg[4]/D
                                                                            lesion_i/video/axi_interconnect_0/m01_couplers/auto_cc/inst/gen_clock_conv.gen_async_lite_conv.clock_conv_lite_fwd_w/handshake/dest_hsdata_ff_reg[9]/D
                                                                                                            Slow         1.062     19.938


Slack (MET) :             19.938ns  (requirement - actual skew)
  Endpoint Source:        lesion_i/video/axi_interconnect_0/m01_couplers/auto_cc/inst/gen_clock_conv.gen_async_lite_conv.clock_conv_lite_fwd_w/handshake/src_hsdata_ff_reg[4]/C
                            (rising edge-triggered cell FDRE clocked by clk_fpga_0)
  Endpoint Destination:   lesion_i/video/axi_interconnect_0/m01_couplers/auto_cc/inst/gen_clock_conv.gen_async_lite_conv.clock_conv_lite_fwd_w/handshake/dest_hsdata_ff_reg[4]/D
                            (rising edge-triggered cell FDRE clocked by clk_fpga_1)
  Reference Source:       lesion_i/video/axi_interconnect_0/m01_couplers/auto_cc/inst/gen_clock_conv.gen_async_lite_conv.clock_conv_lite_fwd_w/handshake/src_hsdata_ff_reg[9]/C
                            (rising edge-triggered cell FDRE clocked by clk_fpga_0)
  Reference Destination:  lesion_i/video/axi_interconnect_0/m01_couplers/auto_cc/inst/gen_clock_conv.gen_async_lite_conv.clock_conv_lite_fwd_w/handshake/dest_hsdata_ff_reg[9]/D
                            (rising edge-triggered cell FDRE clocked by clk_fpga_1)
  Path Type:              Bus Skew (Max at Slow Process Corner)
  Requirement:            21.000ns
  Endpoint Relative Delay:    1.918ns
  Reference Relative Delay:   0.362ns
  Relative CRPR:              0.494ns
  Actual Bus Skew:            1.062ns  (Endpoint Relative Delay - Reference Relative Delay - Relative CRPR)

Endpoint path:
    Location             Delay type                Incr(ns)  Path(ns)    Netlist Resource(s)
  -------------------------------------------------------------------    -------------------
                         (clock clk_fpga_0 rise edge)
                                                      0.000     0.000 r  
    PS7_X0Y0             PS7                          0.000     0.000 r  lesion_i/ps7_0/inst/PS7_i/FCLKCLK[0]
                         net (fo=1, routed)           1.193     1.193    lesion_i/ps7_0/inst/FCLK_CLK_unbuffered[0]
    BUFGCTRL_X0Y16       BUFG (Prop_bufg_I_O)         0.101     1.294 r  lesion_i/ps7_0/inst/buffer_fclk_clk_0.FCLK_CLK_0_BUFG/O
                         net (fo=24933, routed)       1.904     3.198    lesion_i/video/axi_interconnect_0/m01_couplers/auto_cc/inst/gen_clock_conv.gen_async_lite_conv.clock_conv_lite_fwd_w/handshake/src_clk
    SLICE_X57Y143        FDRE                                         r  lesion_i/video/axi_interconnect_0/m01_couplers/auto_cc/inst/gen_clock_conv.gen_async_lite_conv.clock_conv_lite_fwd_w/handshake/src_hsdata_ff_reg[4]/C
  -------------------------------------------------------------------    -------------------
    SLICE_X57Y143        FDRE (Prop_fdre_C_Q)         0.419     3.617 r  lesion_i/video/axi_interconnect_0/m01_couplers/auto_cc/inst/gen_clock_conv.gen_async_lite_conv.clock_conv_lite_fwd_w/handshake/src_hsdata_ff_reg[4]/Q
                         net (fo=1, routed)           0.957     4.574    lesion_i/video/axi_interconnect_0/m01_couplers/auto_cc/inst/gen_clock_conv.gen_async_lite_conv.clock_conv_lite_fwd_w/handshake/src_hsdata_ff[4]
    SLICE_X56Y143        FDRE                                         r  lesion_i/video/axi_interconnect_0/m01_couplers/auto_cc/inst/gen_clock_conv.gen_async_lite_conv.clock_conv_lite_fwd_w/handshake/dest_hsdata_ff_reg[4]/D
  -------------------------------------------------------------------    -------------------

                         (clock clk_fpga_1 rise edge)
                                                      0.000     0.000 r  
    PS7_X0Y0             PS7                          0.000     0.000 r  lesion_i/ps7_0/inst/PS7_i/FCLKCLK[1]
                         net (fo=1, routed)           1.088     1.088    lesion_i/ps7_0/inst/FCLK_CLK_unbuffered[1]
    BUFGCTRL_X0Y17       BUFG (Prop_bufg_I_O)         0.091     1.179 r  lesion_i/ps7_0/inst/buffer_fclk_clk_1.FCLK_CLK_1_BUFG/O
                         net (fo=7661, routed)        1.711     2.890    lesion_i/video/axi_interconnect_0/m01_couplers/auto_cc/inst/gen_clock_conv.gen_async_lite_conv.clock_conv_lite_fwd_w/handshake/dest_clk
    SLICE_X56Y143        FDRE                                         r  lesion_i/video/axi_interconnect_0/m01_couplers/auto_cc/inst/gen_clock_conv.gen_async_lite_conv.clock_conv_lite_fwd_w/handshake/dest_hsdata_ff_reg[4]/C
                         clock pessimism              0.000     2.890    
    SLICE_X56Y143        FDRE (Setup_fdre_C_D)       -0.234     2.656    lesion_i/video/axi_interconnect_0/m01_couplers/auto_cc/inst/gen_clock_conv.gen_async_lite_conv.clock_conv_lite_fwd_w/handshake/dest_hsdata_ff_reg[4]
  -------------------------------------------------------------------
                         data arrival                           4.574    
                         clock arrival                          2.656    
  -------------------------------------------------------------------
                         relative delay                         1.918    

Reference path:
    Location             Delay type                Incr(ns)  Path(ns)    Netlist Resource(s)
  -------------------------------------------------------------------    -------------------
                         (clock clk_fpga_0 rise edge)
                                                      0.000     0.000 r  
    PS7_X0Y0             PS7                          0.000     0.000 r  lesion_i/ps7_0/inst/PS7_i/FCLKCLK[0]
                         net (fo=1, routed)           1.088     1.088    lesion_i/ps7_0/inst/FCLK_CLK_unbuffered[0]
    BUFGCTRL_X0Y16       BUFG (Prop_bufg_I_O)         0.091     1.179 r  lesion_i/ps7_0/inst/buffer_fclk_clk_0.FCLK_CLK_0_BUFG/O
                         net (fo=24933, routed)       1.709     2.888    lesion_i/video/axi_interconnect_0/m01_couplers/auto_cc/inst/gen_clock_conv.gen_async_lite_conv.clock_conv_lite_fwd_w/handshake/src_clk
    SLICE_X55Y142        FDRE                                         r  lesion_i/video/axi_interconnect_0/m01_couplers/auto_cc/inst/gen_clock_conv.gen_async_lite_conv.clock_conv_lite_fwd_w/handshake/src_hsdata_ff_reg[9]/C
  -------------------------------------------------------------------    -------------------
    SLICE_X55Y142        FDRE (Prop_fdre_C_Q)         0.367     3.255 r  lesion_i/video/axi_interconnect_0/m01_couplers/auto_cc/inst/gen_clock_conv.gen_async_lite_conv.clock_conv_lite_fwd_w/handshake/src_hsdata_ff_reg[9]/Q
                         net (fo=1, routed)           0.547     3.802    lesion_i/video/axi_interconnect_0/m01_couplers/auto_cc/inst/gen_clock_conv.gen_async_lite_conv.clock_conv_lite_fwd_w/handshake/src_hsdata_ff[9]
    SLICE_X54Y145        FDRE                                         r  lesion_i/video/axi_interconnect_0/m01_couplers/auto_cc/inst/gen_clock_conv.gen_async_lite_conv.clock_conv_lite_fwd_w/handshake/dest_hsdata_ff_reg[9]/D
  -------------------------------------------------------------------    -------------------

                         (clock clk_fpga_1 rise edge)
                                                      0.000     0.000 r  
    PS7_X0Y0             PS7                          0.000     0.000 r  lesion_i/ps7_0/inst/PS7_i/FCLKCLK[1]
                         net (fo=1, routed)           1.193     1.193    lesion_i/ps7_0/inst/FCLK_CLK_unbuffered[1]
    BUFGCTRL_X0Y17       BUFG (Prop_bufg_I_O)         0.101     1.294 r  lesion_i/ps7_0/inst/buffer_fclk_clk_1.FCLK_CLK_1_BUFG/O
                         net (fo=7661, routed)        1.903     3.197    lesion_i/video/axi_interconnect_0/m01_couplers/auto_cc/inst/gen_clock_conv.gen_async_lite_conv.clock_conv_lite_fwd_w/handshake/dest_clk
    SLICE_X54Y145        FDRE                                         r  lesion_i/video/axi_interconnect_0/m01_couplers/auto_cc/inst/gen_clock_conv.gen_async_lite_conv.clock_conv_lite_fwd_w/handshake/dest_hsdata_ff_reg[9]/C
                         clock pessimism              0.000     3.197    
    SLICE_X54Y145        FDRE (Hold_fdre_C_D)         0.243     3.440    lesion_i/video/axi_interconnect_0/m01_couplers/auto_cc/inst/gen_clock_conv.gen_async_lite_conv.clock_conv_lite_fwd_w/handshake/dest_hsdata_ff_reg[9]
  -------------------------------------------------------------------
                         data arrival                           3.802    
                         clock arrival                          3.440    
  -------------------------------------------------------------------
                         relative delay                         0.362    



Id: 12
set_bus_skew -from [get_cells [list {lesion_i/video/axi_interconnect_0/m01_couplers/auto_cc/inst/gen_clock_conv.gen_async_lite_conv.clock_conv_lite_resp_b/handshake/src_hsdata_ff_reg[0]} {lesion_i/video/axi_interconnect_0/m01_couplers/auto_cc/inst/gen_clock_conv.gen_async_lite_conv.clock_conv_lite_resp_b/handshake/src_hsdata_ff_reg[1]}]] -to [get_cells [list {lesion_i/video/axi_interconnect_0/m01_couplers/auto_cc/inst/gen_clock_conv.gen_async_lite_conv.clock_conv_lite_resp_b/handshake/dest_hsdata_ff_reg[0]} {lesion_i/video/axi_interconnect_0/m01_couplers/auto_cc/inst/gen_clock_conv.gen_async_lite_conv.clock_conv_lite_resp_b/handshake/dest_hsdata_ff_reg[1]}]] 30.000
Requirement: 30.000ns
Endpoints: 2

From Clock            To Clock              Endpoint Pin                    Reference Pin                   Corner  Actual(ns)  Slack(ns)
--------------------  --------------------  ------------------------------  ------------------------------  ------  ----------  ---------
clk_fpga_1            clk_fpga_0            lesion_i/video/axi_interconnect_0/m01_couplers/auto_cc/inst/gen_clock_conv.gen_async_lite_conv.clock_conv_lite_resp_b/handshake/dest_hsdata_ff_reg[1]/D
                                                                            lesion_i/video/axi_interconnect_0/m01_couplers/auto_cc/inst/gen_clock_conv.gen_async_lite_conv.clock_conv_lite_resp_b/handshake/dest_hsdata_ff_reg[0]/D
                                                                                                            Slow         0.600     29.400


Slack (MET) :             29.400ns  (requirement - actual skew)
  Endpoint Source:        lesion_i/video/axi_interconnect_0/m01_couplers/auto_cc/inst/gen_clock_conv.gen_async_lite_conv.clock_conv_lite_resp_b/handshake/src_hsdata_ff_reg[1]/C
                            (rising edge-triggered cell FDRE clocked by clk_fpga_1)
  Endpoint Destination:   lesion_i/video/axi_interconnect_0/m01_couplers/auto_cc/inst/gen_clock_conv.gen_async_lite_conv.clock_conv_lite_resp_b/handshake/dest_hsdata_ff_reg[1]/D
                            (rising edge-triggered cell FDRE clocked by clk_fpga_0)
  Reference Source:       lesion_i/video/axi_interconnect_0/m01_couplers/auto_cc/inst/gen_clock_conv.gen_async_lite_conv.clock_conv_lite_resp_b/handshake/src_hsdata_ff_reg[0]/C
                            (rising edge-triggered cell FDRE clocked by clk_fpga_1)
  Reference Destination:  lesion_i/video/axi_interconnect_0/m01_couplers/auto_cc/inst/gen_clock_conv.gen_async_lite_conv.clock_conv_lite_resp_b/handshake/dest_hsdata_ff_reg[0]/D
                            (rising edge-triggered cell FDRE clocked by clk_fpga_0)
  Path Type:              Bus Skew (Max at Slow Process Corner)
  Requirement:            30.000ns
  Endpoint Relative Delay:    1.635ns
  Reference Relative Delay:   0.421ns
  Relative CRPR:              0.615ns
  Actual Bus Skew:            0.600ns  (Endpoint Relative Delay - Reference Relative Delay - Relative CRPR)

Endpoint path:
    Location             Delay type                Incr(ns)  Path(ns)    Netlist Resource(s)
  -------------------------------------------------------------------    -------------------
                         (clock clk_fpga_1 rise edge)
                                                      0.000     0.000 r  
    PS7_X0Y0             PS7                          0.000     0.000 r  lesion_i/ps7_0/inst/PS7_i/FCLKCLK[1]
                         net (fo=1, routed)           1.193     1.193    lesion_i/ps7_0/inst/FCLK_CLK_unbuffered[1]
    BUFGCTRL_X0Y17       BUFG (Prop_bufg_I_O)         0.101     1.294 r  lesion_i/ps7_0/inst/buffer_fclk_clk_1.FCLK_CLK_1_BUFG/O
                         net (fo=7661, routed)        1.902     3.196    lesion_i/video/axi_interconnect_0/m01_couplers/auto_cc/inst/gen_clock_conv.gen_async_lite_conv.clock_conv_lite_resp_b/handshake/src_clk
    SLICE_X89Y130        FDRE                                         r  lesion_i/video/axi_interconnect_0/m01_couplers/auto_cc/inst/gen_clock_conv.gen_async_lite_conv.clock_conv_lite_resp_b/handshake/src_hsdata_ff_reg[1]/C
  -------------------------------------------------------------------    -------------------
    SLICE_X89Y130        FDRE (Prop_fdre_C_Q)         0.419     3.615 r  lesion_i/video/axi_interconnect_0/m01_couplers/auto_cc/inst/gen_clock_conv.gen_async_lite_conv.clock_conv_lite_resp_b/handshake/src_hsdata_ff_reg[1]/Q
                         net (fo=2, routed)           0.711     4.326    lesion_i/video/axi_interconnect_0/m01_couplers/auto_cc/inst/gen_clock_conv.gen_async_lite_conv.clock_conv_lite_resp_b/handshake/src_hsdata_ff[1]
    SLICE_X91Y129        FDRE                                         r  lesion_i/video/axi_interconnect_0/m01_couplers/auto_cc/inst/gen_clock_conv.gen_async_lite_conv.clock_conv_lite_resp_b/handshake/dest_hsdata_ff_reg[1]/D
  -------------------------------------------------------------------    -------------------

                         (clock clk_fpga_0 rise edge)
                                                      0.000     0.000 r  
    PS7_X0Y0             PS7                          0.000     0.000 r  lesion_i/ps7_0/inst/PS7_i/FCLKCLK[0]
                         net (fo=1, routed)           1.088     1.088    lesion_i/ps7_0/inst/FCLK_CLK_unbuffered[0]
    BUFGCTRL_X0Y16       BUFG (Prop_bufg_I_O)         0.091     1.179 r  lesion_i/ps7_0/inst/buffer_fclk_clk_0.FCLK_CLK_0_BUFG/O
                         net (fo=24933, routed)       1.768     2.947    lesion_i/video/axi_interconnect_0/m01_couplers/auto_cc/inst/gen_clock_conv.gen_async_lite_conv.clock_conv_lite_resp_b/handshake/dest_clk
    SLICE_X91Y129        FDRE                                         r  lesion_i/video/axi_interconnect_0/m01_couplers/auto_cc/inst/gen_clock_conv.gen_async_lite_conv.clock_conv_lite_resp_b/handshake/dest_hsdata_ff_reg[1]/C
                         clock pessimism              0.000     2.947    
    SLICE_X91Y129        FDRE (Setup_fdre_C_D)       -0.256     2.691    lesion_i/video/axi_interconnect_0/m01_couplers/auto_cc/inst/gen_clock_conv.gen_async_lite_conv.clock_conv_lite_resp_b/handshake/dest_hsdata_ff_reg[1]
  -------------------------------------------------------------------
                         data arrival                           4.326    
                         clock arrival                          2.691    
  -------------------------------------------------------------------
                         relative delay                         1.635    

Reference path:
    Location             Delay type                Incr(ns)  Path(ns)    Netlist Resource(s)
  -------------------------------------------------------------------    -------------------
                         (clock clk_fpga_1 rise edge)
                                                      0.000     0.000 r  
    PS7_X0Y0             PS7                          0.000     0.000 r  lesion_i/ps7_0/inst/PS7_i/FCLKCLK[1]
                         net (fo=1, routed)           1.088     1.088    lesion_i/ps7_0/inst/FCLK_CLK_unbuffered[1]
    BUFGCTRL_X0Y17       BUFG (Prop_bufg_I_O)         0.091     1.179 r  lesion_i/ps7_0/inst/buffer_fclk_clk_1.FCLK_CLK_1_BUFG/O
                         net (fo=7661, routed)        1.709     2.888    lesion_i/video/axi_interconnect_0/m01_couplers/auto_cc/inst/gen_clock_conv.gen_async_lite_conv.clock_conv_lite_resp_b/handshake/src_clk
    SLICE_X89Y130        FDRE                                         r  lesion_i/video/axi_interconnect_0/m01_couplers/auto_cc/inst/gen_clock_conv.gen_async_lite_conv.clock_conv_lite_resp_b/handshake/src_hsdata_ff_reg[0]/C
  -------------------------------------------------------------------    -------------------
    SLICE_X89Y130        FDRE (Prop_fdre_C_Q)         0.367     3.255 r  lesion_i/video/axi_interconnect_0/m01_couplers/auto_cc/inst/gen_clock_conv.gen_async_lite_conv.clock_conv_lite_resp_b/handshake/src_hsdata_ff_reg[0]/Q
                         net (fo=2, routed)           0.612     3.867    lesion_i/video/axi_interconnect_0/m01_couplers/auto_cc/inst/gen_clock_conv.gen_async_lite_conv.clock_conv_lite_resp_b/handshake/src_hsdata_ff[0]
    SLICE_X91Y129        FDRE                                         r  lesion_i/video/axi_interconnect_0/m01_couplers/auto_cc/inst/gen_clock_conv.gen_async_lite_conv.clock_conv_lite_resp_b/handshake/dest_hsdata_ff_reg[0]/D
  -------------------------------------------------------------------    -------------------

                         (clock clk_fpga_0 rise edge)
                                                      0.000     0.000 r  
    PS7_X0Y0             PS7                          0.000     0.000 r  lesion_i/ps7_0/inst/PS7_i/FCLKCLK[0]
                         net (fo=1, routed)           1.193     1.193    lesion_i/ps7_0/inst/FCLK_CLK_unbuffered[0]
    BUFGCTRL_X0Y16       BUFG (Prop_bufg_I_O)         0.101     1.294 r  lesion_i/ps7_0/inst/buffer_fclk_clk_0.FCLK_CLK_0_BUFG/O
                         net (fo=24933, routed)       1.960     3.254    lesion_i/video/axi_interconnect_0/m01_couplers/auto_cc/inst/gen_clock_conv.gen_async_lite_conv.clock_conv_lite_resp_b/handshake/dest_clk
    SLICE_X91Y129        FDRE                                         r  lesion_i/video/axi_interconnect_0/m01_couplers/auto_cc/inst/gen_clock_conv.gen_async_lite_conv.clock_conv_lite_resp_b/handshake/dest_hsdata_ff_reg[0]/C
                         clock pessimism              0.000     3.254    
    SLICE_X91Y129        FDRE (Hold_fdre_C_D)         0.192     3.446    lesion_i/video/axi_interconnect_0/m01_couplers/auto_cc/inst/gen_clock_conv.gen_async_lite_conv.clock_conv_lite_resp_b/handshake/dest_hsdata_ff_reg[0]
  -------------------------------------------------------------------
                         data arrival                           3.867    
                         clock arrival                          3.446    
  -------------------------------------------------------------------
                         relative delay                         0.421    



Id: 13
set_bus_skew -from [get_cells [list {lesion_i/video/axi_interconnect_0/m01_couplers/auto_cc/inst/gen_clock_conv.gen_async_lite_conv.clock_conv_lite_resp_r/handshake/src_hsdata_ff_reg[0]} \
          {lesion_i/video/axi_interconnect_0/m01_couplers/auto_cc/inst/gen_clock_conv.gen_async_lite_conv.clock_conv_lite_resp_r/handshake/src_hsdata_ff_reg[10]} \
          {lesion_i/video/axi_interconnect_0/m01_couplers/auto_cc/inst/gen_clock_conv.gen_async_lite_conv.clock_conv_lite_resp_r/handshake/src_hsdata_ff_reg[11]} \
          {lesion_i/video/axi_interconnect_0/m01_couplers/auto_cc/inst/gen_clock_conv.gen_async_lite_conv.clock_conv_lite_resp_r/handshake/src_hsdata_ff_reg[12]} \
          {lesion_i/video/axi_interconnect_0/m01_couplers/auto_cc/inst/gen_clock_conv.gen_async_lite_conv.clock_conv_lite_resp_r/handshake/src_hsdata_ff_reg[13]} \
          {lesion_i/video/axi_interconnect_0/m01_couplers/auto_cc/inst/gen_clock_conv.gen_async_lite_conv.clock_conv_lite_resp_r/handshake/src_hsdata_ff_reg[14]} \
          {lesion_i/video/axi_interconnect_0/m01_couplers/auto_cc/inst/gen_clock_conv.gen_async_lite_conv.clock_conv_lite_resp_r/handshake/src_hsdata_ff_reg[15]} \
          {lesion_i/video/axi_interconnect_0/m01_couplers/auto_cc/inst/gen_clock_conv.gen_async_lite_conv.clock_conv_lite_resp_r/handshake/src_hsdata_ff_reg[16]} \
          {lesion_i/video/axi_interconnect_0/m01_couplers/auto_cc/inst/gen_clock_conv.gen_async_lite_conv.clock_conv_lite_resp_r/handshake/src_hsdata_ff_reg[17]} \
          {lesion_i/video/axi_interconnect_0/m01_couplers/auto_cc/inst/gen_clock_conv.gen_async_lite_conv.clock_conv_lite_resp_r/handshake/src_hsdata_ff_reg[18]} \
          {lesion_i/video/axi_interconnect_0/m01_couplers/auto_cc/inst/gen_clock_conv.gen_async_lite_conv.clock_conv_lite_resp_r/handshake/src_hsdata_ff_reg[19]} \
          {lesion_i/video/axi_interconnect_0/m01_couplers/auto_cc/inst/gen_clock_conv.gen_async_lite_conv.clock_conv_lite_resp_r/handshake/src_hsdata_ff_reg[1]} \
          {lesion_i/video/axi_interconnect_0/m01_couplers/auto_cc/inst/gen_clock_conv.gen_async_lite_conv.clock_conv_lite_resp_r/handshake/src_hsdata_ff_reg[20]} \
          {lesion_i/video/axi_interconnect_0/m01_couplers/auto_cc/inst/gen_clock_conv.gen_async_lite_conv.clock_conv_lite_resp_r/handshake/src_hsdata_ff_reg[21]} \
          {lesion_i/video/axi_interconnect_0/m01_couplers/auto_cc/inst/gen_clock_conv.gen_async_lite_conv.clock_conv_lite_resp_r/handshake/src_hsdata_ff_reg[22]} \
          {lesion_i/video/axi_interconnect_0/m01_couplers/auto_cc/inst/gen_clock_conv.gen_async_lite_conv.clock_conv_lite_resp_r/handshake/src_hsdata_ff_reg[23]} \
          {lesion_i/video/axi_interconnect_0/m01_couplers/auto_cc/inst/gen_clock_conv.gen_async_lite_conv.clock_conv_lite_resp_r/handshake/src_hsdata_ff_reg[24]} \
          {lesion_i/video/axi_interconnect_0/m01_couplers/auto_cc/inst/gen_clock_conv.gen_async_lite_conv.clock_conv_lite_resp_r/handshake/src_hsdata_ff_reg[25]} \
          {lesion_i/video/axi_interconnect_0/m01_couplers/auto_cc/inst/gen_clock_conv.gen_async_lite_conv.clock_conv_lite_resp_r/handshake/src_hsdata_ff_reg[26]} \
          {lesion_i/video/axi_interconnect_0/m01_couplers/auto_cc/inst/gen_clock_conv.gen_async_lite_conv.clock_conv_lite_resp_r/handshake/src_hsdata_ff_reg[27]} \
          {lesion_i/video/axi_interconnect_0/m01_couplers/auto_cc/inst/gen_clock_conv.gen_async_lite_conv.clock_conv_lite_resp_r/handshake/src_hsdata_ff_reg[28]} \
          {lesion_i/video/axi_interconnect_0/m01_couplers/auto_cc/inst/gen_clock_conv.gen_async_lite_conv.clock_conv_lite_resp_r/handshake/src_hsdata_ff_reg[29]} \
          {lesion_i/video/axi_interconnect_0/m01_couplers/auto_cc/inst/gen_clock_conv.gen_async_lite_conv.clock_conv_lite_resp_r/handshake/src_hsdata_ff_reg[2]} \
          {lesion_i/video/axi_interconnect_0/m01_couplers/auto_cc/inst/gen_clock_conv.gen_async_lite_conv.clock_conv_lite_resp_r/handshake/src_hsdata_ff_reg[30]} \
          {lesion_i/video/axi_interconnect_0/m01_couplers/auto_cc/inst/gen_clock_conv.gen_async_lite_conv.clock_conv_lite_resp_r/handshake/src_hsdata_ff_reg[31]} \
          {lesion_i/video/axi_interconnect_0/m01_couplers/auto_cc/inst/gen_clock_conv.gen_async_lite_conv.clock_conv_lite_resp_r/handshake/src_hsdata_ff_reg[32]} \
          {lesion_i/video/axi_interconnect_0/m01_couplers/auto_cc/inst/gen_clock_conv.gen_async_lite_conv.clock_conv_lite_resp_r/handshake/src_hsdata_ff_reg[33]} \
          {lesion_i/video/axi_interconnect_0/m01_couplers/auto_cc/inst/gen_clock_conv.gen_async_lite_conv.clock_conv_lite_resp_r/handshake/src_hsdata_ff_reg[3]} \
          {lesion_i/video/axi_interconnect_0/m01_couplers/auto_cc/inst/gen_clock_conv.gen_async_lite_conv.clock_conv_lite_resp_r/handshake/src_hsdata_ff_reg[4]} \
          {lesion_i/video/axi_interconnect_0/m01_couplers/auto_cc/inst/gen_clock_conv.gen_async_lite_conv.clock_conv_lite_resp_r/handshake/src_hsdata_ff_reg[5]} \
          {lesion_i/video/axi_interconnect_0/m01_couplers/auto_cc/inst/gen_clock_conv.gen_async_lite_conv.clock_conv_lite_resp_r/handshake/src_hsdata_ff_reg[6]} \
          {lesion_i/video/axi_interconnect_0/m01_couplers/auto_cc/inst/gen_clock_conv.gen_async_lite_conv.clock_conv_lite_resp_r/handshake/src_hsdata_ff_reg[7]} \
          {lesion_i/video/axi_interconnect_0/m01_couplers/auto_cc/inst/gen_clock_conv.gen_async_lite_conv.clock_conv_lite_resp_r/handshake/src_hsdata_ff_reg[8]} \
          {lesion_i/video/axi_interconnect_0/m01_couplers/auto_cc/inst/gen_clock_conv.gen_async_lite_conv.clock_conv_lite_resp_r/handshake/src_hsdata_ff_reg[9]}]] -to [get_cells [list {lesion_i/video/axi_interconnect_0/m01_couplers/auto_cc/inst/gen_clock_conv.gen_async_lite_conv.clock_conv_lite_resp_r/handshake/dest_hsdata_ff_reg[0]} \
          {lesion_i/video/axi_interconnect_0/m01_couplers/auto_cc/inst/gen_clock_conv.gen_async_lite_conv.clock_conv_lite_resp_r/handshake/dest_hsdata_ff_reg[10]} \
          {lesion_i/video/axi_interconnect_0/m01_couplers/auto_cc/inst/gen_clock_conv.gen_async_lite_conv.clock_conv_lite_resp_r/handshake/dest_hsdata_ff_reg[11]} \
          {lesion_i/video/axi_interconnect_0/m01_couplers/auto_cc/inst/gen_clock_conv.gen_async_lite_conv.clock_conv_lite_resp_r/handshake/dest_hsdata_ff_reg[12]} \
          {lesion_i/video/axi_interconnect_0/m01_couplers/auto_cc/inst/gen_clock_conv.gen_async_lite_conv.clock_conv_lite_resp_r/handshake/dest_hsdata_ff_reg[13]} \
          {lesion_i/video/axi_interconnect_0/m01_couplers/auto_cc/inst/gen_clock_conv.gen_async_lite_conv.clock_conv_lite_resp_r/handshake/dest_hsdata_ff_reg[14]} \
          {lesion_i/video/axi_interconnect_0/m01_couplers/auto_cc/inst/gen_clock_conv.gen_async_lite_conv.clock_conv_lite_resp_r/handshake/dest_hsdata_ff_reg[15]} \
          {lesion_i/video/axi_interconnect_0/m01_couplers/auto_cc/inst/gen_clock_conv.gen_async_lite_conv.clock_conv_lite_resp_r/handshake/dest_hsdata_ff_reg[16]} \
          {lesion_i/video/axi_interconnect_0/m01_couplers/auto_cc/inst/gen_clock_conv.gen_async_lite_conv.clock_conv_lite_resp_r/handshake/dest_hsdata_ff_reg[17]} \
          {lesion_i/video/axi_interconnect_0/m01_couplers/auto_cc/inst/gen_clock_conv.gen_async_lite_conv.clock_conv_lite_resp_r/handshake/dest_hsdata_ff_reg[18]} \
          {lesion_i/video/axi_interconnect_0/m01_couplers/auto_cc/inst/gen_clock_conv.gen_async_lite_conv.clock_conv_lite_resp_r/handshake/dest_hsdata_ff_reg[19]} \
          {lesion_i/video/axi_interconnect_0/m01_couplers/auto_cc/inst/gen_clock_conv.gen_async_lite_conv.clock_conv_lite_resp_r/handshake/dest_hsdata_ff_reg[1]} \
          {lesion_i/video/axi_interconnect_0/m01_couplers/auto_cc/inst/gen_clock_conv.gen_async_lite_conv.clock_conv_lite_resp_r/handshake/dest_hsdata_ff_reg[20]} \
          {lesion_i/video/axi_interconnect_0/m01_couplers/auto_cc/inst/gen_clock_conv.gen_async_lite_conv.clock_conv_lite_resp_r/handshake/dest_hsdata_ff_reg[21]} \
          {lesion_i/video/axi_interconnect_0/m01_couplers/auto_cc/inst/gen_clock_conv.gen_async_lite_conv.clock_conv_lite_resp_r/handshake/dest_hsdata_ff_reg[22]} \
          {lesion_i/video/axi_interconnect_0/m01_couplers/auto_cc/inst/gen_clock_conv.gen_async_lite_conv.clock_conv_lite_resp_r/handshake/dest_hsdata_ff_reg[23]} \
          {lesion_i/video/axi_interconnect_0/m01_couplers/auto_cc/inst/gen_clock_conv.gen_async_lite_conv.clock_conv_lite_resp_r/handshake/dest_hsdata_ff_reg[24]} \
          {lesion_i/video/axi_interconnect_0/m01_couplers/auto_cc/inst/gen_clock_conv.gen_async_lite_conv.clock_conv_lite_resp_r/handshake/dest_hsdata_ff_reg[25]} \
          {lesion_i/video/axi_interconnect_0/m01_couplers/auto_cc/inst/gen_clock_conv.gen_async_lite_conv.clock_conv_lite_resp_r/handshake/dest_hsdata_ff_reg[26]} \
          {lesion_i/video/axi_interconnect_0/m01_couplers/auto_cc/inst/gen_clock_conv.gen_async_lite_conv.clock_conv_lite_resp_r/handshake/dest_hsdata_ff_reg[27]} \
          {lesion_i/video/axi_interconnect_0/m01_couplers/auto_cc/inst/gen_clock_conv.gen_async_lite_conv.clock_conv_lite_resp_r/handshake/dest_hsdata_ff_reg[28]} \
          {lesion_i/video/axi_interconnect_0/m01_couplers/auto_cc/inst/gen_clock_conv.gen_async_lite_conv.clock_conv_lite_resp_r/handshake/dest_hsdata_ff_reg[29]} \
          {lesion_i/video/axi_interconnect_0/m01_couplers/auto_cc/inst/gen_clock_conv.gen_async_lite_conv.clock_conv_lite_resp_r/handshake/dest_hsdata_ff_reg[2]} \
          {lesion_i/video/axi_interconnect_0/m01_couplers/auto_cc/inst/gen_clock_conv.gen_async_lite_conv.clock_conv_lite_resp_r/handshake/dest_hsdata_ff_reg[30]} \
          {lesion_i/video/axi_interconnect_0/m01_couplers/auto_cc/inst/gen_clock_conv.gen_async_lite_conv.clock_conv_lite_resp_r/handshake/dest_hsdata_ff_reg[31]} \
          {lesion_i/video/axi_interconnect_0/m01_couplers/auto_cc/inst/gen_clock_conv.gen_async_lite_conv.clock_conv_lite_resp_r/handshake/dest_hsdata_ff_reg[32]} \
          {lesion_i/video/axi_interconnect_0/m01_couplers/auto_cc/inst/gen_clock_conv.gen_async_lite_conv.clock_conv_lite_resp_r/handshake/dest_hsdata_ff_reg[33]} \
          {lesion_i/video/axi_interconnect_0/m01_couplers/auto_cc/inst/gen_clock_conv.gen_async_lite_conv.clock_conv_lite_resp_r/handshake/dest_hsdata_ff_reg[3]} \
          {lesion_i/video/axi_interconnect_0/m01_couplers/auto_cc/inst/gen_clock_conv.gen_async_lite_conv.clock_conv_lite_resp_r/handshake/dest_hsdata_ff_reg[4]} \
          {lesion_i/video/axi_interconnect_0/m01_couplers/auto_cc/inst/gen_clock_conv.gen_async_lite_conv.clock_conv_lite_resp_r/handshake/dest_hsdata_ff_reg[5]} \
          {lesion_i/video/axi_interconnect_0/m01_couplers/auto_cc/inst/gen_clock_conv.gen_async_lite_conv.clock_conv_lite_resp_r/handshake/dest_hsdata_ff_reg[6]} \
          {lesion_i/video/axi_interconnect_0/m01_couplers/auto_cc/inst/gen_clock_conv.gen_async_lite_conv.clock_conv_lite_resp_r/handshake/dest_hsdata_ff_reg[7]} \
          {lesion_i/video/axi_interconnect_0/m01_couplers/auto_cc/inst/gen_clock_conv.gen_async_lite_conv.clock_conv_lite_resp_r/handshake/dest_hsdata_ff_reg[8]} \
          {lesion_i/video/axi_interconnect_0/m01_couplers/auto_cc/inst/gen_clock_conv.gen_async_lite_conv.clock_conv_lite_resp_r/handshake/dest_hsdata_ff_reg[9]}]] 30.000
Requirement: 30.000ns
Endpoints: 34

From Clock            To Clock              Endpoint Pin                    Reference Pin                   Corner  Actual(ns)  Slack(ns)
--------------------  --------------------  ------------------------------  ------------------------------  ------  ----------  ---------
clk_fpga_1            clk_fpga_0            lesion_i/video/axi_interconnect_0/m01_couplers/auto_cc/inst/gen_clock_conv.gen_async_lite_conv.clock_conv_lite_resp_r/handshake/dest_hsdata_ff_reg[2]/D
                                                                            lesion_i/video/axi_interconnect_0/m01_couplers/auto_cc/inst/gen_clock_conv.gen_async_lite_conv.clock_conv_lite_resp_r/handshake/dest_hsdata_ff_reg[10]/D
                                                                                                            Slow         1.053     28.947


Slack (MET) :             28.947ns  (requirement - actual skew)
  Endpoint Source:        lesion_i/video/axi_interconnect_0/m01_couplers/auto_cc/inst/gen_clock_conv.gen_async_lite_conv.clock_conv_lite_resp_r/handshake/src_hsdata_ff_reg[2]/C
                            (rising edge-triggered cell FDRE clocked by clk_fpga_1)
  Endpoint Destination:   lesion_i/video/axi_interconnect_0/m01_couplers/auto_cc/inst/gen_clock_conv.gen_async_lite_conv.clock_conv_lite_resp_r/handshake/dest_hsdata_ff_reg[2]/D
                            (rising edge-triggered cell FDRE clocked by clk_fpga_0)
  Reference Source:       lesion_i/video/axi_interconnect_0/m01_couplers/auto_cc/inst/gen_clock_conv.gen_async_lite_conv.clock_conv_lite_resp_r/handshake/src_hsdata_ff_reg[10]/C
                            (rising edge-triggered cell FDRE clocked by clk_fpga_1)
  Reference Destination:  lesion_i/video/axi_interconnect_0/m01_couplers/auto_cc/inst/gen_clock_conv.gen_async_lite_conv.clock_conv_lite_resp_r/handshake/dest_hsdata_ff_reg[10]/D
                            (rising edge-triggered cell FDRE clocked by clk_fpga_0)
  Path Type:              Bus Skew (Max at Slow Process Corner)
  Requirement:            30.000ns
  Endpoint Relative Delay:    1.880ns
  Reference Relative Delay:   0.298ns
  Relative CRPR:              0.529ns
  Actual Bus Skew:            1.053ns  (Endpoint Relative Delay - Reference Relative Delay - Relative CRPR)

Endpoint path:
    Location             Delay type                Incr(ns)  Path(ns)    Netlist Resource(s)
  -------------------------------------------------------------------    -------------------
                         (clock clk_fpga_1 rise edge)
                                                      0.000     0.000 r  
    PS7_X0Y0             PS7                          0.000     0.000 r  lesion_i/ps7_0/inst/PS7_i/FCLKCLK[1]
                         net (fo=1, routed)           1.193     1.193    lesion_i/ps7_0/inst/FCLK_CLK_unbuffered[1]
    BUFGCTRL_X0Y17       BUFG (Prop_bufg_I_O)         0.101     1.294 r  lesion_i/ps7_0/inst/buffer_fclk_clk_1.FCLK_CLK_1_BUFG/O
                         net (fo=7661, routed)        1.906     3.200    lesion_i/video/axi_interconnect_0/m01_couplers/auto_cc/inst/gen_clock_conv.gen_async_lite_conv.clock_conv_lite_resp_r/handshake/src_clk
    SLICE_X66Y141        FDRE                                         r  lesion_i/video/axi_interconnect_0/m01_couplers/auto_cc/inst/gen_clock_conv.gen_async_lite_conv.clock_conv_lite_resp_r/handshake/src_hsdata_ff_reg[2]/C
  -------------------------------------------------------------------    -------------------
    SLICE_X66Y141        FDRE (Prop_fdre_C_Q)         0.478     3.678 r  lesion_i/video/axi_interconnect_0/m01_couplers/auto_cc/inst/gen_clock_conv.gen_async_lite_conv.clock_conv_lite_resp_r/handshake/src_hsdata_ff_reg[2]/Q
                         net (fo=1, routed)           0.855     4.533    lesion_i/video/axi_interconnect_0/m01_couplers/auto_cc/inst/gen_clock_conv.gen_async_lite_conv.clock_conv_lite_resp_r/handshake/src_hsdata_ff[2]
    SLICE_X85Y140        FDRE                                         r  lesion_i/video/axi_interconnect_0/m01_couplers/auto_cc/inst/gen_clock_conv.gen_async_lite_conv.clock_conv_lite_resp_r/handshake/dest_hsdata_ff_reg[2]/D
  -------------------------------------------------------------------    -------------------

                         (clock clk_fpga_0 rise edge)
                                                      0.000     0.000 r  
    PS7_X0Y0             PS7                          0.000     0.000 r  lesion_i/ps7_0/inst/PS7_i/FCLKCLK[0]
                         net (fo=1, routed)           1.088     1.088    lesion_i/ps7_0/inst/FCLK_CLK_unbuffered[0]
    BUFGCTRL_X0Y16       BUFG (Prop_bufg_I_O)         0.091     1.179 r  lesion_i/ps7_0/inst/buffer_fclk_clk_0.FCLK_CLK_0_BUFG/O
                         net (fo=24933, routed)       1.718     2.897    lesion_i/video/axi_interconnect_0/m01_couplers/auto_cc/inst/gen_clock_conv.gen_async_lite_conv.clock_conv_lite_resp_r/handshake/dest_clk
    SLICE_X85Y140        FDRE                                         r  lesion_i/video/axi_interconnect_0/m01_couplers/auto_cc/inst/gen_clock_conv.gen_async_lite_conv.clock_conv_lite_resp_r/handshake/dest_hsdata_ff_reg[2]/C
                         clock pessimism              0.000     2.897    
    SLICE_X85Y140        FDRE (Setup_fdre_C_D)       -0.244     2.653    lesion_i/video/axi_interconnect_0/m01_couplers/auto_cc/inst/gen_clock_conv.gen_async_lite_conv.clock_conv_lite_resp_r/handshake/dest_hsdata_ff_reg[2]
  -------------------------------------------------------------------
                         data arrival                           4.533    
                         clock arrival                          2.653    
  -------------------------------------------------------------------
                         relative delay                         1.880    

Reference path:
    Location             Delay type                Incr(ns)  Path(ns)    Netlist Resource(s)
  -------------------------------------------------------------------    -------------------
                         (clock clk_fpga_1 rise edge)
                                                      0.000     0.000 r  
    PS7_X0Y0             PS7                          0.000     0.000 r  lesion_i/ps7_0/inst/PS7_i/FCLKCLK[1]
                         net (fo=1, routed)           1.088     1.088    lesion_i/ps7_0/inst/FCLK_CLK_unbuffered[1]
    BUFGCTRL_X0Y17       BUFG (Prop_bufg_I_O)         0.091     1.179 r  lesion_i/ps7_0/inst/buffer_fclk_clk_1.FCLK_CLK_1_BUFG/O
                         net (fo=7661, routed)        1.713     2.892    lesion_i/video/axi_interconnect_0/m01_couplers/auto_cc/inst/gen_clock_conv.gen_async_lite_conv.clock_conv_lite_resp_r/handshake/src_clk
    SLICE_X64Y140        FDRE                                         r  lesion_i/video/axi_interconnect_0/m01_couplers/auto_cc/inst/gen_clock_conv.gen_async_lite_conv.clock_conv_lite_resp_r/handshake/src_hsdata_ff_reg[10]/C
  -------------------------------------------------------------------    -------------------
    SLICE_X64Y140        FDRE (Prop_fdre_C_Q)         0.367     3.259 r  lesion_i/video/axi_interconnect_0/m01_couplers/auto_cc/inst/gen_clock_conv.gen_async_lite_conv.clock_conv_lite_resp_r/handshake/src_hsdata_ff_reg[10]/Q
                         net (fo=1, routed)           0.407     3.666    lesion_i/video/axi_interconnect_0/m01_couplers/auto_cc/inst/gen_clock_conv.gen_async_lite_conv.clock_conv_lite_resp_r/handshake/src_hsdata_ff[10]
    SLICE_X64Y139        FDRE                                         r  lesion_i/video/axi_interconnect_0/m01_couplers/auto_cc/inst/gen_clock_conv.gen_async_lite_conv.clock_conv_lite_resp_r/handshake/dest_hsdata_ff_reg[10]/D
  -------------------------------------------------------------------    -------------------

                         (clock clk_fpga_0 rise edge)
                                                      0.000     0.000 r  
    PS7_X0Y0             PS7                          0.000     0.000 r  lesion_i/ps7_0/inst/PS7_i/FCLKCLK[0]
                         net (fo=1, routed)           1.193     1.193    lesion_i/ps7_0/inst/FCLK_CLK_unbuffered[0]
    BUFGCTRL_X0Y16       BUFG (Prop_bufg_I_O)         0.101     1.294 r  lesion_i/ps7_0/inst/buffer_fclk_clk_0.FCLK_CLK_0_BUFG/O
                         net (fo=24933, routed)       1.905     3.199    lesion_i/video/axi_interconnect_0/m01_couplers/auto_cc/inst/gen_clock_conv.gen_async_lite_conv.clock_conv_lite_resp_r/handshake/dest_clk
    SLICE_X64Y139        FDRE                                         r  lesion_i/video/axi_interconnect_0/m01_couplers/auto_cc/inst/gen_clock_conv.gen_async_lite_conv.clock_conv_lite_resp_r/handshake/dest_hsdata_ff_reg[10]/C
                         clock pessimism              0.000     3.199    
    SLICE_X64Y139        FDRE (Hold_fdre_C_D)         0.169     3.368    lesion_i/video/axi_interconnect_0/m01_couplers/auto_cc/inst/gen_clock_conv.gen_async_lite_conv.clock_conv_lite_resp_r/handshake/dest_hsdata_ff_reg[10]
  -------------------------------------------------------------------
                         data arrival                           3.666    
                         clock arrival                          3.368    
  -------------------------------------------------------------------
                         relative delay                         0.298    



Id: 14
set_bus_skew -from [get_cells [list {lesion_i/video/axi_interconnect_0/m02_couplers/auto_cc/inst/gen_clock_conv.gen_async_lite_conv.clock_conv_lite_fwd_ar/handshake/src_hsdata_ff_reg[0]} {lesion_i/video/axi_interconnect_0/m02_couplers/auto_cc/inst/gen_clock_conv.gen_async_lite_conv.clock_conv_lite_fwd_ar/handshake/src_hsdata_ff_reg[1]} {lesion_i/video/axi_interconnect_0/m02_couplers/auto_cc/inst/gen_clock_conv.gen_async_lite_conv.clock_conv_lite_fwd_ar/handshake/src_hsdata_ff_reg[2]} {lesion_i/video/axi_interconnect_0/m02_couplers/auto_cc/inst/gen_clock_conv.gen_async_lite_conv.clock_conv_lite_fwd_ar/handshake/src_hsdata_ff_reg[3]} {lesion_i/video/axi_interconnect_0/m02_couplers/auto_cc/inst/gen_clock_conv.gen_async_lite_conv.clock_conv_lite_fwd_ar/handshake/src_hsdata_ff_reg[4]} {lesion_i/video/axi_interconnect_0/m02_couplers/auto_cc/inst/gen_clock_conv.gen_async_lite_conv.clock_conv_lite_fwd_ar/handshake/src_hsdata_ff_reg[5]} {lesion_i/video/axi_interconnect_0/m02_couplers/auto_cc/inst/gen_clock_conv.gen_async_lite_conv.clock_conv_lite_fwd_ar/handshake/src_hsdata_ff_reg[6]}]] -to [get_cells [list {lesion_i/video/axi_interconnect_0/m02_couplers/auto_cc/inst/gen_clock_conv.gen_async_lite_conv.clock_conv_lite_fwd_ar/handshake/dest_hsdata_ff_reg[0]} {lesion_i/video/axi_interconnect_0/m02_couplers/auto_cc/inst/gen_clock_conv.gen_async_lite_conv.clock_conv_lite_fwd_ar/handshake/dest_hsdata_ff_reg[1]} {lesion_i/video/axi_interconnect_0/m02_couplers/auto_cc/inst/gen_clock_conv.gen_async_lite_conv.clock_conv_lite_fwd_ar/handshake/dest_hsdata_ff_reg[2]} {lesion_i/video/axi_interconnect_0/m02_couplers/auto_cc/inst/gen_clock_conv.gen_async_lite_conv.clock_conv_lite_fwd_ar/handshake/dest_hsdata_ff_reg[3]} {lesion_i/video/axi_interconnect_0/m02_couplers/auto_cc/inst/gen_clock_conv.gen_async_lite_conv.clock_conv_lite_fwd_ar/handshake/dest_hsdata_ff_reg[4]} {lesion_i/video/axi_interconnect_0/m02_couplers/auto_cc/inst/gen_clock_conv.gen_async_lite_conv.clock_conv_lite_fwd_ar/handshake/dest_hsdata_ff_reg[5]} {lesion_i/video/axi_interconnect_0/m02_couplers/auto_cc/inst/gen_clock_conv.gen_async_lite_conv.clock_conv_lite_fwd_ar/handshake/dest_hsdata_ff_reg[6]}]] 21.000
Requirement: 21.000ns
Endpoints: 7

From Clock            To Clock              Endpoint Pin                    Reference Pin                   Corner  Actual(ns)  Slack(ns)
--------------------  --------------------  ------------------------------  ------------------------------  ------  ----------  ---------
clk_fpga_0            clk_fpga_1            lesion_i/video/axi_interconnect_0/m02_couplers/auto_cc/inst/gen_clock_conv.gen_async_lite_conv.clock_conv_lite_fwd_ar/handshake/dest_hsdata_ff_reg[5]/D
                                                                            lesion_i/video/axi_interconnect_0/m02_couplers/auto_cc/inst/gen_clock_conv.gen_async_lite_conv.clock_conv_lite_fwd_ar/handshake/dest_hsdata_ff_reg[3]/D
                                                                                                            Slow         0.915     20.085


Slack (MET) :             20.085ns  (requirement - actual skew)
  Endpoint Source:        lesion_i/video/axi_interconnect_0/m02_couplers/auto_cc/inst/gen_clock_conv.gen_async_lite_conv.clock_conv_lite_fwd_ar/handshake/src_hsdata_ff_reg[5]/C
                            (rising edge-triggered cell FDRE clocked by clk_fpga_0)
  Endpoint Destination:   lesion_i/video/axi_interconnect_0/m02_couplers/auto_cc/inst/gen_clock_conv.gen_async_lite_conv.clock_conv_lite_fwd_ar/handshake/dest_hsdata_ff_reg[5]/D
                            (rising edge-triggered cell FDRE clocked by clk_fpga_1)
  Reference Source:       lesion_i/video/axi_interconnect_0/m02_couplers/auto_cc/inst/gen_clock_conv.gen_async_lite_conv.clock_conv_lite_fwd_ar/handshake/src_hsdata_ff_reg[3]/C
                            (rising edge-triggered cell FDRE clocked by clk_fpga_0)
  Reference Destination:  lesion_i/video/axi_interconnect_0/m02_couplers/auto_cc/inst/gen_clock_conv.gen_async_lite_conv.clock_conv_lite_fwd_ar/handshake/dest_hsdata_ff_reg[3]/D
                            (rising edge-triggered cell FDRE clocked by clk_fpga_1)
  Path Type:              Bus Skew (Max at Slow Process Corner)
  Requirement:            21.000ns
  Endpoint Relative Delay:    1.861ns
  Reference Relative Delay:   0.322ns
  Relative CRPR:              0.624ns
  Actual Bus Skew:            0.915ns  (Endpoint Relative Delay - Reference Relative Delay - Relative CRPR)

Endpoint path:
    Location             Delay type                Incr(ns)  Path(ns)    Netlist Resource(s)
  -------------------------------------------------------------------    -------------------
                         (clock clk_fpga_0 rise edge)
                                                      0.000     0.000 r  
    PS7_X0Y0             PS7                          0.000     0.000 r  lesion_i/ps7_0/inst/PS7_i/FCLKCLK[0]
                         net (fo=1, routed)           1.193     1.193    lesion_i/ps7_0/inst/FCLK_CLK_unbuffered[0]
    BUFGCTRL_X0Y16       BUFG (Prop_bufg_I_O)         0.101     1.294 r  lesion_i/ps7_0/inst/buffer_fclk_clk_0.FCLK_CLK_0_BUFG/O
                         net (fo=24933, routed)       2.057     3.351    lesion_i/video/axi_interconnect_0/m02_couplers/auto_cc/inst/gen_clock_conv.gen_async_lite_conv.clock_conv_lite_fwd_ar/handshake/src_clk
    SLICE_X113Y144       FDRE                                         r  lesion_i/video/axi_interconnect_0/m02_couplers/auto_cc/inst/gen_clock_conv.gen_async_lite_conv.clock_conv_lite_fwd_ar/handshake/src_hsdata_ff_reg[5]/C
  -------------------------------------------------------------------    -------------------
    SLICE_X113Y144       FDRE (Prop_fdre_C_Q)         0.419     3.770 r  lesion_i/video/axi_interconnect_0/m02_couplers/auto_cc/inst/gen_clock_conv.gen_async_lite_conv.clock_conv_lite_fwd_ar/handshake/src_hsdata_ff_reg[5]/Q
                         net (fo=1, routed)           0.928     4.698    lesion_i/video/axi_interconnect_0/m02_couplers/auto_cc/inst/gen_clock_conv.gen_async_lite_conv.clock_conv_lite_fwd_ar/handshake/src_hsdata_ff[5]
    SLICE_X112Y144       FDRE                                         r  lesion_i/video/axi_interconnect_0/m02_couplers/auto_cc/inst/gen_clock_conv.gen_async_lite_conv.clock_conv_lite_fwd_ar/handshake/dest_hsdata_ff_reg[5]/D
  -------------------------------------------------------------------    -------------------

                         (clock clk_fpga_1 rise edge)
                                                      0.000     0.000 r  
    PS7_X0Y0             PS7                          0.000     0.000 r  lesion_i/ps7_0/inst/PS7_i/FCLKCLK[1]
                         net (fo=1, routed)           1.088     1.088    lesion_i/ps7_0/inst/FCLK_CLK_unbuffered[1]
    BUFGCTRL_X0Y17       BUFG (Prop_bufg_I_O)         0.091     1.179 r  lesion_i/ps7_0/inst/buffer_fclk_clk_1.FCLK_CLK_1_BUFG/O
                         net (fo=7661, routed)        1.860     3.039    lesion_i/video/axi_interconnect_0/m02_couplers/auto_cc/inst/gen_clock_conv.gen_async_lite_conv.clock_conv_lite_fwd_ar/handshake/dest_clk
    SLICE_X112Y144       FDRE                                         r  lesion_i/video/axi_interconnect_0/m02_couplers/auto_cc/inst/gen_clock_conv.gen_async_lite_conv.clock_conv_lite_fwd_ar/handshake/dest_hsdata_ff_reg[5]/C
                         clock pessimism              0.000     3.039    
    SLICE_X112Y144       FDRE (Setup_fdre_C_D)       -0.202     2.837    lesion_i/video/axi_interconnect_0/m02_couplers/auto_cc/inst/gen_clock_conv.gen_async_lite_conv.clock_conv_lite_fwd_ar/handshake/dest_hsdata_ff_reg[5]
  -------------------------------------------------------------------
                         data arrival                           4.698    
                         clock arrival                          2.837    
  -------------------------------------------------------------------
                         relative delay                         1.861    

Reference path:
    Location             Delay type                Incr(ns)  Path(ns)    Netlist Resource(s)
  -------------------------------------------------------------------    -------------------
                         (clock clk_fpga_0 rise edge)
                                                      0.000     0.000 r  
    PS7_X0Y0             PS7                          0.000     0.000 r  lesion_i/ps7_0/inst/PS7_i/FCLKCLK[0]
                         net (fo=1, routed)           1.088     1.088    lesion_i/ps7_0/inst/FCLK_CLK_unbuffered[0]
    BUFGCTRL_X0Y16       BUFG (Prop_bufg_I_O)         0.091     1.179 r  lesion_i/ps7_0/inst/buffer_fclk_clk_0.FCLK_CLK_0_BUFG/O
                         net (fo=24933, routed)       1.860     3.039    lesion_i/video/axi_interconnect_0/m02_couplers/auto_cc/inst/gen_clock_conv.gen_async_lite_conv.clock_conv_lite_fwd_ar/handshake/src_clk
    SLICE_X113Y144       FDRE                                         r  lesion_i/video/axi_interconnect_0/m02_couplers/auto_cc/inst/gen_clock_conv.gen_async_lite_conv.clock_conv_lite_fwd_ar/handshake/src_hsdata_ff_reg[3]/C
  -------------------------------------------------------------------    -------------------
    SLICE_X113Y144       FDRE (Prop_fdre_C_Q)         0.367     3.406 r  lesion_i/video/axi_interconnect_0/m02_couplers/auto_cc/inst/gen_clock_conv.gen_async_lite_conv.clock_conv_lite_fwd_ar/handshake/src_hsdata_ff_reg[3]/Q
                         net (fo=1, routed)           0.513     3.919    lesion_i/video/axi_interconnect_0/m02_couplers/auto_cc/inst/gen_clock_conv.gen_async_lite_conv.clock_conv_lite_fwd_ar/handshake/src_hsdata_ff[3]
    SLICE_X112Y144       FDRE                                         r  lesion_i/video/axi_interconnect_0/m02_couplers/auto_cc/inst/gen_clock_conv.gen_async_lite_conv.clock_conv_lite_fwd_ar/handshake/dest_hsdata_ff_reg[3]/D
  -------------------------------------------------------------------    -------------------

                         (clock clk_fpga_1 rise edge)
                                                      0.000     0.000 r  
    PS7_X0Y0             PS7                          0.000     0.000 r  lesion_i/ps7_0/inst/PS7_i/FCLKCLK[1]
                         net (fo=1, routed)           1.193     1.193    lesion_i/ps7_0/inst/FCLK_CLK_unbuffered[1]
    BUFGCTRL_X0Y17       BUFG (Prop_bufg_I_O)         0.101     1.294 r  lesion_i/ps7_0/inst/buffer_fclk_clk_1.FCLK_CLK_1_BUFG/O
                         net (fo=7661, routed)        2.057     3.351    lesion_i/video/axi_interconnect_0/m02_couplers/auto_cc/inst/gen_clock_conv.gen_async_lite_conv.clock_conv_lite_fwd_ar/handshake/dest_clk
    SLICE_X112Y144       FDRE                                         r  lesion_i/video/axi_interconnect_0/m02_couplers/auto_cc/inst/gen_clock_conv.gen_async_lite_conv.clock_conv_lite_fwd_ar/handshake/dest_hsdata_ff_reg[3]/C
                         clock pessimism              0.000     3.351    
    SLICE_X112Y144       FDRE (Hold_fdre_C_D)         0.246     3.597    lesion_i/video/axi_interconnect_0/m02_couplers/auto_cc/inst/gen_clock_conv.gen_async_lite_conv.clock_conv_lite_fwd_ar/handshake/dest_hsdata_ff_reg[3]
  -------------------------------------------------------------------
                         data arrival                           3.919    
                         clock arrival                          3.597    
  -------------------------------------------------------------------
                         relative delay                         0.322    



Id: 15
set_bus_skew -from [get_cells [list {lesion_i/video/axi_interconnect_0/m02_couplers/auto_cc/inst/gen_clock_conv.gen_async_lite_conv.clock_conv_lite_fwd_aw/handshake/src_hsdata_ff_reg[5]} {lesion_i/video/axi_interconnect_0/m02_couplers/auto_cc/inst/gen_clock_conv.gen_async_lite_conv.clock_conv_lite_fwd_aw/handshake/src_hsdata_ff_reg[6]} {lesion_i/video/axi_interconnect_0/m02_couplers/auto_cc/inst/gen_clock_conv.gen_async_lite_conv.clock_conv_lite_fwd_aw/handshake/src_hsdata_ff_reg[2]} {lesion_i/video/axi_interconnect_0/m02_couplers/auto_cc/inst/gen_clock_conv.gen_async_lite_conv.clock_conv_lite_fwd_aw/handshake/src_hsdata_ff_reg[3]} {lesion_i/video/axi_interconnect_0/m02_couplers/auto_cc/inst/gen_clock_conv.gen_async_lite_conv.clock_conv_lite_fwd_aw/handshake/src_hsdata_ff_reg[4]}]] -to [get_cells [list {lesion_i/video/axi_interconnect_0/m02_couplers/auto_cc/inst/gen_clock_conv.gen_async_lite_conv.clock_conv_lite_fwd_aw/handshake/dest_hsdata_ff_reg[5]} {lesion_i/video/axi_interconnect_0/m02_couplers/auto_cc/inst/gen_clock_conv.gen_async_lite_conv.clock_conv_lite_fwd_aw/handshake/dest_hsdata_ff_reg[6]} {lesion_i/video/axi_interconnect_0/m02_couplers/auto_cc/inst/gen_clock_conv.gen_async_lite_conv.clock_conv_lite_fwd_aw/handshake/dest_hsdata_ff_reg[2]} {lesion_i/video/axi_interconnect_0/m02_couplers/auto_cc/inst/gen_clock_conv.gen_async_lite_conv.clock_conv_lite_fwd_aw/handshake/dest_hsdata_ff_reg[3]} {lesion_i/video/axi_interconnect_0/m02_couplers/auto_cc/inst/gen_clock_conv.gen_async_lite_conv.clock_conv_lite_fwd_aw/handshake/dest_hsdata_ff_reg[4]}]] 21.000
Requirement: 21.000ns
Endpoints: 5

From Clock            To Clock              Endpoint Pin                    Reference Pin                   Corner  Actual(ns)  Slack(ns)
--------------------  --------------------  ------------------------------  ------------------------------  ------  ----------  ---------
clk_fpga_0            clk_fpga_1            lesion_i/video/axi_interconnect_0/m02_couplers/auto_cc/inst/gen_clock_conv.gen_async_lite_conv.clock_conv_lite_fwd_aw/handshake/dest_hsdata_ff_reg[6]/D
                                                                            lesion_i/video/axi_interconnect_0/m02_couplers/auto_cc/inst/gen_clock_conv.gen_async_lite_conv.clock_conv_lite_fwd_aw/handshake/dest_hsdata_ff_reg[4]/D
                                                                                                            Slow         0.639     20.361


Slack (MET) :             20.361ns  (requirement - actual skew)
  Endpoint Source:        lesion_i/video/axi_interconnect_0/m02_couplers/auto_cc/inst/gen_clock_conv.gen_async_lite_conv.clock_conv_lite_fwd_aw/handshake/src_hsdata_ff_reg[6]/C
                            (rising edge-triggered cell FDRE clocked by clk_fpga_0)
  Endpoint Destination:   lesion_i/video/axi_interconnect_0/m02_couplers/auto_cc/inst/gen_clock_conv.gen_async_lite_conv.clock_conv_lite_fwd_aw/handshake/dest_hsdata_ff_reg[6]/D
                            (rising edge-triggered cell FDRE clocked by clk_fpga_1)
  Reference Source:       lesion_i/video/axi_interconnect_0/m02_couplers/auto_cc/inst/gen_clock_conv.gen_async_lite_conv.clock_conv_lite_fwd_aw/handshake/src_hsdata_ff_reg[4]/C
                            (rising edge-triggered cell FDRE clocked by clk_fpga_0)
  Reference Destination:  lesion_i/video/axi_interconnect_0/m02_couplers/auto_cc/inst/gen_clock_conv.gen_async_lite_conv.clock_conv_lite_fwd_aw/handshake/dest_hsdata_ff_reg[4]/D
                            (rising edge-triggered cell FDRE clocked by clk_fpga_1)
  Path Type:              Bus Skew (Max at Slow Process Corner)
  Requirement:            21.000ns
  Endpoint Relative Delay:    1.585ns
  Reference Relative Delay:   0.322ns
  Relative CRPR:              0.624ns
  Actual Bus Skew:            0.639ns  (Endpoint Relative Delay - Reference Relative Delay - Relative CRPR)

Endpoint path:
    Location             Delay type                Incr(ns)  Path(ns)    Netlist Resource(s)
  -------------------------------------------------------------------    -------------------
                         (clock clk_fpga_0 rise edge)
                                                      0.000     0.000 r  
    PS7_X0Y0             PS7                          0.000     0.000 r  lesion_i/ps7_0/inst/PS7_i/FCLKCLK[0]
                         net (fo=1, routed)           1.193     1.193    lesion_i/ps7_0/inst/FCLK_CLK_unbuffered[0]
    BUFGCTRL_X0Y16       BUFG (Prop_bufg_I_O)         0.101     1.294 r  lesion_i/ps7_0/inst/buffer_fclk_clk_0.FCLK_CLK_0_BUFG/O
                         net (fo=24933, routed)       2.057     3.351    lesion_i/video/axi_interconnect_0/m02_couplers/auto_cc/inst/gen_clock_conv.gen_async_lite_conv.clock_conv_lite_fwd_aw/handshake/src_clk
    SLICE_X113Y146       FDRE                                         r  lesion_i/video/axi_interconnect_0/m02_couplers/auto_cc/inst/gen_clock_conv.gen_async_lite_conv.clock_conv_lite_fwd_aw/handshake/src_hsdata_ff_reg[6]/C
  -------------------------------------------------------------------    -------------------
    SLICE_X113Y146       FDRE (Prop_fdre_C_Q)         0.419     3.770 r  lesion_i/video/axi_interconnect_0/m02_couplers/auto_cc/inst/gen_clock_conv.gen_async_lite_conv.clock_conv_lite_fwd_aw/handshake/src_hsdata_ff_reg[6]/Q
                         net (fo=1, routed)           0.663     4.433    lesion_i/video/axi_interconnect_0/m02_couplers/auto_cc/inst/gen_clock_conv.gen_async_lite_conv.clock_conv_lite_fwd_aw/handshake/src_hsdata_ff[6]
    SLICE_X112Y146       FDRE                                         r  lesion_i/video/axi_interconnect_0/m02_couplers/auto_cc/inst/gen_clock_conv.gen_async_lite_conv.clock_conv_lite_fwd_aw/handshake/dest_hsdata_ff_reg[6]/D
  -------------------------------------------------------------------    -------------------

                         (clock clk_fpga_1 rise edge)
                                                      0.000     0.000 r  
    PS7_X0Y0             PS7                          0.000     0.000 r  lesion_i/ps7_0/inst/PS7_i/FCLKCLK[1]
                         net (fo=1, routed)           1.088     1.088    lesion_i/ps7_0/inst/FCLK_CLK_unbuffered[1]
    BUFGCTRL_X0Y17       BUFG (Prop_bufg_I_O)         0.091     1.179 r  lesion_i/ps7_0/inst/buffer_fclk_clk_1.FCLK_CLK_1_BUFG/O
                         net (fo=7661, routed)        1.860     3.039    lesion_i/video/axi_interconnect_0/m02_couplers/auto_cc/inst/gen_clock_conv.gen_async_lite_conv.clock_conv_lite_fwd_aw/handshake/dest_clk
    SLICE_X112Y146       FDRE                                         r  lesion_i/video/axi_interconnect_0/m02_couplers/auto_cc/inst/gen_clock_conv.gen_async_lite_conv.clock_conv_lite_fwd_aw/handshake/dest_hsdata_ff_reg[6]/C
                         clock pessimism              0.000     3.039    
    SLICE_X112Y146       FDRE (Setup_fdre_C_D)       -0.191     2.848    lesion_i/video/axi_interconnect_0/m02_couplers/auto_cc/inst/gen_clock_conv.gen_async_lite_conv.clock_conv_lite_fwd_aw/handshake/dest_hsdata_ff_reg[6]
  -------------------------------------------------------------------
                         data arrival                           4.433    
                         clock arrival                          2.848    
  -------------------------------------------------------------------
                         relative delay                         1.585    

Reference path:
    Location             Delay type                Incr(ns)  Path(ns)    Netlist Resource(s)
  -------------------------------------------------------------------    -------------------
                         (clock clk_fpga_0 rise edge)
                                                      0.000     0.000 r  
    PS7_X0Y0             PS7                          0.000     0.000 r  lesion_i/ps7_0/inst/PS7_i/FCLKCLK[0]
                         net (fo=1, routed)           1.088     1.088    lesion_i/ps7_0/inst/FCLK_CLK_unbuffered[0]
    BUFGCTRL_X0Y16       BUFG (Prop_bufg_I_O)         0.091     1.179 r  lesion_i/ps7_0/inst/buffer_fclk_clk_0.FCLK_CLK_0_BUFG/O
                         net (fo=24933, routed)       1.860     3.039    lesion_i/video/axi_interconnect_0/m02_couplers/auto_cc/inst/gen_clock_conv.gen_async_lite_conv.clock_conv_lite_fwd_aw/handshake/src_clk
    SLICE_X113Y146       FDRE                                         r  lesion_i/video/axi_interconnect_0/m02_couplers/auto_cc/inst/gen_clock_conv.gen_async_lite_conv.clock_conv_lite_fwd_aw/handshake/src_hsdata_ff_reg[4]/C
  -------------------------------------------------------------------    -------------------
    SLICE_X113Y146       FDRE (Prop_fdre_C_Q)         0.367     3.406 r  lesion_i/video/axi_interconnect_0/m02_couplers/auto_cc/inst/gen_clock_conv.gen_async_lite_conv.clock_conv_lite_fwd_aw/handshake/src_hsdata_ff_reg[4]/Q
                         net (fo=1, routed)           0.513     3.919    lesion_i/video/axi_interconnect_0/m02_couplers/auto_cc/inst/gen_clock_conv.gen_async_lite_conv.clock_conv_lite_fwd_aw/handshake/src_hsdata_ff[4]
    SLICE_X112Y146       FDRE                                         r  lesion_i/video/axi_interconnect_0/m02_couplers/auto_cc/inst/gen_clock_conv.gen_async_lite_conv.clock_conv_lite_fwd_aw/handshake/dest_hsdata_ff_reg[4]/D
  -------------------------------------------------------------------    -------------------

                         (clock clk_fpga_1 rise edge)
                                                      0.000     0.000 r  
    PS7_X0Y0             PS7                          0.000     0.000 r  lesion_i/ps7_0/inst/PS7_i/FCLKCLK[1]
                         net (fo=1, routed)           1.193     1.193    lesion_i/ps7_0/inst/FCLK_CLK_unbuffered[1]
    BUFGCTRL_X0Y17       BUFG (Prop_bufg_I_O)         0.101     1.294 r  lesion_i/ps7_0/inst/buffer_fclk_clk_1.FCLK_CLK_1_BUFG/O
                         net (fo=7661, routed)        2.057     3.351    lesion_i/video/axi_interconnect_0/m02_couplers/auto_cc/inst/gen_clock_conv.gen_async_lite_conv.clock_conv_lite_fwd_aw/handshake/dest_clk
    SLICE_X112Y146       FDRE                                         r  lesion_i/video/axi_interconnect_0/m02_couplers/auto_cc/inst/gen_clock_conv.gen_async_lite_conv.clock_conv_lite_fwd_aw/handshake/dest_hsdata_ff_reg[4]/C
                         clock pessimism              0.000     3.351    
    SLICE_X112Y146       FDRE (Hold_fdre_C_D)         0.246     3.597    lesion_i/video/axi_interconnect_0/m02_couplers/auto_cc/inst/gen_clock_conv.gen_async_lite_conv.clock_conv_lite_fwd_aw/handshake/dest_hsdata_ff_reg[4]
  -------------------------------------------------------------------
                         data arrival                           3.919    
                         clock arrival                          3.597    
  -------------------------------------------------------------------
                         relative delay                         0.322    



Id: 16
set_bus_skew -from [get_cells [list {lesion_i/video/axi_interconnect_0/m02_couplers/auto_cc/inst/gen_clock_conv.gen_async_lite_conv.clock_conv_lite_fwd_w/handshake/src_hsdata_ff_reg[0]} \
          {lesion_i/video/axi_interconnect_0/m02_couplers/auto_cc/inst/gen_clock_conv.gen_async_lite_conv.clock_conv_lite_fwd_w/handshake/src_hsdata_ff_reg[9]} \
          {lesion_i/video/axi_interconnect_0/m02_couplers/auto_cc/inst/gen_clock_conv.gen_async_lite_conv.clock_conv_lite_fwd_w/handshake/src_hsdata_ff_reg[8]} \
          {lesion_i/video/axi_interconnect_0/m02_couplers/auto_cc/inst/gen_clock_conv.gen_async_lite_conv.clock_conv_lite_fwd_w/handshake/src_hsdata_ff_reg[7]} \
          {lesion_i/video/axi_interconnect_0/m02_couplers/auto_cc/inst/gen_clock_conv.gen_async_lite_conv.clock_conv_lite_fwd_w/handshake/src_hsdata_ff_reg[6]} \
          {lesion_i/video/axi_interconnect_0/m02_couplers/auto_cc/inst/gen_clock_conv.gen_async_lite_conv.clock_conv_lite_fwd_w/handshake/src_hsdata_ff_reg[5]} \
          {lesion_i/video/axi_interconnect_0/m02_couplers/auto_cc/inst/gen_clock_conv.gen_async_lite_conv.clock_conv_lite_fwd_w/handshake/src_hsdata_ff_reg[4]} \
          {lesion_i/video/axi_interconnect_0/m02_couplers/auto_cc/inst/gen_clock_conv.gen_async_lite_conv.clock_conv_lite_fwd_w/handshake/src_hsdata_ff_reg[3]} \
          {lesion_i/video/axi_interconnect_0/m02_couplers/auto_cc/inst/gen_clock_conv.gen_async_lite_conv.clock_conv_lite_fwd_w/handshake/src_hsdata_ff_reg[32]} \
          {lesion_i/video/axi_interconnect_0/m02_couplers/auto_cc/inst/gen_clock_conv.gen_async_lite_conv.clock_conv_lite_fwd_w/handshake/src_hsdata_ff_reg[2]} \
          {lesion_i/video/axi_interconnect_0/m02_couplers/auto_cc/inst/gen_clock_conv.gen_async_lite_conv.clock_conv_lite_fwd_w/handshake/src_hsdata_ff_reg[33]} \
          {lesion_i/video/axi_interconnect_0/m02_couplers/auto_cc/inst/gen_clock_conv.gen_async_lite_conv.clock_conv_lite_fwd_w/handshake/src_hsdata_ff_reg[1]}]] -to [get_cells [list {lesion_i/video/axi_interconnect_0/m02_couplers/auto_cc/inst/gen_clock_conv.gen_async_lite_conv.clock_conv_lite_fwd_w/handshake/dest_hsdata_ff_reg[0]} \
          {lesion_i/video/axi_interconnect_0/m02_couplers/auto_cc/inst/gen_clock_conv.gen_async_lite_conv.clock_conv_lite_fwd_w/handshake/dest_hsdata_ff_reg[9]} \
          {lesion_i/video/axi_interconnect_0/m02_couplers/auto_cc/inst/gen_clock_conv.gen_async_lite_conv.clock_conv_lite_fwd_w/handshake/dest_hsdata_ff_reg[8]} \
          {lesion_i/video/axi_interconnect_0/m02_couplers/auto_cc/inst/gen_clock_conv.gen_async_lite_conv.clock_conv_lite_fwd_w/handshake/dest_hsdata_ff_reg[7]} \
          {lesion_i/video/axi_interconnect_0/m02_couplers/auto_cc/inst/gen_clock_conv.gen_async_lite_conv.clock_conv_lite_fwd_w/handshake/dest_hsdata_ff_reg[6]} \
          {lesion_i/video/axi_interconnect_0/m02_couplers/auto_cc/inst/gen_clock_conv.gen_async_lite_conv.clock_conv_lite_fwd_w/handshake/dest_hsdata_ff_reg[5]} \
          {lesion_i/video/axi_interconnect_0/m02_couplers/auto_cc/inst/gen_clock_conv.gen_async_lite_conv.clock_conv_lite_fwd_w/handshake/dest_hsdata_ff_reg[4]} \
          {lesion_i/video/axi_interconnect_0/m02_couplers/auto_cc/inst/gen_clock_conv.gen_async_lite_conv.clock_conv_lite_fwd_w/handshake/dest_hsdata_ff_reg[3]} \
          {lesion_i/video/axi_interconnect_0/m02_couplers/auto_cc/inst/gen_clock_conv.gen_async_lite_conv.clock_conv_lite_fwd_w/handshake/dest_hsdata_ff_reg[32]} \
          {lesion_i/video/axi_interconnect_0/m02_couplers/auto_cc/inst/gen_clock_conv.gen_async_lite_conv.clock_conv_lite_fwd_w/handshake/dest_hsdata_ff_reg[2]} \
          {lesion_i/video/axi_interconnect_0/m02_couplers/auto_cc/inst/gen_clock_conv.gen_async_lite_conv.clock_conv_lite_fwd_w/handshake/dest_hsdata_ff_reg[33]} \
          {lesion_i/video/axi_interconnect_0/m02_couplers/auto_cc/inst/gen_clock_conv.gen_async_lite_conv.clock_conv_lite_fwd_w/handshake/dest_hsdata_ff_reg[1]}]] 21.000
Requirement: 21.000ns
Endpoints: 12

From Clock            To Clock              Endpoint Pin                    Reference Pin                   Corner  Actual(ns)  Slack(ns)
--------------------  --------------------  ------------------------------  ------------------------------  ------  ----------  ---------
clk_fpga_0            clk_fpga_1            lesion_i/video/axi_interconnect_0/m02_couplers/auto_cc/inst/gen_clock_conv.gen_async_lite_conv.clock_conv_lite_fwd_w/handshake/dest_hsdata_ff_reg[8]/D
                                                                            lesion_i/video/axi_interconnect_0/m02_couplers/auto_cc/inst/gen_clock_conv.gen_async_lite_conv.clock_conv_lite_fwd_w/handshake/dest_hsdata_ff_reg[1]/D
                                                                                                            Slow         0.694     20.306


Slack (MET) :             20.306ns  (requirement - actual skew)
  Endpoint Source:        lesion_i/video/axi_interconnect_0/m02_couplers/auto_cc/inst/gen_clock_conv.gen_async_lite_conv.clock_conv_lite_fwd_w/handshake/src_hsdata_ff_reg[8]/C
                            (rising edge-triggered cell FDRE clocked by clk_fpga_0)
  Endpoint Destination:   lesion_i/video/axi_interconnect_0/m02_couplers/auto_cc/inst/gen_clock_conv.gen_async_lite_conv.clock_conv_lite_fwd_w/handshake/dest_hsdata_ff_reg[8]/D
                            (rising edge-triggered cell FDRE clocked by clk_fpga_1)
  Reference Source:       lesion_i/video/axi_interconnect_0/m02_couplers/auto_cc/inst/gen_clock_conv.gen_async_lite_conv.clock_conv_lite_fwd_w/handshake/src_hsdata_ff_reg[1]/C
                            (rising edge-triggered cell FDRE clocked by clk_fpga_0)
  Reference Destination:  lesion_i/video/axi_interconnect_0/m02_couplers/auto_cc/inst/gen_clock_conv.gen_async_lite_conv.clock_conv_lite_fwd_w/handshake/dest_hsdata_ff_reg[1]/D
                            (rising edge-triggered cell FDRE clocked by clk_fpga_1)
  Path Type:              Bus Skew (Max at Slow Process Corner)
  Requirement:            21.000ns
  Endpoint Relative Delay:    1.611ns
  Reference Relative Delay:   0.294ns
  Relative CRPR:              0.624ns
  Actual Bus Skew:            0.694ns  (Endpoint Relative Delay - Reference Relative Delay - Relative CRPR)

Endpoint path:
    Location             Delay type                Incr(ns)  Path(ns)    Netlist Resource(s)
  -------------------------------------------------------------------    -------------------
                         (clock clk_fpga_0 rise edge)
                                                      0.000     0.000 r  
    PS7_X0Y0             PS7                          0.000     0.000 r  lesion_i/ps7_0/inst/PS7_i/FCLKCLK[0]
                         net (fo=1, routed)           1.193     1.193    lesion_i/ps7_0/inst/FCLK_CLK_unbuffered[0]
    BUFGCTRL_X0Y16       BUFG (Prop_bufg_I_O)         0.101     1.294 r  lesion_i/ps7_0/inst/buffer_fclk_clk_0.FCLK_CLK_0_BUFG/O
                         net (fo=24933, routed)       2.057     3.351    lesion_i/video/axi_interconnect_0/m02_couplers/auto_cc/inst/gen_clock_conv.gen_async_lite_conv.clock_conv_lite_fwd_w/handshake/src_clk
    SLICE_X110Y143       FDRE                                         r  lesion_i/video/axi_interconnect_0/m02_couplers/auto_cc/inst/gen_clock_conv.gen_async_lite_conv.clock_conv_lite_fwd_w/handshake/src_hsdata_ff_reg[8]/C
  -------------------------------------------------------------------    -------------------
    SLICE_X110Y143       FDRE (Prop_fdre_C_Q)         0.419     3.770 r  lesion_i/video/axi_interconnect_0/m02_couplers/auto_cc/inst/gen_clock_conv.gen_async_lite_conv.clock_conv_lite_fwd_w/handshake/src_hsdata_ff_reg[8]/Q
                         net (fo=1, routed)           0.665     4.435    lesion_i/video/axi_interconnect_0/m02_couplers/auto_cc/inst/gen_clock_conv.gen_async_lite_conv.clock_conv_lite_fwd_w/handshake/src_hsdata_ff[8]
    SLICE_X110Y144       FDRE                                         r  lesion_i/video/axi_interconnect_0/m02_couplers/auto_cc/inst/gen_clock_conv.gen_async_lite_conv.clock_conv_lite_fwd_w/handshake/dest_hsdata_ff_reg[8]/D
  -------------------------------------------------------------------    -------------------

                         (clock clk_fpga_1 rise edge)
                                                      0.000     0.000 r  
    PS7_X0Y0             PS7                          0.000     0.000 r  lesion_i/ps7_0/inst/PS7_i/FCLKCLK[1]
                         net (fo=1, routed)           1.088     1.088    lesion_i/ps7_0/inst/FCLK_CLK_unbuffered[1]
    BUFGCTRL_X0Y17       BUFG (Prop_bufg_I_O)         0.091     1.179 r  lesion_i/ps7_0/inst/buffer_fclk_clk_1.FCLK_CLK_1_BUFG/O
                         net (fo=7661, routed)        1.860     3.039    lesion_i/video/axi_interconnect_0/m02_couplers/auto_cc/inst/gen_clock_conv.gen_async_lite_conv.clock_conv_lite_fwd_w/handshake/dest_clk
    SLICE_X110Y144       FDRE                                         r  lesion_i/video/axi_interconnect_0/m02_couplers/auto_cc/inst/gen_clock_conv.gen_async_lite_conv.clock_conv_lite_fwd_w/handshake/dest_hsdata_ff_reg[8]/C
                         clock pessimism              0.000     3.039    
    SLICE_X110Y144       FDRE (Setup_fdre_C_D)       -0.216     2.823    lesion_i/video/axi_interconnect_0/m02_couplers/auto_cc/inst/gen_clock_conv.gen_async_lite_conv.clock_conv_lite_fwd_w/handshake/dest_hsdata_ff_reg[8]
  -------------------------------------------------------------------
                         data arrival                           4.435    
                         clock arrival                          2.823    
  -------------------------------------------------------------------
                         relative delay                         1.611    

Reference path:
    Location             Delay type                Incr(ns)  Path(ns)    Netlist Resource(s)
  -------------------------------------------------------------------    -------------------
                         (clock clk_fpga_0 rise edge)
                                                      0.000     0.000 r  
    PS7_X0Y0             PS7                          0.000     0.000 r  lesion_i/ps7_0/inst/PS7_i/FCLKCLK[0]
                         net (fo=1, routed)           1.088     1.088    lesion_i/ps7_0/inst/FCLK_CLK_unbuffered[0]
    BUFGCTRL_X0Y16       BUFG (Prop_bufg_I_O)         0.091     1.179 r  lesion_i/ps7_0/inst/buffer_fclk_clk_0.FCLK_CLK_0_BUFG/O
                         net (fo=24933, routed)       1.860     3.039    lesion_i/video/axi_interconnect_0/m02_couplers/auto_cc/inst/gen_clock_conv.gen_async_lite_conv.clock_conv_lite_fwd_w/handshake/src_clk
    SLICE_X110Y143       FDRE                                         r  lesion_i/video/axi_interconnect_0/m02_couplers/auto_cc/inst/gen_clock_conv.gen_async_lite_conv.clock_conv_lite_fwd_w/handshake/src_hsdata_ff_reg[1]/C
  -------------------------------------------------------------------    -------------------
    SLICE_X110Y143       FDRE (Prop_fdre_C_Q)         0.367     3.406 r  lesion_i/video/axi_interconnect_0/m02_couplers/auto_cc/inst/gen_clock_conv.gen_async_lite_conv.clock_conv_lite_fwd_w/handshake/src_hsdata_ff_reg[1]/Q
                         net (fo=1, routed)           0.409     3.815    lesion_i/video/axi_interconnect_0/m02_couplers/auto_cc/inst/gen_clock_conv.gen_async_lite_conv.clock_conv_lite_fwd_w/handshake/src_hsdata_ff[1]
    SLICE_X110Y144       FDRE                                         r  lesion_i/video/axi_interconnect_0/m02_couplers/auto_cc/inst/gen_clock_conv.gen_async_lite_conv.clock_conv_lite_fwd_w/handshake/dest_hsdata_ff_reg[1]/D
  -------------------------------------------------------------------    -------------------

                         (clock clk_fpga_1 rise edge)
                                                      0.000     0.000 r  
    PS7_X0Y0             PS7                          0.000     0.000 r  lesion_i/ps7_0/inst/PS7_i/FCLKCLK[1]
                         net (fo=1, routed)           1.193     1.193    lesion_i/ps7_0/inst/FCLK_CLK_unbuffered[1]
    BUFGCTRL_X0Y17       BUFG (Prop_bufg_I_O)         0.101     1.294 r  lesion_i/ps7_0/inst/buffer_fclk_clk_1.FCLK_CLK_1_BUFG/O
                         net (fo=7661, routed)        2.057     3.351    lesion_i/video/axi_interconnect_0/m02_couplers/auto_cc/inst/gen_clock_conv.gen_async_lite_conv.clock_conv_lite_fwd_w/handshake/dest_clk
    SLICE_X110Y144       FDRE                                         r  lesion_i/video/axi_interconnect_0/m02_couplers/auto_cc/inst/gen_clock_conv.gen_async_lite_conv.clock_conv_lite_fwd_w/handshake/dest_hsdata_ff_reg[1]/C
                         clock pessimism              0.000     3.351    
    SLICE_X110Y144       FDRE (Hold_fdre_C_D)         0.170     3.521    lesion_i/video/axi_interconnect_0/m02_couplers/auto_cc/inst/gen_clock_conv.gen_async_lite_conv.clock_conv_lite_fwd_w/handshake/dest_hsdata_ff_reg[1]
  -------------------------------------------------------------------
                         data arrival                           3.815    
                         clock arrival                          3.521    
  -------------------------------------------------------------------
                         relative delay                         0.294    



Id: 17
set_bus_skew -from [get_cells [list {lesion_i/video/axi_interconnect_0/m02_couplers/auto_cc/inst/gen_clock_conv.gen_async_lite_conv.clock_conv_lite_resp_b/handshake/src_hsdata_ff_reg[0]} {lesion_i/video/axi_interconnect_0/m02_couplers/auto_cc/inst/gen_clock_conv.gen_async_lite_conv.clock_conv_lite_resp_b/handshake/src_hsdata_ff_reg[1]}]] -to [get_cells [list {lesion_i/video/axi_interconnect_0/m02_couplers/auto_cc/inst/gen_clock_conv.gen_async_lite_conv.clock_conv_lite_resp_b/handshake/dest_hsdata_ff_reg[0]} {lesion_i/video/axi_interconnect_0/m02_couplers/auto_cc/inst/gen_clock_conv.gen_async_lite_conv.clock_conv_lite_resp_b/handshake/dest_hsdata_ff_reg[1]}]] 30.000
Requirement: 30.000ns
Endpoints: 2

From Clock            To Clock              Endpoint Pin                    Reference Pin                   Corner  Actual(ns)  Slack(ns)
--------------------  --------------------  ------------------------------  ------------------------------  ------  ----------  ---------
clk_fpga_1            clk_fpga_0            lesion_i/video/axi_interconnect_0/m02_couplers/auto_cc/inst/gen_clock_conv.gen_async_lite_conv.clock_conv_lite_resp_b/handshake/dest_hsdata_ff_reg[1]/D
                                                                            lesion_i/video/axi_interconnect_0/m02_couplers/auto_cc/inst/gen_clock_conv.gen_async_lite_conv.clock_conv_lite_resp_b/handshake/dest_hsdata_ff_reg[0]/D
                                                                                                            Slow         0.789     29.211


Slack (MET) :             29.211ns  (requirement - actual skew)
  Endpoint Source:        lesion_i/video/axi_interconnect_0/m02_couplers/auto_cc/inst/gen_clock_conv.gen_async_lite_conv.clock_conv_lite_resp_b/handshake/src_hsdata_ff_reg[1]/C
                            (rising edge-triggered cell FDRE clocked by clk_fpga_1)
  Endpoint Destination:   lesion_i/video/axi_interconnect_0/m02_couplers/auto_cc/inst/gen_clock_conv.gen_async_lite_conv.clock_conv_lite_resp_b/handshake/dest_hsdata_ff_reg[1]/D
                            (rising edge-triggered cell FDRE clocked by clk_fpga_0)
  Reference Source:       lesion_i/video/axi_interconnect_0/m02_couplers/auto_cc/inst/gen_clock_conv.gen_async_lite_conv.clock_conv_lite_resp_b/handshake/src_hsdata_ff_reg[0]/C
                            (rising edge-triggered cell FDRE clocked by clk_fpga_1)
  Reference Destination:  lesion_i/video/axi_interconnect_0/m02_couplers/auto_cc/inst/gen_clock_conv.gen_async_lite_conv.clock_conv_lite_resp_b/handshake/dest_hsdata_ff_reg[0]/D
                            (rising edge-triggered cell FDRE clocked by clk_fpga_0)
  Path Type:              Bus Skew (Max at Slow Process Corner)
  Requirement:            30.000ns
  Endpoint Relative Delay:    1.658ns
  Reference Relative Delay:   0.253ns
  Relative CRPR:              0.616ns
  Actual Bus Skew:            0.789ns  (Endpoint Relative Delay - Reference Relative Delay - Relative CRPR)

Endpoint path:
    Location             Delay type                Incr(ns)  Path(ns)    Netlist Resource(s)
  -------------------------------------------------------------------    -------------------
                         (clock clk_fpga_1 rise edge)
                                                      0.000     0.000 r  
    PS7_X0Y0             PS7                          0.000     0.000 r  lesion_i/ps7_0/inst/PS7_i/FCLKCLK[1]
                         net (fo=1, routed)           1.193     1.193    lesion_i/ps7_0/inst/FCLK_CLK_unbuffered[1]
    BUFGCTRL_X0Y17       BUFG (Prop_bufg_I_O)         0.101     1.294 r  lesion_i/ps7_0/inst/buffer_fclk_clk_1.FCLK_CLK_1_BUFG/O
                         net (fo=7661, routed)        1.966     3.260    lesion_i/video/axi_interconnect_0/m02_couplers/auto_cc/inst/gen_clock_conv.gen_async_lite_conv.clock_conv_lite_resp_b/handshake/src_clk
    SLICE_X103Y118       FDRE                                         r  lesion_i/video/axi_interconnect_0/m02_couplers/auto_cc/inst/gen_clock_conv.gen_async_lite_conv.clock_conv_lite_resp_b/handshake/src_hsdata_ff_reg[1]/C
  -------------------------------------------------------------------    -------------------
    SLICE_X103Y118       FDRE (Prop_fdre_C_Q)         0.419     3.679 r  lesion_i/video/axi_interconnect_0/m02_couplers/auto_cc/inst/gen_clock_conv.gen_async_lite_conv.clock_conv_lite_resp_b/handshake/src_hsdata_ff_reg[1]/Q
                         net (fo=2, routed)           0.710     4.389    lesion_i/video/axi_interconnect_0/m02_couplers/auto_cc/inst/gen_clock_conv.gen_async_lite_conv.clock_conv_lite_resp_b/handshake/src_hsdata_ff[1]
    SLICE_X102Y119       FDRE                                         r  lesion_i/video/axi_interconnect_0/m02_couplers/auto_cc/inst/gen_clock_conv.gen_async_lite_conv.clock_conv_lite_resp_b/handshake/dest_hsdata_ff_reg[1]/D
  -------------------------------------------------------------------    -------------------

                         (clock clk_fpga_0 rise edge)
                                                      0.000     0.000 r  
    PS7_X0Y0             PS7                          0.000     0.000 r  lesion_i/ps7_0/inst/PS7_i/FCLKCLK[0]
                         net (fo=1, routed)           1.088     1.088    lesion_i/ps7_0/inst/FCLK_CLK_unbuffered[0]
    BUFGCTRL_X0Y16       BUFG (Prop_bufg_I_O)         0.091     1.179 r  lesion_i/ps7_0/inst/buffer_fclk_clk_0.FCLK_CLK_0_BUFG/O
                         net (fo=24933, routed)       1.772     2.951    lesion_i/video/axi_interconnect_0/m02_couplers/auto_cc/inst/gen_clock_conv.gen_async_lite_conv.clock_conv_lite_resp_b/handshake/dest_clk
    SLICE_X102Y119       FDRE                                         r  lesion_i/video/axi_interconnect_0/m02_couplers/auto_cc/inst/gen_clock_conv.gen_async_lite_conv.clock_conv_lite_resp_b/handshake/dest_hsdata_ff_reg[1]/C
                         clock pessimism              0.000     2.951    
    SLICE_X102Y119       FDRE (Setup_fdre_C_D)       -0.220     2.731    lesion_i/video/axi_interconnect_0/m02_couplers/auto_cc/inst/gen_clock_conv.gen_async_lite_conv.clock_conv_lite_resp_b/handshake/dest_hsdata_ff_reg[1]
  -------------------------------------------------------------------
                         data arrival                           4.389    
                         clock arrival                          2.731    
  -------------------------------------------------------------------
                         relative delay                         1.658    

Reference path:
    Location             Delay type                Incr(ns)  Path(ns)    Netlist Resource(s)
  -------------------------------------------------------------------    -------------------
                         (clock clk_fpga_1 rise edge)
                                                      0.000     0.000 r  
    PS7_X0Y0             PS7                          0.000     0.000 r  lesion_i/ps7_0/inst/PS7_i/FCLKCLK[1]
                         net (fo=1, routed)           1.088     1.088    lesion_i/ps7_0/inst/FCLK_CLK_unbuffered[1]
    BUFGCTRL_X0Y17       BUFG (Prop_bufg_I_O)         0.091     1.179 r  lesion_i/ps7_0/inst/buffer_fclk_clk_1.FCLK_CLK_1_BUFG/O
                         net (fo=7661, routed)        1.773     2.952    lesion_i/video/axi_interconnect_0/m02_couplers/auto_cc/inst/gen_clock_conv.gen_async_lite_conv.clock_conv_lite_resp_b/handshake/src_clk
    SLICE_X103Y118       FDRE                                         r  lesion_i/video/axi_interconnect_0/m02_couplers/auto_cc/inst/gen_clock_conv.gen_async_lite_conv.clock_conv_lite_resp_b/handshake/src_hsdata_ff_reg[0]/C
  -------------------------------------------------------------------    -------------------
    SLICE_X103Y118       FDRE (Prop_fdre_C_Q)         0.367     3.319 r  lesion_i/video/axi_interconnect_0/m02_couplers/auto_cc/inst/gen_clock_conv.gen_async_lite_conv.clock_conv_lite_resp_b/handshake/src_hsdata_ff_reg[0]/Q
                         net (fo=2, routed)           0.436     3.755    lesion_i/video/axi_interconnect_0/m02_couplers/auto_cc/inst/gen_clock_conv.gen_async_lite_conv.clock_conv_lite_resp_b/handshake/src_hsdata_ff[0]
    SLICE_X102Y119       FDRE                                         r  lesion_i/video/axi_interconnect_0/m02_couplers/auto_cc/inst/gen_clock_conv.gen_async_lite_conv.clock_conv_lite_resp_b/handshake/dest_hsdata_ff_reg[0]/D
  -------------------------------------------------------------------    -------------------

                         (clock clk_fpga_0 rise edge)
                                                      0.000     0.000 r  
    PS7_X0Y0             PS7                          0.000     0.000 r  lesion_i/ps7_0/inst/PS7_i/FCLKCLK[0]
                         net (fo=1, routed)           1.193     1.193    lesion_i/ps7_0/inst/FCLK_CLK_unbuffered[0]
    BUFGCTRL_X0Y16       BUFG (Prop_bufg_I_O)         0.101     1.294 r  lesion_i/ps7_0/inst/buffer_fclk_clk_0.FCLK_CLK_0_BUFG/O
                         net (fo=24933, routed)       1.965     3.259    lesion_i/video/axi_interconnect_0/m02_couplers/auto_cc/inst/gen_clock_conv.gen_async_lite_conv.clock_conv_lite_resp_b/handshake/dest_clk
    SLICE_X102Y119       FDRE                                         r  lesion_i/video/axi_interconnect_0/m02_couplers/auto_cc/inst/gen_clock_conv.gen_async_lite_conv.clock_conv_lite_resp_b/handshake/dest_hsdata_ff_reg[0]/C
                         clock pessimism              0.000     3.259    
    SLICE_X102Y119       FDRE (Hold_fdre_C_D)         0.243     3.502    lesion_i/video/axi_interconnect_0/m02_couplers/auto_cc/inst/gen_clock_conv.gen_async_lite_conv.clock_conv_lite_resp_b/handshake/dest_hsdata_ff_reg[0]
  -------------------------------------------------------------------
                         data arrival                           3.755    
                         clock arrival                          3.502    
  -------------------------------------------------------------------
                         relative delay                         0.253    



Id: 18
set_bus_skew -from [get_cells [list {lesion_i/video/axi_interconnect_0/m02_couplers/auto_cc/inst/gen_clock_conv.gen_async_lite_conv.clock_conv_lite_resp_r/handshake/src_hsdata_ff_reg[0]} \
          {lesion_i/video/axi_interconnect_0/m02_couplers/auto_cc/inst/gen_clock_conv.gen_async_lite_conv.clock_conv_lite_resp_r/handshake/src_hsdata_ff_reg[10]} \
          {lesion_i/video/axi_interconnect_0/m02_couplers/auto_cc/inst/gen_clock_conv.gen_async_lite_conv.clock_conv_lite_resp_r/handshake/src_hsdata_ff_reg[11]} \
          {lesion_i/video/axi_interconnect_0/m02_couplers/auto_cc/inst/gen_clock_conv.gen_async_lite_conv.clock_conv_lite_resp_r/handshake/src_hsdata_ff_reg[12]} \
          {lesion_i/video/axi_interconnect_0/m02_couplers/auto_cc/inst/gen_clock_conv.gen_async_lite_conv.clock_conv_lite_resp_r/handshake/src_hsdata_ff_reg[13]} \
          {lesion_i/video/axi_interconnect_0/m02_couplers/auto_cc/inst/gen_clock_conv.gen_async_lite_conv.clock_conv_lite_resp_r/handshake/src_hsdata_ff_reg[14]} \
          {lesion_i/video/axi_interconnect_0/m02_couplers/auto_cc/inst/gen_clock_conv.gen_async_lite_conv.clock_conv_lite_resp_r/handshake/src_hsdata_ff_reg[15]} \
          {lesion_i/video/axi_interconnect_0/m02_couplers/auto_cc/inst/gen_clock_conv.gen_async_lite_conv.clock_conv_lite_resp_r/handshake/src_hsdata_ff_reg[16]} \
          {lesion_i/video/axi_interconnect_0/m02_couplers/auto_cc/inst/gen_clock_conv.gen_async_lite_conv.clock_conv_lite_resp_r/handshake/src_hsdata_ff_reg[17]} \
          {lesion_i/video/axi_interconnect_0/m02_couplers/auto_cc/inst/gen_clock_conv.gen_async_lite_conv.clock_conv_lite_resp_r/handshake/src_hsdata_ff_reg[18]} \
          {lesion_i/video/axi_interconnect_0/m02_couplers/auto_cc/inst/gen_clock_conv.gen_async_lite_conv.clock_conv_lite_resp_r/handshake/src_hsdata_ff_reg[19]} \
          {lesion_i/video/axi_interconnect_0/m02_couplers/auto_cc/inst/gen_clock_conv.gen_async_lite_conv.clock_conv_lite_resp_r/handshake/src_hsdata_ff_reg[1]} \
          {lesion_i/video/axi_interconnect_0/m02_couplers/auto_cc/inst/gen_clock_conv.gen_async_lite_conv.clock_conv_lite_resp_r/handshake/src_hsdata_ff_reg[20]} \
          {lesion_i/video/axi_interconnect_0/m02_couplers/auto_cc/inst/gen_clock_conv.gen_async_lite_conv.clock_conv_lite_resp_r/handshake/src_hsdata_ff_reg[21]} \
          {lesion_i/video/axi_interconnect_0/m02_couplers/auto_cc/inst/gen_clock_conv.gen_async_lite_conv.clock_conv_lite_resp_r/handshake/src_hsdata_ff_reg[22]} \
          {lesion_i/video/axi_interconnect_0/m02_couplers/auto_cc/inst/gen_clock_conv.gen_async_lite_conv.clock_conv_lite_resp_r/handshake/src_hsdata_ff_reg[23]} \
          {lesion_i/video/axi_interconnect_0/m02_couplers/auto_cc/inst/gen_clock_conv.gen_async_lite_conv.clock_conv_lite_resp_r/handshake/src_hsdata_ff_reg[24]} \
          {lesion_i/video/axi_interconnect_0/m02_couplers/auto_cc/inst/gen_clock_conv.gen_async_lite_conv.clock_conv_lite_resp_r/handshake/src_hsdata_ff_reg[25]} \
          {lesion_i/video/axi_interconnect_0/m02_couplers/auto_cc/inst/gen_clock_conv.gen_async_lite_conv.clock_conv_lite_resp_r/handshake/src_hsdata_ff_reg[26]} \
          {lesion_i/video/axi_interconnect_0/m02_couplers/auto_cc/inst/gen_clock_conv.gen_async_lite_conv.clock_conv_lite_resp_r/handshake/src_hsdata_ff_reg[27]} \
          {lesion_i/video/axi_interconnect_0/m02_couplers/auto_cc/inst/gen_clock_conv.gen_async_lite_conv.clock_conv_lite_resp_r/handshake/src_hsdata_ff_reg[28]} \
          {lesion_i/video/axi_interconnect_0/m02_couplers/auto_cc/inst/gen_clock_conv.gen_async_lite_conv.clock_conv_lite_resp_r/handshake/src_hsdata_ff_reg[29]} \
          {lesion_i/video/axi_interconnect_0/m02_couplers/auto_cc/inst/gen_clock_conv.gen_async_lite_conv.clock_conv_lite_resp_r/handshake/src_hsdata_ff_reg[2]} \
          {lesion_i/video/axi_interconnect_0/m02_couplers/auto_cc/inst/gen_clock_conv.gen_async_lite_conv.clock_conv_lite_resp_r/handshake/src_hsdata_ff_reg[30]} \
          {lesion_i/video/axi_interconnect_0/m02_couplers/auto_cc/inst/gen_clock_conv.gen_async_lite_conv.clock_conv_lite_resp_r/handshake/src_hsdata_ff_reg[31]} \
          {lesion_i/video/axi_interconnect_0/m02_couplers/auto_cc/inst/gen_clock_conv.gen_async_lite_conv.clock_conv_lite_resp_r/handshake/src_hsdata_ff_reg[32]} \
          {lesion_i/video/axi_interconnect_0/m02_couplers/auto_cc/inst/gen_clock_conv.gen_async_lite_conv.clock_conv_lite_resp_r/handshake/src_hsdata_ff_reg[33]} \
          {lesion_i/video/axi_interconnect_0/m02_couplers/auto_cc/inst/gen_clock_conv.gen_async_lite_conv.clock_conv_lite_resp_r/handshake/src_hsdata_ff_reg[3]} \
          {lesion_i/video/axi_interconnect_0/m02_couplers/auto_cc/inst/gen_clock_conv.gen_async_lite_conv.clock_conv_lite_resp_r/handshake/src_hsdata_ff_reg[4]} \
          {lesion_i/video/axi_interconnect_0/m02_couplers/auto_cc/inst/gen_clock_conv.gen_async_lite_conv.clock_conv_lite_resp_r/handshake/src_hsdata_ff_reg[5]} \
          {lesion_i/video/axi_interconnect_0/m02_couplers/auto_cc/inst/gen_clock_conv.gen_async_lite_conv.clock_conv_lite_resp_r/handshake/src_hsdata_ff_reg[6]} \
          {lesion_i/video/axi_interconnect_0/m02_couplers/auto_cc/inst/gen_clock_conv.gen_async_lite_conv.clock_conv_lite_resp_r/handshake/src_hsdata_ff_reg[7]} \
          {lesion_i/video/axi_interconnect_0/m02_couplers/auto_cc/inst/gen_clock_conv.gen_async_lite_conv.clock_conv_lite_resp_r/handshake/src_hsdata_ff_reg[8]} \
          {lesion_i/video/axi_interconnect_0/m02_couplers/auto_cc/inst/gen_clock_conv.gen_async_lite_conv.clock_conv_lite_resp_r/handshake/src_hsdata_ff_reg[9]}]] -to [get_cells [list {lesion_i/video/axi_interconnect_0/m02_couplers/auto_cc/inst/gen_clock_conv.gen_async_lite_conv.clock_conv_lite_resp_r/handshake/dest_hsdata_ff_reg[0]} \
          {lesion_i/video/axi_interconnect_0/m02_couplers/auto_cc/inst/gen_clock_conv.gen_async_lite_conv.clock_conv_lite_resp_r/handshake/dest_hsdata_ff_reg[10]} \
          {lesion_i/video/axi_interconnect_0/m02_couplers/auto_cc/inst/gen_clock_conv.gen_async_lite_conv.clock_conv_lite_resp_r/handshake/dest_hsdata_ff_reg[11]} \
          {lesion_i/video/axi_interconnect_0/m02_couplers/auto_cc/inst/gen_clock_conv.gen_async_lite_conv.clock_conv_lite_resp_r/handshake/dest_hsdata_ff_reg[12]} \
          {lesion_i/video/axi_interconnect_0/m02_couplers/auto_cc/inst/gen_clock_conv.gen_async_lite_conv.clock_conv_lite_resp_r/handshake/dest_hsdata_ff_reg[13]} \
          {lesion_i/video/axi_interconnect_0/m02_couplers/auto_cc/inst/gen_clock_conv.gen_async_lite_conv.clock_conv_lite_resp_r/handshake/dest_hsdata_ff_reg[14]} \
          {lesion_i/video/axi_interconnect_0/m02_couplers/auto_cc/inst/gen_clock_conv.gen_async_lite_conv.clock_conv_lite_resp_r/handshake/dest_hsdata_ff_reg[15]} \
          {lesion_i/video/axi_interconnect_0/m02_couplers/auto_cc/inst/gen_clock_conv.gen_async_lite_conv.clock_conv_lite_resp_r/handshake/dest_hsdata_ff_reg[16]} \
          {lesion_i/video/axi_interconnect_0/m02_couplers/auto_cc/inst/gen_clock_conv.gen_async_lite_conv.clock_conv_lite_resp_r/handshake/dest_hsdata_ff_reg[17]} \
          {lesion_i/video/axi_interconnect_0/m02_couplers/auto_cc/inst/gen_clock_conv.gen_async_lite_conv.clock_conv_lite_resp_r/handshake/dest_hsdata_ff_reg[18]} \
          {lesion_i/video/axi_interconnect_0/m02_couplers/auto_cc/inst/gen_clock_conv.gen_async_lite_conv.clock_conv_lite_resp_r/handshake/dest_hsdata_ff_reg[19]} \
          {lesion_i/video/axi_interconnect_0/m02_couplers/auto_cc/inst/gen_clock_conv.gen_async_lite_conv.clock_conv_lite_resp_r/handshake/dest_hsdata_ff_reg[1]} \
          {lesion_i/video/axi_interconnect_0/m02_couplers/auto_cc/inst/gen_clock_conv.gen_async_lite_conv.clock_conv_lite_resp_r/handshake/dest_hsdata_ff_reg[20]} \
          {lesion_i/video/axi_interconnect_0/m02_couplers/auto_cc/inst/gen_clock_conv.gen_async_lite_conv.clock_conv_lite_resp_r/handshake/dest_hsdata_ff_reg[21]} \
          {lesion_i/video/axi_interconnect_0/m02_couplers/auto_cc/inst/gen_clock_conv.gen_async_lite_conv.clock_conv_lite_resp_r/handshake/dest_hsdata_ff_reg[22]} \
          {lesion_i/video/axi_interconnect_0/m02_couplers/auto_cc/inst/gen_clock_conv.gen_async_lite_conv.clock_conv_lite_resp_r/handshake/dest_hsdata_ff_reg[23]} \
          {lesion_i/video/axi_interconnect_0/m02_couplers/auto_cc/inst/gen_clock_conv.gen_async_lite_conv.clock_conv_lite_resp_r/handshake/dest_hsdata_ff_reg[24]} \
          {lesion_i/video/axi_interconnect_0/m02_couplers/auto_cc/inst/gen_clock_conv.gen_async_lite_conv.clock_conv_lite_resp_r/handshake/dest_hsdata_ff_reg[25]} \
          {lesion_i/video/axi_interconnect_0/m02_couplers/auto_cc/inst/gen_clock_conv.gen_async_lite_conv.clock_conv_lite_resp_r/handshake/dest_hsdata_ff_reg[26]} \
          {lesion_i/video/axi_interconnect_0/m02_couplers/auto_cc/inst/gen_clock_conv.gen_async_lite_conv.clock_conv_lite_resp_r/handshake/dest_hsdata_ff_reg[27]} \
          {lesion_i/video/axi_interconnect_0/m02_couplers/auto_cc/inst/gen_clock_conv.gen_async_lite_conv.clock_conv_lite_resp_r/handshake/dest_hsdata_ff_reg[28]} \
          {lesion_i/video/axi_interconnect_0/m02_couplers/auto_cc/inst/gen_clock_conv.gen_async_lite_conv.clock_conv_lite_resp_r/handshake/dest_hsdata_ff_reg[29]} \
          {lesion_i/video/axi_interconnect_0/m02_couplers/auto_cc/inst/gen_clock_conv.gen_async_lite_conv.clock_conv_lite_resp_r/handshake/dest_hsdata_ff_reg[2]} \
          {lesion_i/video/axi_interconnect_0/m02_couplers/auto_cc/inst/gen_clock_conv.gen_async_lite_conv.clock_conv_lite_resp_r/handshake/dest_hsdata_ff_reg[30]} \
          {lesion_i/video/axi_interconnect_0/m02_couplers/auto_cc/inst/gen_clock_conv.gen_async_lite_conv.clock_conv_lite_resp_r/handshake/dest_hsdata_ff_reg[31]} \
          {lesion_i/video/axi_interconnect_0/m02_couplers/auto_cc/inst/gen_clock_conv.gen_async_lite_conv.clock_conv_lite_resp_r/handshake/dest_hsdata_ff_reg[32]} \
          {lesion_i/video/axi_interconnect_0/m02_couplers/auto_cc/inst/gen_clock_conv.gen_async_lite_conv.clock_conv_lite_resp_r/handshake/dest_hsdata_ff_reg[33]} \
          {lesion_i/video/axi_interconnect_0/m02_couplers/auto_cc/inst/gen_clock_conv.gen_async_lite_conv.clock_conv_lite_resp_r/handshake/dest_hsdata_ff_reg[3]} \
          {lesion_i/video/axi_interconnect_0/m02_couplers/auto_cc/inst/gen_clock_conv.gen_async_lite_conv.clock_conv_lite_resp_r/handshake/dest_hsdata_ff_reg[4]} \
          {lesion_i/video/axi_interconnect_0/m02_couplers/auto_cc/inst/gen_clock_conv.gen_async_lite_conv.clock_conv_lite_resp_r/handshake/dest_hsdata_ff_reg[5]} \
          {lesion_i/video/axi_interconnect_0/m02_couplers/auto_cc/inst/gen_clock_conv.gen_async_lite_conv.clock_conv_lite_resp_r/handshake/dest_hsdata_ff_reg[6]} \
          {lesion_i/video/axi_interconnect_0/m02_couplers/auto_cc/inst/gen_clock_conv.gen_async_lite_conv.clock_conv_lite_resp_r/handshake/dest_hsdata_ff_reg[7]} \
          {lesion_i/video/axi_interconnect_0/m02_couplers/auto_cc/inst/gen_clock_conv.gen_async_lite_conv.clock_conv_lite_resp_r/handshake/dest_hsdata_ff_reg[8]} \
          {lesion_i/video/axi_interconnect_0/m02_couplers/auto_cc/inst/gen_clock_conv.gen_async_lite_conv.clock_conv_lite_resp_r/handshake/dest_hsdata_ff_reg[9]}]] 30.000
Requirement: 30.000ns
Endpoints: 34

From Clock            To Clock              Endpoint Pin                    Reference Pin                   Corner  Actual(ns)  Slack(ns)
--------------------  --------------------  ------------------------------  ------------------------------  ------  ----------  ---------
clk_fpga_1            clk_fpga_0            lesion_i/video/axi_interconnect_0/m02_couplers/auto_cc/inst/gen_clock_conv.gen_async_lite_conv.clock_conv_lite_resp_r/handshake/dest_hsdata_ff_reg[26]/D
                                                                            lesion_i/video/axi_interconnect_0/m02_couplers/auto_cc/inst/gen_clock_conv.gen_async_lite_conv.clock_conv_lite_resp_r/handshake/dest_hsdata_ff_reg[2]/D
                                                                                                            Slow         1.186     28.814


Slack (MET) :             28.814ns  (requirement - actual skew)
  Endpoint Source:        lesion_i/video/axi_interconnect_0/m02_couplers/auto_cc/inst/gen_clock_conv.gen_async_lite_conv.clock_conv_lite_resp_r/handshake/src_hsdata_ff_reg[26]/C
                            (rising edge-triggered cell FDRE clocked by clk_fpga_1)
  Endpoint Destination:   lesion_i/video/axi_interconnect_0/m02_couplers/auto_cc/inst/gen_clock_conv.gen_async_lite_conv.clock_conv_lite_resp_r/handshake/dest_hsdata_ff_reg[26]/D
                            (rising edge-triggered cell FDRE clocked by clk_fpga_0)
  Reference Source:       lesion_i/video/axi_interconnect_0/m02_couplers/auto_cc/inst/gen_clock_conv.gen_async_lite_conv.clock_conv_lite_resp_r/handshake/src_hsdata_ff_reg[2]/C
                            (rising edge-triggered cell FDRE clocked by clk_fpga_1)
  Reference Destination:  lesion_i/video/axi_interconnect_0/m02_couplers/auto_cc/inst/gen_clock_conv.gen_async_lite_conv.clock_conv_lite_resp_r/handshake/dest_hsdata_ff_reg[2]/D
                            (rising edge-triggered cell FDRE clocked by clk_fpga_0)
  Path Type:              Bus Skew (Max at Slow Process Corner)
  Requirement:            30.000ns
  Endpoint Relative Delay:    1.885ns
  Reference Relative Delay:   0.205ns
  Relative CRPR:              0.494ns
  Actual Bus Skew:            1.186ns  (Endpoint Relative Delay - Reference Relative Delay - Relative CRPR)

Endpoint path:
    Location             Delay type                Incr(ns)  Path(ns)    Netlist Resource(s)
  -------------------------------------------------------------------    -------------------
                         (clock clk_fpga_1 rise edge)
                                                      0.000     0.000 r  
    PS7_X0Y0             PS7                          0.000     0.000 r  lesion_i/ps7_0/inst/PS7_i/FCLKCLK[1]
                         net (fo=1, routed)           1.193     1.193    lesion_i/ps7_0/inst/FCLK_CLK_unbuffered[1]
    BUFGCTRL_X0Y17       BUFG (Prop_bufg_I_O)         0.101     1.294 r  lesion_i/ps7_0/inst/buffer_fclk_clk_1.FCLK_CLK_1_BUFG/O
                         net (fo=7661, routed)        1.904     3.198    lesion_i/video/axi_interconnect_0/m02_couplers/auto_cc/inst/gen_clock_conv.gen_async_lite_conv.clock_conv_lite_resp_r/handshake/src_clk
    SLICE_X64Y138        FDRE                                         r  lesion_i/video/axi_interconnect_0/m02_couplers/auto_cc/inst/gen_clock_conv.gen_async_lite_conv.clock_conv_lite_resp_r/handshake/src_hsdata_ff_reg[26]/C
  -------------------------------------------------------------------    -------------------
    SLICE_X64Y138        FDRE (Prop_fdre_C_Q)         0.419     3.617 r  lesion_i/video/axi_interconnect_0/m02_couplers/auto_cc/inst/gen_clock_conv.gen_async_lite_conv.clock_conv_lite_resp_r/handshake/src_hsdata_ff_reg[26]/Q
                         net (fo=1, routed)           0.929     4.546    lesion_i/video/axi_interconnect_0/m02_couplers/auto_cc/inst/gen_clock_conv.gen_async_lite_conv.clock_conv_lite_resp_r/handshake/src_hsdata_ff[26]
    SLICE_X65Y138        FDRE                                         r  lesion_i/video/axi_interconnect_0/m02_couplers/auto_cc/inst/gen_clock_conv.gen_async_lite_conv.clock_conv_lite_resp_r/handshake/dest_hsdata_ff_reg[26]/D
  -------------------------------------------------------------------    -------------------

                         (clock clk_fpga_0 rise edge)
                                                      0.000     0.000 r  
    PS7_X0Y0             PS7                          0.000     0.000 r  lesion_i/ps7_0/inst/PS7_i/FCLKCLK[0]
                         net (fo=1, routed)           1.088     1.088    lesion_i/ps7_0/inst/FCLK_CLK_unbuffered[0]
    BUFGCTRL_X0Y16       BUFG (Prop_bufg_I_O)         0.091     1.179 r  lesion_i/ps7_0/inst/buffer_fclk_clk_0.FCLK_CLK_0_BUFG/O
                         net (fo=24933, routed)       1.712     2.891    lesion_i/video/axi_interconnect_0/m02_couplers/auto_cc/inst/gen_clock_conv.gen_async_lite_conv.clock_conv_lite_resp_r/handshake/dest_clk
    SLICE_X65Y138        FDRE                                         r  lesion_i/video/axi_interconnect_0/m02_couplers/auto_cc/inst/gen_clock_conv.gen_async_lite_conv.clock_conv_lite_resp_r/handshake/dest_hsdata_ff_reg[26]/C
                         clock pessimism              0.000     2.891    
    SLICE_X65Y138        FDRE (Setup_fdre_C_D)       -0.230     2.661    lesion_i/video/axi_interconnect_0/m02_couplers/auto_cc/inst/gen_clock_conv.gen_async_lite_conv.clock_conv_lite_resp_r/handshake/dest_hsdata_ff_reg[26]
  -------------------------------------------------------------------
                         data arrival                           4.546    
                         clock arrival                          2.661    
  -------------------------------------------------------------------
                         relative delay                         1.885    

Reference path:
    Location             Delay type                Incr(ns)  Path(ns)    Netlist Resource(s)
  -------------------------------------------------------------------    -------------------
                         (clock clk_fpga_1 rise edge)
                                                      0.000     0.000 r  
    PS7_X0Y0             PS7                          0.000     0.000 r  lesion_i/ps7_0/inst/PS7_i/FCLKCLK[1]
                         net (fo=1, routed)           1.088     1.088    lesion_i/ps7_0/inst/FCLK_CLK_unbuffered[1]
    BUFGCTRL_X0Y17       BUFG (Prop_bufg_I_O)         0.091     1.179 r  lesion_i/ps7_0/inst/buffer_fclk_clk_1.FCLK_CLK_1_BUFG/O
                         net (fo=7661, routed)        1.780     2.959    lesion_i/video/axi_interconnect_0/m02_couplers/auto_cc/inst/gen_clock_conv.gen_async_lite_conv.clock_conv_lite_resp_r/handshake/src_clk
    SLICE_X97Y139        FDRE                                         r  lesion_i/video/axi_interconnect_0/m02_couplers/auto_cc/inst/gen_clock_conv.gen_async_lite_conv.clock_conv_lite_resp_r/handshake/src_hsdata_ff_reg[2]/C
  -------------------------------------------------------------------    -------------------
    SLICE_X97Y139        FDRE (Prop_fdre_C_Q)         0.367     3.326 r  lesion_i/video/axi_interconnect_0/m02_couplers/auto_cc/inst/gen_clock_conv.gen_async_lite_conv.clock_conv_lite_resp_r/handshake/src_hsdata_ff_reg[2]/Q
                         net (fo=1, routed)           0.376     3.702    lesion_i/video/axi_interconnect_0/m02_couplers/auto_cc/inst/gen_clock_conv.gen_async_lite_conv.clock_conv_lite_resp_r/handshake/src_hsdata_ff[2]
    SLICE_X94Y138        FDRE                                         r  lesion_i/video/axi_interconnect_0/m02_couplers/auto_cc/inst/gen_clock_conv.gen_async_lite_conv.clock_conv_lite_resp_r/handshake/dest_hsdata_ff_reg[2]/D
  -------------------------------------------------------------------    -------------------

                         (clock clk_fpga_0 rise edge)
                                                      0.000     0.000 r  
    PS7_X0Y0             PS7                          0.000     0.000 r  lesion_i/ps7_0/inst/PS7_i/FCLKCLK[0]
                         net (fo=1, routed)           1.193     1.193    lesion_i/ps7_0/inst/FCLK_CLK_unbuffered[0]
    BUFGCTRL_X0Y16       BUFG (Prop_bufg_I_O)         0.101     1.294 r  lesion_i/ps7_0/inst/buffer_fclk_clk_0.FCLK_CLK_0_BUFG/O
                         net (fo=24933, routed)       1.973     3.267    lesion_i/video/axi_interconnect_0/m02_couplers/auto_cc/inst/gen_clock_conv.gen_async_lite_conv.clock_conv_lite_resp_r/handshake/dest_clk
    SLICE_X94Y138        FDRE                                         r  lesion_i/video/axi_interconnect_0/m02_couplers/auto_cc/inst/gen_clock_conv.gen_async_lite_conv.clock_conv_lite_resp_r/handshake/dest_hsdata_ff_reg[2]/C
                         clock pessimism              0.000     3.267    
    SLICE_X94Y138        FDRE (Hold_fdre_C_D)         0.230     3.497    lesion_i/video/axi_interconnect_0/m02_couplers/auto_cc/inst/gen_clock_conv.gen_async_lite_conv.clock_conv_lite_resp_r/handshake/dest_hsdata_ff_reg[2]
  -------------------------------------------------------------------
                         data arrival                           3.702    
                         clock arrival                          3.497    
  -------------------------------------------------------------------
                         relative delay                         0.205    



Id: 19
set_bus_skew -from [get_cells [list {lesion_i/video/axi_interconnect_0/m06_couplers/auto_cc/inst/gen_clock_conv.gen_async_lite_conv.clock_conv_lite_fwd_ar/handshake/src_hsdata_ff_reg[0]} {lesion_i/video/axi_interconnect_0/m06_couplers/auto_cc/inst/gen_clock_conv.gen_async_lite_conv.clock_conv_lite_fwd_ar/handshake/src_hsdata_ff_reg[1]} {lesion_i/video/axi_interconnect_0/m06_couplers/auto_cc/inst/gen_clock_conv.gen_async_lite_conv.clock_conv_lite_fwd_ar/handshake/src_hsdata_ff_reg[2]} {lesion_i/video/axi_interconnect_0/m06_couplers/auto_cc/inst/gen_clock_conv.gen_async_lite_conv.clock_conv_lite_fwd_ar/handshake/src_hsdata_ff_reg[3]} {lesion_i/video/axi_interconnect_0/m06_couplers/auto_cc/inst/gen_clock_conv.gen_async_lite_conv.clock_conv_lite_fwd_ar/handshake/src_hsdata_ff_reg[4]} {lesion_i/video/axi_interconnect_0/m06_couplers/auto_cc/inst/gen_clock_conv.gen_async_lite_conv.clock_conv_lite_fwd_ar/handshake/src_hsdata_ff_reg[5]} {lesion_i/video/axi_interconnect_0/m06_couplers/auto_cc/inst/gen_clock_conv.gen_async_lite_conv.clock_conv_lite_fwd_ar/handshake/src_hsdata_ff_reg[6]}]] -to [get_cells [list {lesion_i/video/axi_interconnect_0/m06_couplers/auto_cc/inst/gen_clock_conv.gen_async_lite_conv.clock_conv_lite_fwd_ar/handshake/dest_hsdata_ff_reg[0]} {lesion_i/video/axi_interconnect_0/m06_couplers/auto_cc/inst/gen_clock_conv.gen_async_lite_conv.clock_conv_lite_fwd_ar/handshake/dest_hsdata_ff_reg[1]} {lesion_i/video/axi_interconnect_0/m06_couplers/auto_cc/inst/gen_clock_conv.gen_async_lite_conv.clock_conv_lite_fwd_ar/handshake/dest_hsdata_ff_reg[2]} {lesion_i/video/axi_interconnect_0/m06_couplers/auto_cc/inst/gen_clock_conv.gen_async_lite_conv.clock_conv_lite_fwd_ar/handshake/dest_hsdata_ff_reg[3]} {lesion_i/video/axi_interconnect_0/m06_couplers/auto_cc/inst/gen_clock_conv.gen_async_lite_conv.clock_conv_lite_fwd_ar/handshake/dest_hsdata_ff_reg[4]} {lesion_i/video/axi_interconnect_0/m06_couplers/auto_cc/inst/gen_clock_conv.gen_async_lite_conv.clock_conv_lite_fwd_ar/handshake/dest_hsdata_ff_reg[5]} {lesion_i/video/axi_interconnect_0/m06_couplers/auto_cc/inst/gen_clock_conv.gen_async_lite_conv.clock_conv_lite_fwd_ar/handshake/dest_hsdata_ff_reg[6]}]] 21.000
Requirement: 21.000ns
Endpoints: 7

From Clock            To Clock              Endpoint Pin                    Reference Pin                   Corner  Actual(ns)  Slack(ns)
--------------------  --------------------  ------------------------------  ------------------------------  ------  ----------  ---------
clk_fpga_0            clk_fpga_1            lesion_i/video/axi_interconnect_0/m06_couplers/auto_cc/inst/gen_clock_conv.gen_async_lite_conv.clock_conv_lite_fwd_ar/handshake/dest_hsdata_ff_reg[5]/D
                                                                            lesion_i/video/axi_interconnect_0/m06_couplers/auto_cc/inst/gen_clock_conv.gen_async_lite_conv.clock_conv_lite_fwd_ar/handshake/dest_hsdata_ff_reg[1]/D
                                                                                                            Slow         0.910     20.090


Slack (MET) :             20.090ns  (requirement - actual skew)
  Endpoint Source:        lesion_i/video/axi_interconnect_0/m06_couplers/auto_cc/inst/gen_clock_conv.gen_async_lite_conv.clock_conv_lite_fwd_ar/handshake/src_hsdata_ff_reg[5]/C
                            (rising edge-triggered cell FDRE clocked by clk_fpga_0)
  Endpoint Destination:   lesion_i/video/axi_interconnect_0/m06_couplers/auto_cc/inst/gen_clock_conv.gen_async_lite_conv.clock_conv_lite_fwd_ar/handshake/dest_hsdata_ff_reg[5]/D
                            (rising edge-triggered cell FDRE clocked by clk_fpga_1)
  Reference Source:       lesion_i/video/axi_interconnect_0/m06_couplers/auto_cc/inst/gen_clock_conv.gen_async_lite_conv.clock_conv_lite_fwd_ar/handshake/src_hsdata_ff_reg[1]/C
                            (rising edge-triggered cell FDRE clocked by clk_fpga_0)
  Reference Destination:  lesion_i/video/axi_interconnect_0/m06_couplers/auto_cc/inst/gen_clock_conv.gen_async_lite_conv.clock_conv_lite_fwd_ar/handshake/dest_hsdata_ff_reg[1]/D
                            (rising edge-triggered cell FDRE clocked by clk_fpga_1)
  Path Type:              Bus Skew (Max at Slow Process Corner)
  Requirement:            21.000ns
  Endpoint Relative Delay:    1.902ns
  Reference Relative Delay:   0.370ns
  Relative CRPR:              0.622ns
  Actual Bus Skew:            0.910ns  (Endpoint Relative Delay - Reference Relative Delay - Relative CRPR)

Endpoint path:
    Location             Delay type                Incr(ns)  Path(ns)    Netlist Resource(s)
  -------------------------------------------------------------------    -------------------
                         (clock clk_fpga_0 rise edge)
                                                      0.000     0.000 r  
    PS7_X0Y0             PS7                          0.000     0.000 r  lesion_i/ps7_0/inst/PS7_i/FCLKCLK[0]
                         net (fo=1, routed)           1.193     1.193    lesion_i/ps7_0/inst/FCLK_CLK_unbuffered[0]
    BUFGCTRL_X0Y16       BUFG (Prop_bufg_I_O)         0.101     1.294 r  lesion_i/ps7_0/inst/buffer_fclk_clk_0.FCLK_CLK_0_BUFG/O
                         net (fo=24933, routed)       2.042     3.336    lesion_i/video/axi_interconnect_0/m06_couplers/auto_cc/inst/gen_clock_conv.gen_async_lite_conv.clock_conv_lite_fwd_ar/handshake/src_clk
    SLICE_X106Y129       FDRE                                         r  lesion_i/video/axi_interconnect_0/m06_couplers/auto_cc/inst/gen_clock_conv.gen_async_lite_conv.clock_conv_lite_fwd_ar/handshake/src_hsdata_ff_reg[5]/C
  -------------------------------------------------------------------    -------------------
    SLICE_X106Y129       FDRE (Prop_fdre_C_Q)         0.419     3.755 r  lesion_i/video/axi_interconnect_0/m06_couplers/auto_cc/inst/gen_clock_conv.gen_async_lite_conv.clock_conv_lite_fwd_ar/handshake/src_hsdata_ff_reg[5]/Q
                         net (fo=1, routed)           0.938     4.693    lesion_i/video/axi_interconnect_0/m06_couplers/auto_cc/inst/gen_clock_conv.gen_async_lite_conv.clock_conv_lite_fwd_ar/handshake/src_hsdata_ff[5]
    SLICE_X107Y129       FDRE                                         r  lesion_i/video/axi_interconnect_0/m06_couplers/auto_cc/inst/gen_clock_conv.gen_async_lite_conv.clock_conv_lite_fwd_ar/handshake/dest_hsdata_ff_reg[5]/D
  -------------------------------------------------------------------    -------------------

                         (clock clk_fpga_1 rise edge)
                                                      0.000     0.000 r  
    PS7_X0Y0             PS7                          0.000     0.000 r  lesion_i/ps7_0/inst/PS7_i/FCLKCLK[1]
                         net (fo=1, routed)           1.088     1.088    lesion_i/ps7_0/inst/FCLK_CLK_unbuffered[1]
    BUFGCTRL_X0Y17       BUFG (Prop_bufg_I_O)         0.091     1.179 r  lesion_i/ps7_0/inst/buffer_fclk_clk_1.FCLK_CLK_1_BUFG/O
                         net (fo=7661, routed)        1.846     3.025    lesion_i/video/axi_interconnect_0/m06_couplers/auto_cc/inst/gen_clock_conv.gen_async_lite_conv.clock_conv_lite_fwd_ar/handshake/dest_clk
    SLICE_X107Y129       FDRE                                         r  lesion_i/video/axi_interconnect_0/m06_couplers/auto_cc/inst/gen_clock_conv.gen_async_lite_conv.clock_conv_lite_fwd_ar/handshake/dest_hsdata_ff_reg[5]/C
                         clock pessimism              0.000     3.025    
    SLICE_X107Y129       FDRE (Setup_fdre_C_D)       -0.234     2.791    lesion_i/video/axi_interconnect_0/m06_couplers/auto_cc/inst/gen_clock_conv.gen_async_lite_conv.clock_conv_lite_fwd_ar/handshake/dest_hsdata_ff_reg[5]
  -------------------------------------------------------------------
                         data arrival                           4.693    
                         clock arrival                          2.791    
  -------------------------------------------------------------------
                         relative delay                         1.902    

Reference path:
    Location             Delay type                Incr(ns)  Path(ns)    Netlist Resource(s)
  -------------------------------------------------------------------    -------------------
                         (clock clk_fpga_0 rise edge)
                                                      0.000     0.000 r  
    PS7_X0Y0             PS7                          0.000     0.000 r  lesion_i/ps7_0/inst/PS7_i/FCLKCLK[0]
                         net (fo=1, routed)           1.088     1.088    lesion_i/ps7_0/inst/FCLK_CLK_unbuffered[0]
    BUFGCTRL_X0Y16       BUFG (Prop_bufg_I_O)         0.091     1.179 r  lesion_i/ps7_0/inst/buffer_fclk_clk_0.FCLK_CLK_0_BUFG/O
                         net (fo=24933, routed)       1.846     3.025    lesion_i/video/axi_interconnect_0/m06_couplers/auto_cc/inst/gen_clock_conv.gen_async_lite_conv.clock_conv_lite_fwd_ar/handshake/src_clk
    SLICE_X106Y129       FDRE                                         r  lesion_i/video/axi_interconnect_0/m06_couplers/auto_cc/inst/gen_clock_conv.gen_async_lite_conv.clock_conv_lite_fwd_ar/handshake/src_hsdata_ff_reg[1]/C
  -------------------------------------------------------------------    -------------------
    SLICE_X106Y129       FDRE (Prop_fdre_C_Q)         0.367     3.392 r  lesion_i/video/axi_interconnect_0/m06_couplers/auto_cc/inst/gen_clock_conv.gen_async_lite_conv.clock_conv_lite_fwd_ar/handshake/src_hsdata_ff_reg[1]/Q
                         net (fo=1, routed)           0.484     3.876    lesion_i/video/axi_interconnect_0/m06_couplers/auto_cc/inst/gen_clock_conv.gen_async_lite_conv.clock_conv_lite_fwd_ar/handshake/src_hsdata_ff[1]
    SLICE_X107Y129       FDRE                                         r  lesion_i/video/axi_interconnect_0/m06_couplers/auto_cc/inst/gen_clock_conv.gen_async_lite_conv.clock_conv_lite_fwd_ar/handshake/dest_hsdata_ff_reg[1]/D
  -------------------------------------------------------------------    -------------------

                         (clock clk_fpga_1 rise edge)
                                                      0.000     0.000 r  
    PS7_X0Y0             PS7                          0.000     0.000 r  lesion_i/ps7_0/inst/PS7_i/FCLKCLK[1]
                         net (fo=1, routed)           1.193     1.193    lesion_i/ps7_0/inst/FCLK_CLK_unbuffered[1]
    BUFGCTRL_X0Y17       BUFG (Prop_bufg_I_O)         0.101     1.294 r  lesion_i/ps7_0/inst/buffer_fclk_clk_1.FCLK_CLK_1_BUFG/O
                         net (fo=7661, routed)        2.042     3.336    lesion_i/video/axi_interconnect_0/m06_couplers/auto_cc/inst/gen_clock_conv.gen_async_lite_conv.clock_conv_lite_fwd_ar/handshake/dest_clk
    SLICE_X107Y129       FDRE                                         r  lesion_i/video/axi_interconnect_0/m06_couplers/auto_cc/inst/gen_clock_conv.gen_async_lite_conv.clock_conv_lite_fwd_ar/handshake/dest_hsdata_ff_reg[1]/C
                         clock pessimism              0.000     3.336    
    SLICE_X107Y129       FDRE (Hold_fdre_C_D)         0.170     3.506    lesion_i/video/axi_interconnect_0/m06_couplers/auto_cc/inst/gen_clock_conv.gen_async_lite_conv.clock_conv_lite_fwd_ar/handshake/dest_hsdata_ff_reg[1]
  -------------------------------------------------------------------
                         data arrival                           3.876    
                         clock arrival                          3.506    
  -------------------------------------------------------------------
                         relative delay                         0.370    



Id: 20
set_bus_skew -from [get_cells [list {lesion_i/video/axi_interconnect_0/m06_couplers/auto_cc/inst/gen_clock_conv.gen_async_lite_conv.clock_conv_lite_fwd_aw/handshake/src_hsdata_ff_reg[5]} {lesion_i/video/axi_interconnect_0/m06_couplers/auto_cc/inst/gen_clock_conv.gen_async_lite_conv.clock_conv_lite_fwd_aw/handshake/src_hsdata_ff_reg[6]} {lesion_i/video/axi_interconnect_0/m06_couplers/auto_cc/inst/gen_clock_conv.gen_async_lite_conv.clock_conv_lite_fwd_aw/handshake/src_hsdata_ff_reg[2]} {lesion_i/video/axi_interconnect_0/m06_couplers/auto_cc/inst/gen_clock_conv.gen_async_lite_conv.clock_conv_lite_fwd_aw/handshake/src_hsdata_ff_reg[3]} {lesion_i/video/axi_interconnect_0/m06_couplers/auto_cc/inst/gen_clock_conv.gen_async_lite_conv.clock_conv_lite_fwd_aw/handshake/src_hsdata_ff_reg[4]}]] -to [get_cells [list {lesion_i/video/axi_interconnect_0/m06_couplers/auto_cc/inst/gen_clock_conv.gen_async_lite_conv.clock_conv_lite_fwd_aw/handshake/dest_hsdata_ff_reg[5]} {lesion_i/video/axi_interconnect_0/m06_couplers/auto_cc/inst/gen_clock_conv.gen_async_lite_conv.clock_conv_lite_fwd_aw/handshake/dest_hsdata_ff_reg[6]} {lesion_i/video/axi_interconnect_0/m06_couplers/auto_cc/inst/gen_clock_conv.gen_async_lite_conv.clock_conv_lite_fwd_aw/handshake/dest_hsdata_ff_reg[2]} {lesion_i/video/axi_interconnect_0/m06_couplers/auto_cc/inst/gen_clock_conv.gen_async_lite_conv.clock_conv_lite_fwd_aw/handshake/dest_hsdata_ff_reg[3]} {lesion_i/video/axi_interconnect_0/m06_couplers/auto_cc/inst/gen_clock_conv.gen_async_lite_conv.clock_conv_lite_fwd_aw/handshake/dest_hsdata_ff_reg[4]}]] 21.000
Requirement: 21.000ns
Endpoints: 5

From Clock            To Clock              Endpoint Pin                    Reference Pin                   Corner  Actual(ns)  Slack(ns)
--------------------  --------------------  ------------------------------  ------------------------------  ------  ----------  ---------
clk_fpga_0            clk_fpga_1            lesion_i/video/axi_interconnect_0/m06_couplers/auto_cc/inst/gen_clock_conv.gen_async_lite_conv.clock_conv_lite_fwd_aw/handshake/dest_hsdata_ff_reg[4]/D
                                                                            lesion_i/video/axi_interconnect_0/m06_couplers/auto_cc/inst/gen_clock_conv.gen_async_lite_conv.clock_conv_lite_fwd_aw/handshake/dest_hsdata_ff_reg[3]/D
                                                                                                            Slow         0.890     20.110


Slack (MET) :             20.110ns  (requirement - actual skew)
  Endpoint Source:        lesion_i/video/axi_interconnect_0/m06_couplers/auto_cc/inst/gen_clock_conv.gen_async_lite_conv.clock_conv_lite_fwd_aw/handshake/src_hsdata_ff_reg[4]/C
                            (rising edge-triggered cell FDRE clocked by clk_fpga_0)
  Endpoint Destination:   lesion_i/video/axi_interconnect_0/m06_couplers/auto_cc/inst/gen_clock_conv.gen_async_lite_conv.clock_conv_lite_fwd_aw/handshake/dest_hsdata_ff_reg[4]/D
                            (rising edge-triggered cell FDRE clocked by clk_fpga_1)
  Reference Source:       lesion_i/video/axi_interconnect_0/m06_couplers/auto_cc/inst/gen_clock_conv.gen_async_lite_conv.clock_conv_lite_fwd_aw/handshake/src_hsdata_ff_reg[3]/C
                            (rising edge-triggered cell FDRE clocked by clk_fpga_0)
  Reference Destination:  lesion_i/video/axi_interconnect_0/m06_couplers/auto_cc/inst/gen_clock_conv.gen_async_lite_conv.clock_conv_lite_fwd_aw/handshake/dest_hsdata_ff_reg[3]/D
                            (rising edge-triggered cell FDRE clocked by clk_fpga_1)
  Path Type:              Bus Skew (Max at Slow Process Corner)
  Requirement:            21.000ns
  Endpoint Relative Delay:    2.014ns
  Reference Relative Delay:   0.502ns
  Relative CRPR:              0.622ns
  Actual Bus Skew:            0.890ns  (Endpoint Relative Delay - Reference Relative Delay - Relative CRPR)

Endpoint path:
    Location             Delay type                Incr(ns)  Path(ns)    Netlist Resource(s)
  -------------------------------------------------------------------    -------------------
                         (clock clk_fpga_0 rise edge)
                                                      0.000     0.000 r  
    PS7_X0Y0             PS7                          0.000     0.000 r  lesion_i/ps7_0/inst/PS7_i/FCLKCLK[0]
                         net (fo=1, routed)           1.193     1.193    lesion_i/ps7_0/inst/FCLK_CLK_unbuffered[0]
    BUFGCTRL_X0Y16       BUFG (Prop_bufg_I_O)         0.101     1.294 r  lesion_i/ps7_0/inst/buffer_fclk_clk_0.FCLK_CLK_0_BUFG/O
                         net (fo=24933, routed)       2.050     3.344    lesion_i/video/axi_interconnect_0/m06_couplers/auto_cc/inst/gen_clock_conv.gen_async_lite_conv.clock_conv_lite_fwd_aw/handshake/src_clk
    SLICE_X113Y134       FDRE                                         r  lesion_i/video/axi_interconnect_0/m06_couplers/auto_cc/inst/gen_clock_conv.gen_async_lite_conv.clock_conv_lite_fwd_aw/handshake/src_hsdata_ff_reg[4]/C
  -------------------------------------------------------------------    -------------------
    SLICE_X113Y134       FDRE (Prop_fdre_C_Q)         0.456     3.800 r  lesion_i/video/axi_interconnect_0/m06_couplers/auto_cc/inst/gen_clock_conv.gen_async_lite_conv.clock_conv_lite_fwd_aw/handshake/src_hsdata_ff_reg[4]/Q
                         net (fo=1, routed)           1.218     5.018    lesion_i/video/axi_interconnect_0/m06_couplers/auto_cc/inst/gen_clock_conv.gen_async_lite_conv.clock_conv_lite_fwd_aw/handshake/src_hsdata_ff[4]
    SLICE_X112Y133       FDRE                                         r  lesion_i/video/axi_interconnect_0/m06_couplers/auto_cc/inst/gen_clock_conv.gen_async_lite_conv.clock_conv_lite_fwd_aw/handshake/dest_hsdata_ff_reg[4]/D
  -------------------------------------------------------------------    -------------------

                         (clock clk_fpga_1 rise edge)
                                                      0.000     0.000 r  
    PS7_X0Y0             PS7                          0.000     0.000 r  lesion_i/ps7_0/inst/PS7_i/FCLKCLK[1]
                         net (fo=1, routed)           1.088     1.088    lesion_i/ps7_0/inst/FCLK_CLK_unbuffered[1]
    BUFGCTRL_X0Y17       BUFG (Prop_bufg_I_O)         0.091     1.179 r  lesion_i/ps7_0/inst/buffer_fclk_clk_1.FCLK_CLK_1_BUFG/O
                         net (fo=7661, routed)        1.853     3.032    lesion_i/video/axi_interconnect_0/m06_couplers/auto_cc/inst/gen_clock_conv.gen_async_lite_conv.clock_conv_lite_fwd_aw/handshake/dest_clk
    SLICE_X112Y133       FDRE                                         r  lesion_i/video/axi_interconnect_0/m06_couplers/auto_cc/inst/gen_clock_conv.gen_async_lite_conv.clock_conv_lite_fwd_aw/handshake/dest_hsdata_ff_reg[4]/C
                         clock pessimism              0.000     3.032    
    SLICE_X112Y133       FDRE (Setup_fdre_C_D)       -0.028     3.004    lesion_i/video/axi_interconnect_0/m06_couplers/auto_cc/inst/gen_clock_conv.gen_async_lite_conv.clock_conv_lite_fwd_aw/handshake/dest_hsdata_ff_reg[4]
  -------------------------------------------------------------------
                         data arrival                           5.018    
                         clock arrival                          3.004    
  -------------------------------------------------------------------
                         relative delay                         2.014    

Reference path:
    Location             Delay type                Incr(ns)  Path(ns)    Netlist Resource(s)
  -------------------------------------------------------------------    -------------------
                         (clock clk_fpga_0 rise edge)
                                                      0.000     0.000 r  
    PS7_X0Y0             PS7                          0.000     0.000 r  lesion_i/ps7_0/inst/PS7_i/FCLKCLK[0]
                         net (fo=1, routed)           1.088     1.088    lesion_i/ps7_0/inst/FCLK_CLK_unbuffered[0]
    BUFGCTRL_X0Y16       BUFG (Prop_bufg_I_O)         0.091     1.179 r  lesion_i/ps7_0/inst/buffer_fclk_clk_0.FCLK_CLK_0_BUFG/O
                         net (fo=24933, routed)       1.854     3.033    lesion_i/video/axi_interconnect_0/m06_couplers/auto_cc/inst/gen_clock_conv.gen_async_lite_conv.clock_conv_lite_fwd_aw/handshake/src_clk
    SLICE_X113Y134       FDRE                                         r  lesion_i/video/axi_interconnect_0/m06_couplers/auto_cc/inst/gen_clock_conv.gen_async_lite_conv.clock_conv_lite_fwd_aw/handshake/src_hsdata_ff_reg[3]/C
  -------------------------------------------------------------------    -------------------
    SLICE_X113Y134       FDRE (Prop_fdre_C_Q)         0.367     3.400 r  lesion_i/video/axi_interconnect_0/m06_couplers/auto_cc/inst/gen_clock_conv.gen_async_lite_conv.clock_conv_lite_fwd_aw/handshake/src_hsdata_ff_reg[3]/Q
                         net (fo=1, routed)           0.677     4.077    lesion_i/video/axi_interconnect_0/m06_couplers/auto_cc/inst/gen_clock_conv.gen_async_lite_conv.clock_conv_lite_fwd_aw/handshake/src_hsdata_ff[3]
    SLICE_X112Y133       FDRE                                         r  lesion_i/video/axi_interconnect_0/m06_couplers/auto_cc/inst/gen_clock_conv.gen_async_lite_conv.clock_conv_lite_fwd_aw/handshake/dest_hsdata_ff_reg[3]/D
  -------------------------------------------------------------------    -------------------

                         (clock clk_fpga_1 rise edge)
                                                      0.000     0.000 r  
    PS7_X0Y0             PS7                          0.000     0.000 r  lesion_i/ps7_0/inst/PS7_i/FCLKCLK[1]
                         net (fo=1, routed)           1.193     1.193    lesion_i/ps7_0/inst/FCLK_CLK_unbuffered[1]
    BUFGCTRL_X0Y17       BUFG (Prop_bufg_I_O)         0.101     1.294 r  lesion_i/ps7_0/inst/buffer_fclk_clk_1.FCLK_CLK_1_BUFG/O
                         net (fo=7661, routed)        2.049     3.343    lesion_i/video/axi_interconnect_0/m06_couplers/auto_cc/inst/gen_clock_conv.gen_async_lite_conv.clock_conv_lite_fwd_aw/handshake/dest_clk
    SLICE_X112Y133       FDRE                                         r  lesion_i/video/axi_interconnect_0/m06_couplers/auto_cc/inst/gen_clock_conv.gen_async_lite_conv.clock_conv_lite_fwd_aw/handshake/dest_hsdata_ff_reg[3]/C
                         clock pessimism              0.000     3.343    
    SLICE_X112Y133       FDRE (Hold_fdre_C_D)         0.232     3.575    lesion_i/video/axi_interconnect_0/m06_couplers/auto_cc/inst/gen_clock_conv.gen_async_lite_conv.clock_conv_lite_fwd_aw/handshake/dest_hsdata_ff_reg[3]
  -------------------------------------------------------------------
                         data arrival                           4.077    
                         clock arrival                          3.575    
  -------------------------------------------------------------------
                         relative delay                         0.502    



Id: 21
set_bus_skew -from [get_cells [list {lesion_i/video/axi_interconnect_0/m06_couplers/auto_cc/inst/gen_clock_conv.gen_async_lite_conv.clock_conv_lite_fwd_w/handshake/src_hsdata_ff_reg[0]} \
          {lesion_i/video/axi_interconnect_0/m06_couplers/auto_cc/inst/gen_clock_conv.gen_async_lite_conv.clock_conv_lite_fwd_w/handshake/src_hsdata_ff_reg[9]} \
          {lesion_i/video/axi_interconnect_0/m06_couplers/auto_cc/inst/gen_clock_conv.gen_async_lite_conv.clock_conv_lite_fwd_w/handshake/src_hsdata_ff_reg[8]} \
          {lesion_i/video/axi_interconnect_0/m06_couplers/auto_cc/inst/gen_clock_conv.gen_async_lite_conv.clock_conv_lite_fwd_w/handshake/src_hsdata_ff_reg[7]} \
          {lesion_i/video/axi_interconnect_0/m06_couplers/auto_cc/inst/gen_clock_conv.gen_async_lite_conv.clock_conv_lite_fwd_w/handshake/src_hsdata_ff_reg[6]} \
          {lesion_i/video/axi_interconnect_0/m06_couplers/auto_cc/inst/gen_clock_conv.gen_async_lite_conv.clock_conv_lite_fwd_w/handshake/src_hsdata_ff_reg[5]} \
          {lesion_i/video/axi_interconnect_0/m06_couplers/auto_cc/inst/gen_clock_conv.gen_async_lite_conv.clock_conv_lite_fwd_w/handshake/src_hsdata_ff_reg[4]} \
          {lesion_i/video/axi_interconnect_0/m06_couplers/auto_cc/inst/gen_clock_conv.gen_async_lite_conv.clock_conv_lite_fwd_w/handshake/src_hsdata_ff_reg[3]} \
          {lesion_i/video/axi_interconnect_0/m06_couplers/auto_cc/inst/gen_clock_conv.gen_async_lite_conv.clock_conv_lite_fwd_w/handshake/src_hsdata_ff_reg[32]} \
          {lesion_i/video/axi_interconnect_0/m06_couplers/auto_cc/inst/gen_clock_conv.gen_async_lite_conv.clock_conv_lite_fwd_w/handshake/src_hsdata_ff_reg[2]} \
          {lesion_i/video/axi_interconnect_0/m06_couplers/auto_cc/inst/gen_clock_conv.gen_async_lite_conv.clock_conv_lite_fwd_w/handshake/src_hsdata_ff_reg[33]} \
          {lesion_i/video/axi_interconnect_0/m06_couplers/auto_cc/inst/gen_clock_conv.gen_async_lite_conv.clock_conv_lite_fwd_w/handshake/src_hsdata_ff_reg[1]}]] -to [get_cells [list {lesion_i/video/axi_interconnect_0/m06_couplers/auto_cc/inst/gen_clock_conv.gen_async_lite_conv.clock_conv_lite_fwd_w/handshake/dest_hsdata_ff_reg[0]} \
          {lesion_i/video/axi_interconnect_0/m06_couplers/auto_cc/inst/gen_clock_conv.gen_async_lite_conv.clock_conv_lite_fwd_w/handshake/dest_hsdata_ff_reg[9]} \
          {lesion_i/video/axi_interconnect_0/m06_couplers/auto_cc/inst/gen_clock_conv.gen_async_lite_conv.clock_conv_lite_fwd_w/handshake/dest_hsdata_ff_reg[8]} \
          {lesion_i/video/axi_interconnect_0/m06_couplers/auto_cc/inst/gen_clock_conv.gen_async_lite_conv.clock_conv_lite_fwd_w/handshake/dest_hsdata_ff_reg[7]} \
          {lesion_i/video/axi_interconnect_0/m06_couplers/auto_cc/inst/gen_clock_conv.gen_async_lite_conv.clock_conv_lite_fwd_w/handshake/dest_hsdata_ff_reg[6]} \
          {lesion_i/video/axi_interconnect_0/m06_couplers/auto_cc/inst/gen_clock_conv.gen_async_lite_conv.clock_conv_lite_fwd_w/handshake/dest_hsdata_ff_reg[5]} \
          {lesion_i/video/axi_interconnect_0/m06_couplers/auto_cc/inst/gen_clock_conv.gen_async_lite_conv.clock_conv_lite_fwd_w/handshake/dest_hsdata_ff_reg[4]} \
          {lesion_i/video/axi_interconnect_0/m06_couplers/auto_cc/inst/gen_clock_conv.gen_async_lite_conv.clock_conv_lite_fwd_w/handshake/dest_hsdata_ff_reg[3]} \
          {lesion_i/video/axi_interconnect_0/m06_couplers/auto_cc/inst/gen_clock_conv.gen_async_lite_conv.clock_conv_lite_fwd_w/handshake/dest_hsdata_ff_reg[32]} \
          {lesion_i/video/axi_interconnect_0/m06_couplers/auto_cc/inst/gen_clock_conv.gen_async_lite_conv.clock_conv_lite_fwd_w/handshake/dest_hsdata_ff_reg[2]} \
          {lesion_i/video/axi_interconnect_0/m06_couplers/auto_cc/inst/gen_clock_conv.gen_async_lite_conv.clock_conv_lite_fwd_w/handshake/dest_hsdata_ff_reg[33]} \
          {lesion_i/video/axi_interconnect_0/m06_couplers/auto_cc/inst/gen_clock_conv.gen_async_lite_conv.clock_conv_lite_fwd_w/handshake/dest_hsdata_ff_reg[1]}]] 21.000
Requirement: 21.000ns
Endpoints: 12

From Clock            To Clock              Endpoint Pin                    Reference Pin                   Corner  Actual(ns)  Slack(ns)
--------------------  --------------------  ------------------------------  ------------------------------  ------  ----------  ---------
clk_fpga_0            clk_fpga_1            lesion_i/video/axi_interconnect_0/m06_couplers/auto_cc/inst/gen_clock_conv.gen_async_lite_conv.clock_conv_lite_fwd_w/handshake/dest_hsdata_ff_reg[6]/D
                                                                            lesion_i/video/axi_interconnect_0/m06_couplers/auto_cc/inst/gen_clock_conv.gen_async_lite_conv.clock_conv_lite_fwd_w/handshake/dest_hsdata_ff_reg[2]/D
                                                                                                            Slow         1.046     19.954


Slack (MET) :             19.954ns  (requirement - actual skew)
  Endpoint Source:        lesion_i/video/axi_interconnect_0/m06_couplers/auto_cc/inst/gen_clock_conv.gen_async_lite_conv.clock_conv_lite_fwd_w/handshake/src_hsdata_ff_reg[6]/C
                            (rising edge-triggered cell FDRE clocked by clk_fpga_0)
  Endpoint Destination:   lesion_i/video/axi_interconnect_0/m06_couplers/auto_cc/inst/gen_clock_conv.gen_async_lite_conv.clock_conv_lite_fwd_w/handshake/dest_hsdata_ff_reg[6]/D
                            (rising edge-triggered cell FDRE clocked by clk_fpga_1)
  Reference Source:       lesion_i/video/axi_interconnect_0/m06_couplers/auto_cc/inst/gen_clock_conv.gen_async_lite_conv.clock_conv_lite_fwd_w/handshake/src_hsdata_ff_reg[2]/C
                            (rising edge-triggered cell FDRE clocked by clk_fpga_0)
  Reference Destination:  lesion_i/video/axi_interconnect_0/m06_couplers/auto_cc/inst/gen_clock_conv.gen_async_lite_conv.clock_conv_lite_fwd_w/handshake/dest_hsdata_ff_reg[2]/D
                            (rising edge-triggered cell FDRE clocked by clk_fpga_1)
  Path Type:              Bus Skew (Max at Slow Process Corner)
  Requirement:            21.000ns
  Endpoint Relative Delay:    1.911ns
  Reference Relative Delay:   0.372ns
  Relative CRPR:              0.494ns
  Actual Bus Skew:            1.046ns  (Endpoint Relative Delay - Reference Relative Delay - Relative CRPR)

Endpoint path:
    Location             Delay type                Incr(ns)  Path(ns)    Netlist Resource(s)
  -------------------------------------------------------------------    -------------------
                         (clock clk_fpga_0 rise edge)
                                                      0.000     0.000 r  
    PS7_X0Y0             PS7                          0.000     0.000 r  lesion_i/ps7_0/inst/PS7_i/FCLKCLK[0]
                         net (fo=1, routed)           1.193     1.193    lesion_i/ps7_0/inst/FCLK_CLK_unbuffered[0]
    BUFGCTRL_X0Y16       BUFG (Prop_bufg_I_O)         0.101     1.294 r  lesion_i/ps7_0/inst/buffer_fclk_clk_0.FCLK_CLK_0_BUFG/O
                         net (fo=24933, routed)       2.038     3.332    lesion_i/video/axi_interconnect_0/m06_couplers/auto_cc/inst/gen_clock_conv.gen_async_lite_conv.clock_conv_lite_fwd_w/handshake/src_clk
    SLICE_X107Y127       FDRE                                         r  lesion_i/video/axi_interconnect_0/m06_couplers/auto_cc/inst/gen_clock_conv.gen_async_lite_conv.clock_conv_lite_fwd_w/handshake/src_hsdata_ff_reg[6]/C
  -------------------------------------------------------------------    -------------------
    SLICE_X107Y127       FDRE (Prop_fdre_C_Q)         0.419     3.751 r  lesion_i/video/axi_interconnect_0/m06_couplers/auto_cc/inst/gen_clock_conv.gen_async_lite_conv.clock_conv_lite_fwd_w/handshake/src_hsdata_ff_reg[6]/Q
                         net (fo=1, routed)           0.949     4.700    lesion_i/video/axi_interconnect_0/m06_couplers/auto_cc/inst/gen_clock_conv.gen_async_lite_conv.clock_conv_lite_fwd_w/handshake/src_hsdata_ff[6]
    SLICE_X106Y127       FDRE                                         r  lesion_i/video/axi_interconnect_0/m06_couplers/auto_cc/inst/gen_clock_conv.gen_async_lite_conv.clock_conv_lite_fwd_w/handshake/dest_hsdata_ff_reg[6]/D
  -------------------------------------------------------------------    -------------------

                         (clock clk_fpga_1 rise edge)
                                                      0.000     0.000 r  
    PS7_X0Y0             PS7                          0.000     0.000 r  lesion_i/ps7_0/inst/PS7_i/FCLKCLK[1]
                         net (fo=1, routed)           1.088     1.088    lesion_i/ps7_0/inst/FCLK_CLK_unbuffered[1]
    BUFGCTRL_X0Y17       BUFG (Prop_bufg_I_O)         0.091     1.179 r  lesion_i/ps7_0/inst/buffer_fclk_clk_1.FCLK_CLK_1_BUFG/O
                         net (fo=7661, routed)        1.843     3.022    lesion_i/video/axi_interconnect_0/m06_couplers/auto_cc/inst/gen_clock_conv.gen_async_lite_conv.clock_conv_lite_fwd_w/handshake/dest_clk
    SLICE_X106Y127       FDRE                                         r  lesion_i/video/axi_interconnect_0/m06_couplers/auto_cc/inst/gen_clock_conv.gen_async_lite_conv.clock_conv_lite_fwd_w/handshake/dest_hsdata_ff_reg[6]/C
                         clock pessimism              0.000     3.022    
    SLICE_X106Y127       FDRE (Setup_fdre_C_D)       -0.234     2.788    lesion_i/video/axi_interconnect_0/m06_couplers/auto_cc/inst/gen_clock_conv.gen_async_lite_conv.clock_conv_lite_fwd_w/handshake/dest_hsdata_ff_reg[6]
  -------------------------------------------------------------------
                         data arrival                           4.700    
                         clock arrival                          2.788    
  -------------------------------------------------------------------
                         relative delay                         1.911    

Reference path:
    Location             Delay type                Incr(ns)  Path(ns)    Netlist Resource(s)
  -------------------------------------------------------------------    -------------------
                         (clock clk_fpga_0 rise edge)
                                                      0.000     0.000 r  
    PS7_X0Y0             PS7                          0.000     0.000 r  lesion_i/ps7_0/inst/PS7_i/FCLKCLK[0]
                         net (fo=1, routed)           1.088     1.088    lesion_i/ps7_0/inst/FCLK_CLK_unbuffered[0]
    BUFGCTRL_X0Y16       BUFG (Prop_bufg_I_O)         0.091     1.179 r  lesion_i/ps7_0/inst/buffer_fclk_clk_0.FCLK_CLK_0_BUFG/O
                         net (fo=24933, routed)       1.843     3.022    lesion_i/video/axi_interconnect_0/m06_couplers/auto_cc/inst/gen_clock_conv.gen_async_lite_conv.clock_conv_lite_fwd_w/handshake/src_clk
    SLICE_X109Y122       FDRE                                         r  lesion_i/video/axi_interconnect_0/m06_couplers/auto_cc/inst/gen_clock_conv.gen_async_lite_conv.clock_conv_lite_fwd_w/handshake/src_hsdata_ff_reg[2]/C
  -------------------------------------------------------------------    -------------------
    SLICE_X109Y122       FDRE (Prop_fdre_C_Q)         0.367     3.389 r  lesion_i/video/axi_interconnect_0/m06_couplers/auto_cc/inst/gen_clock_conv.gen_async_lite_conv.clock_conv_lite_fwd_w/handshake/src_hsdata_ff_reg[2]/Q
                         net (fo=1, routed)           0.554     3.944    lesion_i/video/axi_interconnect_0/m06_couplers/auto_cc/inst/gen_clock_conv.gen_async_lite_conv.clock_conv_lite_fwd_w/handshake/src_hsdata_ff[2]
    SLICE_X108Y124       FDRE                                         r  lesion_i/video/axi_interconnect_0/m06_couplers/auto_cc/inst/gen_clock_conv.gen_async_lite_conv.clock_conv_lite_fwd_w/handshake/dest_hsdata_ff_reg[2]/D
  -------------------------------------------------------------------    -------------------

                         (clock clk_fpga_1 rise edge)
                                                      0.000     0.000 r  
    PS7_X0Y0             PS7                          0.000     0.000 r  lesion_i/ps7_0/inst/PS7_i/FCLKCLK[1]
                         net (fo=1, routed)           1.193     1.193    lesion_i/ps7_0/inst/FCLK_CLK_unbuffered[1]
    BUFGCTRL_X0Y17       BUFG (Prop_bufg_I_O)         0.101     1.294 r  lesion_i/ps7_0/inst/buffer_fclk_clk_1.FCLK_CLK_1_BUFG/O
                         net (fo=7661, routed)        2.035     3.329    lesion_i/video/axi_interconnect_0/m06_couplers/auto_cc/inst/gen_clock_conv.gen_async_lite_conv.clock_conv_lite_fwd_w/handshake/dest_clk
    SLICE_X108Y124       FDRE                                         r  lesion_i/video/axi_interconnect_0/m06_couplers/auto_cc/inst/gen_clock_conv.gen_async_lite_conv.clock_conv_lite_fwd_w/handshake/dest_hsdata_ff_reg[2]/C
                         clock pessimism              0.000     3.329    
    SLICE_X108Y124       FDRE (Hold_fdre_C_D)         0.243     3.572    lesion_i/video/axi_interconnect_0/m06_couplers/auto_cc/inst/gen_clock_conv.gen_async_lite_conv.clock_conv_lite_fwd_w/handshake/dest_hsdata_ff_reg[2]
  -------------------------------------------------------------------
                         data arrival                           3.944    
                         clock arrival                          3.572    
  -------------------------------------------------------------------
                         relative delay                         0.372    



Id: 22
set_bus_skew -from [get_cells [list {lesion_i/video/axi_interconnect_0/m06_couplers/auto_cc/inst/gen_clock_conv.gen_async_lite_conv.clock_conv_lite_resp_b/handshake/src_hsdata_ff_reg[0]} {lesion_i/video/axi_interconnect_0/m06_couplers/auto_cc/inst/gen_clock_conv.gen_async_lite_conv.clock_conv_lite_resp_b/handshake/src_hsdata_ff_reg[1]}]] -to [get_cells [list {lesion_i/video/axi_interconnect_0/m06_couplers/auto_cc/inst/gen_clock_conv.gen_async_lite_conv.clock_conv_lite_resp_b/handshake/dest_hsdata_ff_reg[0]} {lesion_i/video/axi_interconnect_0/m06_couplers/auto_cc/inst/gen_clock_conv.gen_async_lite_conv.clock_conv_lite_resp_b/handshake/dest_hsdata_ff_reg[1]}]] 30.000
Requirement: 30.000ns
Endpoints: 2

From Clock            To Clock              Endpoint Pin                    Reference Pin                   Corner  Actual(ns)  Slack(ns)
--------------------  --------------------  ------------------------------  ------------------------------  ------  ----------  ---------
clk_fpga_1            clk_fpga_0            lesion_i/video/axi_interconnect_0/m06_couplers/auto_cc/inst/gen_clock_conv.gen_async_lite_conv.clock_conv_lite_resp_b/handshake/dest_hsdata_ff_reg[1]/D
                                                                            lesion_i/video/axi_interconnect_0/m06_couplers/auto_cc/inst/gen_clock_conv.gen_async_lite_conv.clock_conv_lite_resp_b/handshake/dest_hsdata_ff_reg[0]/D
                                                                                                            Slow         0.742     29.258


Slack (MET) :             29.258ns  (requirement - actual skew)
  Endpoint Source:        lesion_i/video/axi_interconnect_0/m06_couplers/auto_cc/inst/gen_clock_conv.gen_async_lite_conv.clock_conv_lite_resp_b/handshake/src_hsdata_ff_reg[1]/C
                            (rising edge-triggered cell FDRE clocked by clk_fpga_1)
  Endpoint Destination:   lesion_i/video/axi_interconnect_0/m06_couplers/auto_cc/inst/gen_clock_conv.gen_async_lite_conv.clock_conv_lite_resp_b/handshake/dest_hsdata_ff_reg[1]/D
                            (rising edge-triggered cell FDRE clocked by clk_fpga_0)
  Reference Source:       lesion_i/video/axi_interconnect_0/m06_couplers/auto_cc/inst/gen_clock_conv.gen_async_lite_conv.clock_conv_lite_resp_b/handshake/src_hsdata_ff_reg[0]/C
                            (rising edge-triggered cell FDRE clocked by clk_fpga_1)
  Reference Destination:  lesion_i/video/axi_interconnect_0/m06_couplers/auto_cc/inst/gen_clock_conv.gen_async_lite_conv.clock_conv_lite_resp_b/handshake/dest_hsdata_ff_reg[0]/D
                            (rising edge-triggered cell FDRE clocked by clk_fpga_0)
  Path Type:              Bus Skew (Max at Slow Process Corner)
  Requirement:            30.000ns
  Endpoint Relative Delay:    1.593ns
  Reference Relative Delay:   0.231ns
  Relative CRPR:              0.620ns
  Actual Bus Skew:            0.742ns  (Endpoint Relative Delay - Reference Relative Delay - Relative CRPR)

Endpoint path:
    Location             Delay type                Incr(ns)  Path(ns)    Netlist Resource(s)
  -------------------------------------------------------------------    -------------------
                         (clock clk_fpga_1 rise edge)
                                                      0.000     0.000 r  
    PS7_X0Y0             PS7                          0.000     0.000 r  lesion_i/ps7_0/inst/PS7_i/FCLKCLK[1]
                         net (fo=1, routed)           1.193     1.193    lesion_i/ps7_0/inst/FCLK_CLK_unbuffered[1]
    BUFGCTRL_X0Y17       BUFG (Prop_bufg_I_O)         0.101     1.294 r  lesion_i/ps7_0/inst/buffer_fclk_clk_1.FCLK_CLK_1_BUFG/O
                         net (fo=7661, routed)        2.040     3.334    lesion_i/video/axi_interconnect_0/m06_couplers/auto_cc/inst/gen_clock_conv.gen_async_lite_conv.clock_conv_lite_resp_b/handshake/src_clk
    SLICE_X111Y122       FDRE                                         r  lesion_i/video/axi_interconnect_0/m06_couplers/auto_cc/inst/gen_clock_conv.gen_async_lite_conv.clock_conv_lite_resp_b/handshake/src_hsdata_ff_reg[1]/C
  -------------------------------------------------------------------    -------------------
    SLICE_X111Y122       FDRE (Prop_fdre_C_Q)         0.419     3.753 r  lesion_i/video/axi_interconnect_0/m06_couplers/auto_cc/inst/gen_clock_conv.gen_async_lite_conv.clock_conv_lite_resp_b/handshake/src_hsdata_ff_reg[1]/Q
                         net (fo=2, routed)           0.644     4.397    lesion_i/video/axi_interconnect_0/m06_couplers/auto_cc/inst/gen_clock_conv.gen_async_lite_conv.clock_conv_lite_resp_b/handshake/src_hsdata_ff[1]
    SLICE_X108Y121       FDRE                                         r  lesion_i/video/axi_interconnect_0/m06_couplers/auto_cc/inst/gen_clock_conv.gen_async_lite_conv.clock_conv_lite_resp_b/handshake/dest_hsdata_ff_reg[1]/D
  -------------------------------------------------------------------    -------------------

                         (clock clk_fpga_0 rise edge)
                                                      0.000     0.000 r  
    PS7_X0Y0             PS7                          0.000     0.000 r  lesion_i/ps7_0/inst/PS7_i/FCLKCLK[0]
                         net (fo=1, routed)           1.088     1.088    lesion_i/ps7_0/inst/FCLK_CLK_unbuffered[0]
    BUFGCTRL_X0Y16       BUFG (Prop_bufg_I_O)         0.091     1.179 r  lesion_i/ps7_0/inst/buffer_fclk_clk_0.FCLK_CLK_0_BUFG/O
                         net (fo=24933, routed)       1.845     3.024    lesion_i/video/axi_interconnect_0/m06_couplers/auto_cc/inst/gen_clock_conv.gen_async_lite_conv.clock_conv_lite_resp_b/handshake/dest_clk
    SLICE_X108Y121       FDRE                                         r  lesion_i/video/axi_interconnect_0/m06_couplers/auto_cc/inst/gen_clock_conv.gen_async_lite_conv.clock_conv_lite_resp_b/handshake/dest_hsdata_ff_reg[1]/C
                         clock pessimism              0.000     3.024    
    SLICE_X108Y121       FDRE (Setup_fdre_C_D)       -0.220     2.804    lesion_i/video/axi_interconnect_0/m06_couplers/auto_cc/inst/gen_clock_conv.gen_async_lite_conv.clock_conv_lite_resp_b/handshake/dest_hsdata_ff_reg[1]
  -------------------------------------------------------------------
                         data arrival                           4.397    
                         clock arrival                          2.804    
  -------------------------------------------------------------------
                         relative delay                         1.593    

Reference path:
    Location             Delay type                Incr(ns)  Path(ns)    Netlist Resource(s)
  -------------------------------------------------------------------    -------------------
                         (clock clk_fpga_1 rise edge)
                                                      0.000     0.000 r  
    PS7_X0Y0             PS7                          0.000     0.000 r  lesion_i/ps7_0/inst/PS7_i/FCLKCLK[1]
                         net (fo=1, routed)           1.088     1.088    lesion_i/ps7_0/inst/FCLK_CLK_unbuffered[1]
    BUFGCTRL_X0Y17       BUFG (Prop_bufg_I_O)         0.091     1.179 r  lesion_i/ps7_0/inst/buffer_fclk_clk_1.FCLK_CLK_1_BUFG/O
                         net (fo=7661, routed)        1.846     3.025    lesion_i/video/axi_interconnect_0/m06_couplers/auto_cc/inst/gen_clock_conv.gen_async_lite_conv.clock_conv_lite_resp_b/handshake/src_clk
    SLICE_X111Y122       FDRE                                         r  lesion_i/video/axi_interconnect_0/m06_couplers/auto_cc/inst/gen_clock_conv.gen_async_lite_conv.clock_conv_lite_resp_b/handshake/src_hsdata_ff_reg[0]/C
  -------------------------------------------------------------------    -------------------
    SLICE_X111Y122       FDRE (Prop_fdre_C_Q)         0.367     3.392 r  lesion_i/video/axi_interconnect_0/m06_couplers/auto_cc/inst/gen_clock_conv.gen_async_lite_conv.clock_conv_lite_resp_b/handshake/src_hsdata_ff_reg[0]/Q
                         net (fo=2, routed)           0.416     3.809    lesion_i/video/axi_interconnect_0/m06_couplers/auto_cc/inst/gen_clock_conv.gen_async_lite_conv.clock_conv_lite_resp_b/handshake/src_hsdata_ff[0]
    SLICE_X108Y121       FDRE                                         r  lesion_i/video/axi_interconnect_0/m06_couplers/auto_cc/inst/gen_clock_conv.gen_async_lite_conv.clock_conv_lite_resp_b/handshake/dest_hsdata_ff_reg[0]/D
  -------------------------------------------------------------------    -------------------

                         (clock clk_fpga_0 rise edge)
                                                      0.000     0.000 r  
    PS7_X0Y0             PS7                          0.000     0.000 r  lesion_i/ps7_0/inst/PS7_i/FCLKCLK[0]
                         net (fo=1, routed)           1.193     1.193    lesion_i/ps7_0/inst/FCLK_CLK_unbuffered[0]
    BUFGCTRL_X0Y16       BUFG (Prop_bufg_I_O)         0.101     1.294 r  lesion_i/ps7_0/inst/buffer_fclk_clk_0.FCLK_CLK_0_BUFG/O
                         net (fo=24933, routed)       2.041     3.335    lesion_i/video/axi_interconnect_0/m06_couplers/auto_cc/inst/gen_clock_conv.gen_async_lite_conv.clock_conv_lite_resp_b/handshake/dest_clk
    SLICE_X108Y121       FDRE                                         r  lesion_i/video/axi_interconnect_0/m06_couplers/auto_cc/inst/gen_clock_conv.gen_async_lite_conv.clock_conv_lite_resp_b/handshake/dest_hsdata_ff_reg[0]/C
                         clock pessimism              0.000     3.335    
    SLICE_X108Y121       FDRE (Hold_fdre_C_D)         0.243     3.578    lesion_i/video/axi_interconnect_0/m06_couplers/auto_cc/inst/gen_clock_conv.gen_async_lite_conv.clock_conv_lite_resp_b/handshake/dest_hsdata_ff_reg[0]
  -------------------------------------------------------------------
                         data arrival                           3.809    
                         clock arrival                          3.578    
  -------------------------------------------------------------------
                         relative delay                         0.231    



Id: 23
set_bus_skew -from [get_cells [list {lesion_i/video/axi_interconnect_0/m06_couplers/auto_cc/inst/gen_clock_conv.gen_async_lite_conv.clock_conv_lite_resp_r/handshake/src_hsdata_ff_reg[0]} \
          {lesion_i/video/axi_interconnect_0/m06_couplers/auto_cc/inst/gen_clock_conv.gen_async_lite_conv.clock_conv_lite_resp_r/handshake/src_hsdata_ff_reg[10]} \
          {lesion_i/video/axi_interconnect_0/m06_couplers/auto_cc/inst/gen_clock_conv.gen_async_lite_conv.clock_conv_lite_resp_r/handshake/src_hsdata_ff_reg[11]} \
          {lesion_i/video/axi_interconnect_0/m06_couplers/auto_cc/inst/gen_clock_conv.gen_async_lite_conv.clock_conv_lite_resp_r/handshake/src_hsdata_ff_reg[12]} \
          {lesion_i/video/axi_interconnect_0/m06_couplers/auto_cc/inst/gen_clock_conv.gen_async_lite_conv.clock_conv_lite_resp_r/handshake/src_hsdata_ff_reg[13]} \
          {lesion_i/video/axi_interconnect_0/m06_couplers/auto_cc/inst/gen_clock_conv.gen_async_lite_conv.clock_conv_lite_resp_r/handshake/src_hsdata_ff_reg[14]} \
          {lesion_i/video/axi_interconnect_0/m06_couplers/auto_cc/inst/gen_clock_conv.gen_async_lite_conv.clock_conv_lite_resp_r/handshake/src_hsdata_ff_reg[15]} \
          {lesion_i/video/axi_interconnect_0/m06_couplers/auto_cc/inst/gen_clock_conv.gen_async_lite_conv.clock_conv_lite_resp_r/handshake/src_hsdata_ff_reg[16]} \
          {lesion_i/video/axi_interconnect_0/m06_couplers/auto_cc/inst/gen_clock_conv.gen_async_lite_conv.clock_conv_lite_resp_r/handshake/src_hsdata_ff_reg[17]} \
          {lesion_i/video/axi_interconnect_0/m06_couplers/auto_cc/inst/gen_clock_conv.gen_async_lite_conv.clock_conv_lite_resp_r/handshake/src_hsdata_ff_reg[18]} \
          {lesion_i/video/axi_interconnect_0/m06_couplers/auto_cc/inst/gen_clock_conv.gen_async_lite_conv.clock_conv_lite_resp_r/handshake/src_hsdata_ff_reg[19]} \
          {lesion_i/video/axi_interconnect_0/m06_couplers/auto_cc/inst/gen_clock_conv.gen_async_lite_conv.clock_conv_lite_resp_r/handshake/src_hsdata_ff_reg[1]} \
          {lesion_i/video/axi_interconnect_0/m06_couplers/auto_cc/inst/gen_clock_conv.gen_async_lite_conv.clock_conv_lite_resp_r/handshake/src_hsdata_ff_reg[20]} \
          {lesion_i/video/axi_interconnect_0/m06_couplers/auto_cc/inst/gen_clock_conv.gen_async_lite_conv.clock_conv_lite_resp_r/handshake/src_hsdata_ff_reg[21]} \
          {lesion_i/video/axi_interconnect_0/m06_couplers/auto_cc/inst/gen_clock_conv.gen_async_lite_conv.clock_conv_lite_resp_r/handshake/src_hsdata_ff_reg[22]} \
          {lesion_i/video/axi_interconnect_0/m06_couplers/auto_cc/inst/gen_clock_conv.gen_async_lite_conv.clock_conv_lite_resp_r/handshake/src_hsdata_ff_reg[23]} \
          {lesion_i/video/axi_interconnect_0/m06_couplers/auto_cc/inst/gen_clock_conv.gen_async_lite_conv.clock_conv_lite_resp_r/handshake/src_hsdata_ff_reg[24]} \
          {lesion_i/video/axi_interconnect_0/m06_couplers/auto_cc/inst/gen_clock_conv.gen_async_lite_conv.clock_conv_lite_resp_r/handshake/src_hsdata_ff_reg[25]} \
          {lesion_i/video/axi_interconnect_0/m06_couplers/auto_cc/inst/gen_clock_conv.gen_async_lite_conv.clock_conv_lite_resp_r/handshake/src_hsdata_ff_reg[26]} \
          {lesion_i/video/axi_interconnect_0/m06_couplers/auto_cc/inst/gen_clock_conv.gen_async_lite_conv.clock_conv_lite_resp_r/handshake/src_hsdata_ff_reg[27]} \
          {lesion_i/video/axi_interconnect_0/m06_couplers/auto_cc/inst/gen_clock_conv.gen_async_lite_conv.clock_conv_lite_resp_r/handshake/src_hsdata_ff_reg[28]} \
          {lesion_i/video/axi_interconnect_0/m06_couplers/auto_cc/inst/gen_clock_conv.gen_async_lite_conv.clock_conv_lite_resp_r/handshake/src_hsdata_ff_reg[29]} \
          {lesion_i/video/axi_interconnect_0/m06_couplers/auto_cc/inst/gen_clock_conv.gen_async_lite_conv.clock_conv_lite_resp_r/handshake/src_hsdata_ff_reg[2]} \
          {lesion_i/video/axi_interconnect_0/m06_couplers/auto_cc/inst/gen_clock_conv.gen_async_lite_conv.clock_conv_lite_resp_r/handshake/src_hsdata_ff_reg[30]} \
          {lesion_i/video/axi_interconnect_0/m06_couplers/auto_cc/inst/gen_clock_conv.gen_async_lite_conv.clock_conv_lite_resp_r/handshake/src_hsdata_ff_reg[31]} \
          {lesion_i/video/axi_interconnect_0/m06_couplers/auto_cc/inst/gen_clock_conv.gen_async_lite_conv.clock_conv_lite_resp_r/handshake/src_hsdata_ff_reg[32]} \
          {lesion_i/video/axi_interconnect_0/m06_couplers/auto_cc/inst/gen_clock_conv.gen_async_lite_conv.clock_conv_lite_resp_r/handshake/src_hsdata_ff_reg[33]} \
          {lesion_i/video/axi_interconnect_0/m06_couplers/auto_cc/inst/gen_clock_conv.gen_async_lite_conv.clock_conv_lite_resp_r/handshake/src_hsdata_ff_reg[3]} \
          {lesion_i/video/axi_interconnect_0/m06_couplers/auto_cc/inst/gen_clock_conv.gen_async_lite_conv.clock_conv_lite_resp_r/handshake/src_hsdata_ff_reg[4]} \
          {lesion_i/video/axi_interconnect_0/m06_couplers/auto_cc/inst/gen_clock_conv.gen_async_lite_conv.clock_conv_lite_resp_r/handshake/src_hsdata_ff_reg[5]} \
          {lesion_i/video/axi_interconnect_0/m06_couplers/auto_cc/inst/gen_clock_conv.gen_async_lite_conv.clock_conv_lite_resp_r/handshake/src_hsdata_ff_reg[6]} \
          {lesion_i/video/axi_interconnect_0/m06_couplers/auto_cc/inst/gen_clock_conv.gen_async_lite_conv.clock_conv_lite_resp_r/handshake/src_hsdata_ff_reg[7]} \
          {lesion_i/video/axi_interconnect_0/m06_couplers/auto_cc/inst/gen_clock_conv.gen_async_lite_conv.clock_conv_lite_resp_r/handshake/src_hsdata_ff_reg[8]} \
          {lesion_i/video/axi_interconnect_0/m06_couplers/auto_cc/inst/gen_clock_conv.gen_async_lite_conv.clock_conv_lite_resp_r/handshake/src_hsdata_ff_reg[9]}]] -to [get_cells [list {lesion_i/video/axi_interconnect_0/m06_couplers/auto_cc/inst/gen_clock_conv.gen_async_lite_conv.clock_conv_lite_resp_r/handshake/dest_hsdata_ff_reg[0]} \
          {lesion_i/video/axi_interconnect_0/m06_couplers/auto_cc/inst/gen_clock_conv.gen_async_lite_conv.clock_conv_lite_resp_r/handshake/dest_hsdata_ff_reg[10]} \
          {lesion_i/video/axi_interconnect_0/m06_couplers/auto_cc/inst/gen_clock_conv.gen_async_lite_conv.clock_conv_lite_resp_r/handshake/dest_hsdata_ff_reg[11]} \
          {lesion_i/video/axi_interconnect_0/m06_couplers/auto_cc/inst/gen_clock_conv.gen_async_lite_conv.clock_conv_lite_resp_r/handshake/dest_hsdata_ff_reg[12]} \
          {lesion_i/video/axi_interconnect_0/m06_couplers/auto_cc/inst/gen_clock_conv.gen_async_lite_conv.clock_conv_lite_resp_r/handshake/dest_hsdata_ff_reg[13]} \
          {lesion_i/video/axi_interconnect_0/m06_couplers/auto_cc/inst/gen_clock_conv.gen_async_lite_conv.clock_conv_lite_resp_r/handshake/dest_hsdata_ff_reg[14]} \
          {lesion_i/video/axi_interconnect_0/m06_couplers/auto_cc/inst/gen_clock_conv.gen_async_lite_conv.clock_conv_lite_resp_r/handshake/dest_hsdata_ff_reg[15]} \
          {lesion_i/video/axi_interconnect_0/m06_couplers/auto_cc/inst/gen_clock_conv.gen_async_lite_conv.clock_conv_lite_resp_r/handshake/dest_hsdata_ff_reg[16]} \
          {lesion_i/video/axi_interconnect_0/m06_couplers/auto_cc/inst/gen_clock_conv.gen_async_lite_conv.clock_conv_lite_resp_r/handshake/dest_hsdata_ff_reg[17]} \
          {lesion_i/video/axi_interconnect_0/m06_couplers/auto_cc/inst/gen_clock_conv.gen_async_lite_conv.clock_conv_lite_resp_r/handshake/dest_hsdata_ff_reg[18]} \
          {lesion_i/video/axi_interconnect_0/m06_couplers/auto_cc/inst/gen_clock_conv.gen_async_lite_conv.clock_conv_lite_resp_r/handshake/dest_hsdata_ff_reg[19]} \
          {lesion_i/video/axi_interconnect_0/m06_couplers/auto_cc/inst/gen_clock_conv.gen_async_lite_conv.clock_conv_lite_resp_r/handshake/dest_hsdata_ff_reg[1]} \
          {lesion_i/video/axi_interconnect_0/m06_couplers/auto_cc/inst/gen_clock_conv.gen_async_lite_conv.clock_conv_lite_resp_r/handshake/dest_hsdata_ff_reg[20]} \
          {lesion_i/video/axi_interconnect_0/m06_couplers/auto_cc/inst/gen_clock_conv.gen_async_lite_conv.clock_conv_lite_resp_r/handshake/dest_hsdata_ff_reg[21]} \
          {lesion_i/video/axi_interconnect_0/m06_couplers/auto_cc/inst/gen_clock_conv.gen_async_lite_conv.clock_conv_lite_resp_r/handshake/dest_hsdata_ff_reg[22]} \
          {lesion_i/video/axi_interconnect_0/m06_couplers/auto_cc/inst/gen_clock_conv.gen_async_lite_conv.clock_conv_lite_resp_r/handshake/dest_hsdata_ff_reg[23]} \
          {lesion_i/video/axi_interconnect_0/m06_couplers/auto_cc/inst/gen_clock_conv.gen_async_lite_conv.clock_conv_lite_resp_r/handshake/dest_hsdata_ff_reg[24]} \
          {lesion_i/video/axi_interconnect_0/m06_couplers/auto_cc/inst/gen_clock_conv.gen_async_lite_conv.clock_conv_lite_resp_r/handshake/dest_hsdata_ff_reg[25]} \
          {lesion_i/video/axi_interconnect_0/m06_couplers/auto_cc/inst/gen_clock_conv.gen_async_lite_conv.clock_conv_lite_resp_r/handshake/dest_hsdata_ff_reg[26]} \
          {lesion_i/video/axi_interconnect_0/m06_couplers/auto_cc/inst/gen_clock_conv.gen_async_lite_conv.clock_conv_lite_resp_r/handshake/dest_hsdata_ff_reg[27]} \
          {lesion_i/video/axi_interconnect_0/m06_couplers/auto_cc/inst/gen_clock_conv.gen_async_lite_conv.clock_conv_lite_resp_r/handshake/dest_hsdata_ff_reg[28]} \
          {lesion_i/video/axi_interconnect_0/m06_couplers/auto_cc/inst/gen_clock_conv.gen_async_lite_conv.clock_conv_lite_resp_r/handshake/dest_hsdata_ff_reg[29]} \
          {lesion_i/video/axi_interconnect_0/m06_couplers/auto_cc/inst/gen_clock_conv.gen_async_lite_conv.clock_conv_lite_resp_r/handshake/dest_hsdata_ff_reg[2]} \
          {lesion_i/video/axi_interconnect_0/m06_couplers/auto_cc/inst/gen_clock_conv.gen_async_lite_conv.clock_conv_lite_resp_r/handshake/dest_hsdata_ff_reg[30]} \
          {lesion_i/video/axi_interconnect_0/m06_couplers/auto_cc/inst/gen_clock_conv.gen_async_lite_conv.clock_conv_lite_resp_r/handshake/dest_hsdata_ff_reg[31]} \
          {lesion_i/video/axi_interconnect_0/m06_couplers/auto_cc/inst/gen_clock_conv.gen_async_lite_conv.clock_conv_lite_resp_r/handshake/dest_hsdata_ff_reg[32]} \
          {lesion_i/video/axi_interconnect_0/m06_couplers/auto_cc/inst/gen_clock_conv.gen_async_lite_conv.clock_conv_lite_resp_r/handshake/dest_hsdata_ff_reg[33]} \
          {lesion_i/video/axi_interconnect_0/m06_couplers/auto_cc/inst/gen_clock_conv.gen_async_lite_conv.clock_conv_lite_resp_r/handshake/dest_hsdata_ff_reg[3]} \
          {lesion_i/video/axi_interconnect_0/m06_couplers/auto_cc/inst/gen_clock_conv.gen_async_lite_conv.clock_conv_lite_resp_r/handshake/dest_hsdata_ff_reg[4]} \
          {lesion_i/video/axi_interconnect_0/m06_couplers/auto_cc/inst/gen_clock_conv.gen_async_lite_conv.clock_conv_lite_resp_r/handshake/dest_hsdata_ff_reg[5]} \
          {lesion_i/video/axi_interconnect_0/m06_couplers/auto_cc/inst/gen_clock_conv.gen_async_lite_conv.clock_conv_lite_resp_r/handshake/dest_hsdata_ff_reg[6]} \
          {lesion_i/video/axi_interconnect_0/m06_couplers/auto_cc/inst/gen_clock_conv.gen_async_lite_conv.clock_conv_lite_resp_r/handshake/dest_hsdata_ff_reg[7]} \
          {lesion_i/video/axi_interconnect_0/m06_couplers/auto_cc/inst/gen_clock_conv.gen_async_lite_conv.clock_conv_lite_resp_r/handshake/dest_hsdata_ff_reg[8]} \
          {lesion_i/video/axi_interconnect_0/m06_couplers/auto_cc/inst/gen_clock_conv.gen_async_lite_conv.clock_conv_lite_resp_r/handshake/dest_hsdata_ff_reg[9]}]] 30.000
Requirement: 30.000ns
Endpoints: 34

From Clock            To Clock              Endpoint Pin                    Reference Pin                   Corner  Actual(ns)  Slack(ns)
--------------------  --------------------  ------------------------------  ------------------------------  ------  ----------  ---------
clk_fpga_1            clk_fpga_0            lesion_i/video/axi_interconnect_0/m06_couplers/auto_cc/inst/gen_clock_conv.gen_async_lite_conv.clock_conv_lite_resp_r/handshake/dest_hsdata_ff_reg[27]/D
                                                                            lesion_i/video/axi_interconnect_0/m06_couplers/auto_cc/inst/gen_clock_conv.gen_async_lite_conv.clock_conv_lite_resp_r/handshake/dest_hsdata_ff_reg[1]/D
                                                                                                            Slow         1.318     28.682


Slack (MET) :             28.682ns  (requirement - actual skew)
  Endpoint Source:        lesion_i/video/axi_interconnect_0/m06_couplers/auto_cc/inst/gen_clock_conv.gen_async_lite_conv.clock_conv_lite_resp_r/handshake/src_hsdata_ff_reg[27]/C
                            (rising edge-triggered cell FDRE clocked by clk_fpga_1)
  Endpoint Destination:   lesion_i/video/axi_interconnect_0/m06_couplers/auto_cc/inst/gen_clock_conv.gen_async_lite_conv.clock_conv_lite_resp_r/handshake/dest_hsdata_ff_reg[27]/D
                            (rising edge-triggered cell FDRE clocked by clk_fpga_0)
  Reference Source:       lesion_i/video/axi_interconnect_0/m06_couplers/auto_cc/inst/gen_clock_conv.gen_async_lite_conv.clock_conv_lite_resp_r/handshake/src_hsdata_ff_reg[1]/C
                            (rising edge-triggered cell FDRE clocked by clk_fpga_1)
  Reference Destination:  lesion_i/video/axi_interconnect_0/m06_couplers/auto_cc/inst/gen_clock_conv.gen_async_lite_conv.clock_conv_lite_resp_r/handshake/dest_hsdata_ff_reg[1]/D
                            (rising edge-triggered cell FDRE clocked by clk_fpga_0)
  Path Type:              Bus Skew (Max at Slow Process Corner)
  Requirement:            30.000ns
  Endpoint Relative Delay:    2.050ns
  Reference Relative Delay:   0.239ns
  Relative CRPR:              0.494ns
  Actual Bus Skew:            1.318ns  (Endpoint Relative Delay - Reference Relative Delay - Relative CRPR)

Endpoint path:
    Location             Delay type                Incr(ns)  Path(ns)    Netlist Resource(s)
  -------------------------------------------------------------------    -------------------
                         (clock clk_fpga_1 rise edge)
                                                      0.000     0.000 r  
    PS7_X0Y0             PS7                          0.000     0.000 r  lesion_i/ps7_0/inst/PS7_i/FCLKCLK[1]
                         net (fo=1, routed)           1.193     1.193    lesion_i/ps7_0/inst/FCLK_CLK_unbuffered[1]
    BUFGCTRL_X0Y17       BUFG (Prop_bufg_I_O)         0.101     1.294 r  lesion_i/ps7_0/inst/buffer_fclk_clk_1.FCLK_CLK_1_BUFG/O
                         net (fo=7661, routed)        1.904     3.198    lesion_i/video/axi_interconnect_0/m06_couplers/auto_cc/inst/gen_clock_conv.gen_async_lite_conv.clock_conv_lite_resp_r/handshake/src_clk
    SLICE_X66Y138        FDRE                                         r  lesion_i/video/axi_interconnect_0/m06_couplers/auto_cc/inst/gen_clock_conv.gen_async_lite_conv.clock_conv_lite_resp_r/handshake/src_hsdata_ff_reg[27]/C
  -------------------------------------------------------------------    -------------------
    SLICE_X66Y138        FDRE (Prop_fdre_C_Q)         0.518     3.716 r  lesion_i/video/axi_interconnect_0/m06_couplers/auto_cc/inst/gen_clock_conv.gen_async_lite_conv.clock_conv_lite_resp_r/handshake/src_hsdata_ff_reg[27]/Q
                         net (fo=1, routed)           1.196     4.912    lesion_i/video/axi_interconnect_0/m06_couplers/auto_cc/inst/gen_clock_conv.gen_async_lite_conv.clock_conv_lite_resp_r/handshake/src_hsdata_ff[27]
    SLICE_X66Y137        FDRE                                         r  lesion_i/video/axi_interconnect_0/m06_couplers/auto_cc/inst/gen_clock_conv.gen_async_lite_conv.clock_conv_lite_resp_r/handshake/dest_hsdata_ff_reg[27]/D
  -------------------------------------------------------------------    -------------------

                         (clock clk_fpga_0 rise edge)
                                                      0.000     0.000 r  
    PS7_X0Y0             PS7                          0.000     0.000 r  lesion_i/ps7_0/inst/PS7_i/FCLKCLK[0]
                         net (fo=1, routed)           1.088     1.088    lesion_i/ps7_0/inst/FCLK_CLK_unbuffered[0]
    BUFGCTRL_X0Y16       BUFG (Prop_bufg_I_O)         0.091     1.179 r  lesion_i/ps7_0/inst/buffer_fclk_clk_0.FCLK_CLK_0_BUFG/O
                         net (fo=24933, routed)       1.711     2.890    lesion_i/video/axi_interconnect_0/m06_couplers/auto_cc/inst/gen_clock_conv.gen_async_lite_conv.clock_conv_lite_resp_r/handshake/dest_clk
    SLICE_X66Y137        FDRE                                         r  lesion_i/video/axi_interconnect_0/m06_couplers/auto_cc/inst/gen_clock_conv.gen_async_lite_conv.clock_conv_lite_resp_r/handshake/dest_hsdata_ff_reg[27]/C
                         clock pessimism              0.000     2.890    
    SLICE_X66Y137        FDRE (Setup_fdre_C_D)       -0.028     2.862    lesion_i/video/axi_interconnect_0/m06_couplers/auto_cc/inst/gen_clock_conv.gen_async_lite_conv.clock_conv_lite_resp_r/handshake/dest_hsdata_ff_reg[27]
  -------------------------------------------------------------------
                         data arrival                           4.912    
                         clock arrival                          2.862    
  -------------------------------------------------------------------
                         relative delay                         2.050    

Reference path:
    Location             Delay type                Incr(ns)  Path(ns)    Netlist Resource(s)
  -------------------------------------------------------------------    -------------------
                         (clock clk_fpga_1 rise edge)
                                                      0.000     0.000 r  
    PS7_X0Y0             PS7                          0.000     0.000 r  lesion_i/ps7_0/inst/PS7_i/FCLKCLK[1]
                         net (fo=1, routed)           1.088     1.088    lesion_i/ps7_0/inst/FCLK_CLK_unbuffered[1]
    BUFGCTRL_X0Y17       BUFG (Prop_bufg_I_O)         0.091     1.179 r  lesion_i/ps7_0/inst/buffer_fclk_clk_1.FCLK_CLK_1_BUFG/O
                         net (fo=7661, routed)        1.765     2.944    lesion_i/video/axi_interconnect_0/m06_couplers/auto_cc/inst/gen_clock_conv.gen_async_lite_conv.clock_conv_lite_resp_r/handshake/src_clk
    SLICE_X97Y125        FDRE                                         r  lesion_i/video/axi_interconnect_0/m06_couplers/auto_cc/inst/gen_clock_conv.gen_async_lite_conv.clock_conv_lite_resp_r/handshake/src_hsdata_ff_reg[1]/C
  -------------------------------------------------------------------    -------------------
    SLICE_X97Y125        FDRE (Prop_fdre_C_Q)         0.367     3.311 r  lesion_i/video/axi_interconnect_0/m06_couplers/auto_cc/inst/gen_clock_conv.gen_async_lite_conv.clock_conv_lite_resp_r/handshake/src_hsdata_ff_reg[1]/Q
                         net (fo=1, routed)           0.422     3.734    lesion_i/video/axi_interconnect_0/m06_couplers/auto_cc/inst/gen_clock_conv.gen_async_lite_conv.clock_conv_lite_resp_r/handshake/src_hsdata_ff[1]
    SLICE_X96Y123        FDRE                                         r  lesion_i/video/axi_interconnect_0/m06_couplers/auto_cc/inst/gen_clock_conv.gen_async_lite_conv.clock_conv_lite_resp_r/handshake/dest_hsdata_ff_reg[1]/D
  -------------------------------------------------------------------    -------------------

                         (clock clk_fpga_0 rise edge)
                                                      0.000     0.000 r  
    PS7_X0Y0             PS7                          0.000     0.000 r  lesion_i/ps7_0/inst/PS7_i/FCLKCLK[0]
                         net (fo=1, routed)           1.193     1.193    lesion_i/ps7_0/inst/FCLK_CLK_unbuffered[0]
    BUFGCTRL_X0Y16       BUFG (Prop_bufg_I_O)         0.101     1.294 r  lesion_i/ps7_0/inst/buffer_fclk_clk_0.FCLK_CLK_0_BUFG/O
                         net (fo=24933, routed)       1.958     3.252    lesion_i/video/axi_interconnect_0/m06_couplers/auto_cc/inst/gen_clock_conv.gen_async_lite_conv.clock_conv_lite_resp_r/handshake/dest_clk
    SLICE_X96Y123        FDRE                                         r  lesion_i/video/axi_interconnect_0/m06_couplers/auto_cc/inst/gen_clock_conv.gen_async_lite_conv.clock_conv_lite_resp_r/handshake/dest_hsdata_ff_reg[1]/C
                         clock pessimism              0.000     3.252    
    SLICE_X96Y123        FDRE (Hold_fdre_C_D)         0.243     3.495    lesion_i/video/axi_interconnect_0/m06_couplers/auto_cc/inst/gen_clock_conv.gen_async_lite_conv.clock_conv_lite_resp_r/handshake/dest_hsdata_ff_reg[1]
  -------------------------------------------------------------------
                         data arrival                           3.734    
                         clock arrival                          3.495    
  -------------------------------------------------------------------
                         relative delay                         0.239    



Id: 24
set_bus_skew -from [get_cells [list {lesion_i/video/axi_interconnect_0/m07_couplers/auto_cc/inst/gen_clock_conv.gen_async_lite_conv.clock_conv_lite_fwd_ar/handshake/src_hsdata_ff_reg[0]} {lesion_i/video/axi_interconnect_0/m07_couplers/auto_cc/inst/gen_clock_conv.gen_async_lite_conv.clock_conv_lite_fwd_ar/handshake/src_hsdata_ff_reg[1]} {lesion_i/video/axi_interconnect_0/m07_couplers/auto_cc/inst/gen_clock_conv.gen_async_lite_conv.clock_conv_lite_fwd_ar/handshake/src_hsdata_ff_reg[2]} {lesion_i/video/axi_interconnect_0/m07_couplers/auto_cc/inst/gen_clock_conv.gen_async_lite_conv.clock_conv_lite_fwd_ar/handshake/src_hsdata_ff_reg[3]} {lesion_i/video/axi_interconnect_0/m07_couplers/auto_cc/inst/gen_clock_conv.gen_async_lite_conv.clock_conv_lite_fwd_ar/handshake/src_hsdata_ff_reg[4]}]] -to [get_cells [list {lesion_i/video/axi_interconnect_0/m07_couplers/auto_cc/inst/gen_clock_conv.gen_async_lite_conv.clock_conv_lite_fwd_ar/handshake/dest_hsdata_ff_reg[0]} {lesion_i/video/axi_interconnect_0/m07_couplers/auto_cc/inst/gen_clock_conv.gen_async_lite_conv.clock_conv_lite_fwd_ar/handshake/dest_hsdata_ff_reg[1]} {lesion_i/video/axi_interconnect_0/m07_couplers/auto_cc/inst/gen_clock_conv.gen_async_lite_conv.clock_conv_lite_fwd_ar/handshake/dest_hsdata_ff_reg[2]} {lesion_i/video/axi_interconnect_0/m07_couplers/auto_cc/inst/gen_clock_conv.gen_async_lite_conv.clock_conv_lite_fwd_ar/handshake/dest_hsdata_ff_reg[3]} {lesion_i/video/axi_interconnect_0/m07_couplers/auto_cc/inst/gen_clock_conv.gen_async_lite_conv.clock_conv_lite_fwd_ar/handshake/dest_hsdata_ff_reg[4]}]] 21.000
Requirement: 21.000ns
Endpoints: 5

From Clock            To Clock              Endpoint Pin                    Reference Pin                   Corner  Actual(ns)  Slack(ns)
--------------------  --------------------  ------------------------------  ------------------------------  ------  ----------  ---------
clk_fpga_0            clk_fpga_1            lesion_i/video/axi_interconnect_0/m07_couplers/auto_cc/inst/gen_clock_conv.gen_async_lite_conv.clock_conv_lite_fwd_ar/handshake/dest_hsdata_ff_reg[0]/D
                                                                            lesion_i/video/axi_interconnect_0/m07_couplers/auto_cc/inst/gen_clock_conv.gen_async_lite_conv.clock_conv_lite_fwd_ar/handshake/dest_hsdata_ff_reg[2]/D
                                                                                                            Slow         0.706     20.294


Slack (MET) :             20.294ns  (requirement - actual skew)
  Endpoint Source:        lesion_i/video/axi_interconnect_0/m07_couplers/auto_cc/inst/gen_clock_conv.gen_async_lite_conv.clock_conv_lite_fwd_ar/handshake/src_hsdata_ff_reg[0]/C
                            (rising edge-triggered cell FDRE clocked by clk_fpga_0)
  Endpoint Destination:   lesion_i/video/axi_interconnect_0/m07_couplers/auto_cc/inst/gen_clock_conv.gen_async_lite_conv.clock_conv_lite_fwd_ar/handshake/dest_hsdata_ff_reg[0]/D
                            (rising edge-triggered cell FDRE clocked by clk_fpga_1)
  Reference Source:       lesion_i/video/axi_interconnect_0/m07_couplers/auto_cc/inst/gen_clock_conv.gen_async_lite_conv.clock_conv_lite_fwd_ar/handshake/src_hsdata_ff_reg[2]/C
                            (rising edge-triggered cell FDRE clocked by clk_fpga_0)
  Reference Destination:  lesion_i/video/axi_interconnect_0/m07_couplers/auto_cc/inst/gen_clock_conv.gen_async_lite_conv.clock_conv_lite_fwd_ar/handshake/dest_hsdata_ff_reg[2]/D
                            (rising edge-triggered cell FDRE clocked by clk_fpga_1)
  Path Type:              Bus Skew (Max at Slow Process Corner)
  Requirement:            21.000ns
  Endpoint Relative Delay:    1.571ns
  Reference Relative Delay:   0.245ns
  Relative CRPR:              0.620ns
  Actual Bus Skew:            0.706ns  (Endpoint Relative Delay - Reference Relative Delay - Relative CRPR)

Endpoint path:
    Location             Delay type                Incr(ns)  Path(ns)    Netlist Resource(s)
  -------------------------------------------------------------------    -------------------
                         (clock clk_fpga_0 rise edge)
                                                      0.000     0.000 r  
    PS7_X0Y0             PS7                          0.000     0.000 r  lesion_i/ps7_0/inst/PS7_i/FCLKCLK[0]
                         net (fo=1, routed)           1.193     1.193    lesion_i/ps7_0/inst/FCLK_CLK_unbuffered[0]
    BUFGCTRL_X0Y16       BUFG (Prop_bufg_I_O)         0.101     1.294 r  lesion_i/ps7_0/inst/buffer_fclk_clk_0.FCLK_CLK_0_BUFG/O
                         net (fo=24933, routed)       1.974     3.268    lesion_i/video/axi_interconnect_0/m07_couplers/auto_cc/inst/gen_clock_conv.gen_async_lite_conv.clock_conv_lite_fwd_ar/handshake/src_clk
    SLICE_X93Y142        FDRE                                         r  lesion_i/video/axi_interconnect_0/m07_couplers/auto_cc/inst/gen_clock_conv.gen_async_lite_conv.clock_conv_lite_fwd_ar/handshake/src_hsdata_ff_reg[0]/C
  -------------------------------------------------------------------    -------------------
    SLICE_X93Y142        FDRE (Prop_fdre_C_Q)         0.456     3.724 r  lesion_i/video/axi_interconnect_0/m07_couplers/auto_cc/inst/gen_clock_conv.gen_async_lite_conv.clock_conv_lite_fwd_ar/handshake/src_hsdata_ff_reg[0]/Q
                         net (fo=1, routed)           0.758     4.482    lesion_i/video/axi_interconnect_0/m07_couplers/auto_cc/inst/gen_clock_conv.gen_async_lite_conv.clock_conv_lite_fwd_ar/handshake/src_hsdata_ff[0]
    SLICE_X92Y142        FDRE                                         r  lesion_i/video/axi_interconnect_0/m07_couplers/auto_cc/inst/gen_clock_conv.gen_async_lite_conv.clock_conv_lite_fwd_ar/handshake/dest_hsdata_ff_reg[0]/D
  -------------------------------------------------------------------    -------------------

                         (clock clk_fpga_1 rise edge)
                                                      0.000     0.000 r  
    PS7_X0Y0             PS7                          0.000     0.000 r  lesion_i/ps7_0/inst/PS7_i/FCLKCLK[1]
                         net (fo=1, routed)           1.088     1.088    lesion_i/ps7_0/inst/FCLK_CLK_unbuffered[1]
    BUFGCTRL_X0Y17       BUFG (Prop_bufg_I_O)         0.091     1.179 r  lesion_i/ps7_0/inst/buffer_fclk_clk_1.FCLK_CLK_1_BUFG/O
                         net (fo=7661, routed)        1.779     2.958    lesion_i/video/axi_interconnect_0/m07_couplers/auto_cc/inst/gen_clock_conv.gen_async_lite_conv.clock_conv_lite_fwd_ar/handshake/dest_clk
    SLICE_X92Y142        FDRE                                         r  lesion_i/video/axi_interconnect_0/m07_couplers/auto_cc/inst/gen_clock_conv.gen_async_lite_conv.clock_conv_lite_fwd_ar/handshake/dest_hsdata_ff_reg[0]/C
                         clock pessimism              0.000     2.958    
    SLICE_X92Y142        FDRE (Setup_fdre_C_D)       -0.047     2.911    lesion_i/video/axi_interconnect_0/m07_couplers/auto_cc/inst/gen_clock_conv.gen_async_lite_conv.clock_conv_lite_fwd_ar/handshake/dest_hsdata_ff_reg[0]
  -------------------------------------------------------------------
                         data arrival                           4.482    
                         clock arrival                          2.911    
  -------------------------------------------------------------------
                         relative delay                         1.571    

Reference path:
    Location             Delay type                Incr(ns)  Path(ns)    Netlist Resource(s)
  -------------------------------------------------------------------    -------------------
                         (clock clk_fpga_0 rise edge)
                                                      0.000     0.000 r  
    PS7_X0Y0             PS7                          0.000     0.000 r  lesion_i/ps7_0/inst/PS7_i/FCLKCLK[0]
                         net (fo=1, routed)           1.088     1.088    lesion_i/ps7_0/inst/FCLK_CLK_unbuffered[0]
    BUFGCTRL_X0Y16       BUFG (Prop_bufg_I_O)         0.091     1.179 r  lesion_i/ps7_0/inst/buffer_fclk_clk_0.FCLK_CLK_0_BUFG/O
                         net (fo=24933, routed)       1.779     2.958    lesion_i/video/axi_interconnect_0/m07_couplers/auto_cc/inst/gen_clock_conv.gen_async_lite_conv.clock_conv_lite_fwd_ar/handshake/src_clk
    SLICE_X93Y142        FDRE                                         r  lesion_i/video/axi_interconnect_0/m07_couplers/auto_cc/inst/gen_clock_conv.gen_async_lite_conv.clock_conv_lite_fwd_ar/handshake/src_hsdata_ff_reg[2]/C
  -------------------------------------------------------------------    -------------------
    SLICE_X93Y142        FDRE (Prop_fdre_C_Q)         0.367     3.325 r  lesion_i/video/axi_interconnect_0/m07_couplers/auto_cc/inst/gen_clock_conv.gen_async_lite_conv.clock_conv_lite_fwd_ar/handshake/src_hsdata_ff_reg[2]/Q
                         net (fo=1, routed)           0.434     3.759    lesion_i/video/axi_interconnect_0/m07_couplers/auto_cc/inst/gen_clock_conv.gen_async_lite_conv.clock_conv_lite_fwd_ar/handshake/src_hsdata_ff[2]
    SLICE_X92Y142        FDRE                                         r  lesion_i/video/axi_interconnect_0/m07_couplers/auto_cc/inst/gen_clock_conv.gen_async_lite_conv.clock_conv_lite_fwd_ar/handshake/dest_hsdata_ff_reg[2]/D
  -------------------------------------------------------------------    -------------------

                         (clock clk_fpga_1 rise edge)
                                                      0.000     0.000 r  
    PS7_X0Y0             PS7                          0.000     0.000 r  lesion_i/ps7_0/inst/PS7_i/FCLKCLK[1]
                         net (fo=1, routed)           1.193     1.193    lesion_i/ps7_0/inst/FCLK_CLK_unbuffered[1]
    BUFGCTRL_X0Y17       BUFG (Prop_bufg_I_O)         0.101     1.294 r  lesion_i/ps7_0/inst/buffer_fclk_clk_1.FCLK_CLK_1_BUFG/O
                         net (fo=7661, routed)        1.974     3.268    lesion_i/video/axi_interconnect_0/m07_couplers/auto_cc/inst/gen_clock_conv.gen_async_lite_conv.clock_conv_lite_fwd_ar/handshake/dest_clk
    SLICE_X92Y142        FDRE                                         r  lesion_i/video/axi_interconnect_0/m07_couplers/auto_cc/inst/gen_clock_conv.gen_async_lite_conv.clock_conv_lite_fwd_ar/handshake/dest_hsdata_ff_reg[2]/C
                         clock pessimism              0.000     3.268    
    SLICE_X92Y142        FDRE (Hold_fdre_C_D)         0.246     3.514    lesion_i/video/axi_interconnect_0/m07_couplers/auto_cc/inst/gen_clock_conv.gen_async_lite_conv.clock_conv_lite_fwd_ar/handshake/dest_hsdata_ff_reg[2]
  -------------------------------------------------------------------
                         data arrival                           3.759    
                         clock arrival                          3.514    
  -------------------------------------------------------------------
                         relative delay                         0.245    



Id: 25
set_bus_skew -from [get_cells [list {lesion_i/video/axi_interconnect_0/m07_couplers/auto_cc/inst/gen_clock_conv.gen_async_lite_conv.clock_conv_lite_fwd_aw/handshake/src_hsdata_ff_reg[3]} {lesion_i/video/axi_interconnect_0/m07_couplers/auto_cc/inst/gen_clock_conv.gen_async_lite_conv.clock_conv_lite_fwd_aw/handshake/src_hsdata_ff_reg[4]} {lesion_i/video/axi_interconnect_0/m07_couplers/auto_cc/inst/gen_clock_conv.gen_async_lite_conv.clock_conv_lite_fwd_aw/handshake/src_hsdata_ff_reg[2]}]] -to [get_cells [list {lesion_i/video/axi_interconnect_0/m07_couplers/auto_cc/inst/gen_clock_conv.gen_async_lite_conv.clock_conv_lite_fwd_aw/handshake/dest_hsdata_ff_reg[3]} {lesion_i/video/axi_interconnect_0/m07_couplers/auto_cc/inst/gen_clock_conv.gen_async_lite_conv.clock_conv_lite_fwd_aw/handshake/dest_hsdata_ff_reg[4]} {lesion_i/video/axi_interconnect_0/m07_couplers/auto_cc/inst/gen_clock_conv.gen_async_lite_conv.clock_conv_lite_fwd_aw/handshake/dest_hsdata_ff_reg[2]}]] 21.000
Requirement: 21.000ns
Endpoints: 3

From Clock            To Clock              Endpoint Pin                    Reference Pin                   Corner  Actual(ns)  Slack(ns)
--------------------  --------------------  ------------------------------  ------------------------------  ------  ----------  ---------
clk_fpga_0            clk_fpga_1            lesion_i/video/axi_interconnect_0/m07_couplers/auto_cc/inst/gen_clock_conv.gen_async_lite_conv.clock_conv_lite_fwd_aw/handshake/dest_hsdata_ff_reg[2]/D
                                                                            lesion_i/video/axi_interconnect_0/m07_couplers/auto_cc/inst/gen_clock_conv.gen_async_lite_conv.clock_conv_lite_fwd_aw/handshake/dest_hsdata_ff_reg[4]/D
                                                                                                            Slow         0.612     20.388


Slack (MET) :             20.388ns  (requirement - actual skew)
  Endpoint Source:        lesion_i/video/axi_interconnect_0/m07_couplers/auto_cc/inst/gen_clock_conv.gen_async_lite_conv.clock_conv_lite_fwd_aw/handshake/src_hsdata_ff_reg[2]/C
                            (rising edge-triggered cell FDRE clocked by clk_fpga_0)
  Endpoint Destination:   lesion_i/video/axi_interconnect_0/m07_couplers/auto_cc/inst/gen_clock_conv.gen_async_lite_conv.clock_conv_lite_fwd_aw/handshake/dest_hsdata_ff_reg[2]/D
                            (rising edge-triggered cell FDRE clocked by clk_fpga_1)
  Reference Source:       lesion_i/video/axi_interconnect_0/m07_couplers/auto_cc/inst/gen_clock_conv.gen_async_lite_conv.clock_conv_lite_fwd_aw/handshake/src_hsdata_ff_reg[4]/C
                            (rising edge-triggered cell FDRE clocked by clk_fpga_0)
  Reference Destination:  lesion_i/video/axi_interconnect_0/m07_couplers/auto_cc/inst/gen_clock_conv.gen_async_lite_conv.clock_conv_lite_fwd_aw/handshake/dest_hsdata_ff_reg[4]/D
                            (rising edge-triggered cell FDRE clocked by clk_fpga_1)
  Path Type:              Bus Skew (Max at Slow Process Corner)
  Requirement:            21.000ns
  Endpoint Relative Delay:    1.520ns
  Reference Relative Delay:   0.290ns
  Relative CRPR:              0.618ns
  Actual Bus Skew:            0.612ns  (Endpoint Relative Delay - Reference Relative Delay - Relative CRPR)

Endpoint path:
    Location             Delay type                Incr(ns)  Path(ns)    Netlist Resource(s)
  -------------------------------------------------------------------    -------------------
                         (clock clk_fpga_0 rise edge)
                                                      0.000     0.000 r  
    PS7_X0Y0             PS7                          0.000     0.000 r  lesion_i/ps7_0/inst/PS7_i/FCLKCLK[0]
                         net (fo=1, routed)           1.193     1.193    lesion_i/ps7_0/inst/FCLK_CLK_unbuffered[0]
    BUFGCTRL_X0Y16       BUFG (Prop_bufg_I_O)         0.101     1.294 r  lesion_i/ps7_0/inst/buffer_fclk_clk_0.FCLK_CLK_0_BUFG/O
                         net (fo=24933, routed)       1.978     3.272    lesion_i/video/axi_interconnect_0/m07_couplers/auto_cc/inst/gen_clock_conv.gen_async_lite_conv.clock_conv_lite_fwd_aw/handshake/src_clk
    SLICE_X102Y147       FDRE                                         r  lesion_i/video/axi_interconnect_0/m07_couplers/auto_cc/inst/gen_clock_conv.gen_async_lite_conv.clock_conv_lite_fwd_aw/handshake/src_hsdata_ff_reg[2]/C
  -------------------------------------------------------------------    -------------------
    SLICE_X102Y147       FDRE (Prop_fdre_C_Q)         0.518     3.790 r  lesion_i/video/axi_interconnect_0/m07_couplers/auto_cc/inst/gen_clock_conv.gen_async_lite_conv.clock_conv_lite_fwd_aw/handshake/src_hsdata_ff_reg[2]/Q
                         net (fo=1, routed)           0.662     4.452    lesion_i/video/axi_interconnect_0/m07_couplers/auto_cc/inst/gen_clock_conv.gen_async_lite_conv.clock_conv_lite_fwd_aw/handshake/src_hsdata_ff[2]
    SLICE_X102Y148       FDRE                                         r  lesion_i/video/axi_interconnect_0/m07_couplers/auto_cc/inst/gen_clock_conv.gen_async_lite_conv.clock_conv_lite_fwd_aw/handshake/dest_hsdata_ff_reg[2]/D
  -------------------------------------------------------------------    -------------------

                         (clock clk_fpga_1 rise edge)
                                                      0.000     0.000 r  
    PS7_X0Y0             PS7                          0.000     0.000 r  lesion_i/ps7_0/inst/PS7_i/FCLKCLK[1]
                         net (fo=1, routed)           1.088     1.088    lesion_i/ps7_0/inst/FCLK_CLK_unbuffered[1]
    BUFGCTRL_X0Y17       BUFG (Prop_bufg_I_O)         0.091     1.179 r  lesion_i/ps7_0/inst/buffer_fclk_clk_1.FCLK_CLK_1_BUFG/O
                         net (fo=7661, routed)        1.784     2.963    lesion_i/video/axi_interconnect_0/m07_couplers/auto_cc/inst/gen_clock_conv.gen_async_lite_conv.clock_conv_lite_fwd_aw/handshake/dest_clk
    SLICE_X102Y148       FDRE                                         r  lesion_i/video/axi_interconnect_0/m07_couplers/auto_cc/inst/gen_clock_conv.gen_async_lite_conv.clock_conv_lite_fwd_aw/handshake/dest_hsdata_ff_reg[2]/C
                         clock pessimism              0.000     2.963    
    SLICE_X102Y148       FDRE (Setup_fdre_C_D)       -0.031     2.932    lesion_i/video/axi_interconnect_0/m07_couplers/auto_cc/inst/gen_clock_conv.gen_async_lite_conv.clock_conv_lite_fwd_aw/handshake/dest_hsdata_ff_reg[2]
  -------------------------------------------------------------------
                         data arrival                           4.452    
                         clock arrival                          2.932    
  -------------------------------------------------------------------
                         relative delay                         1.520    

Reference path:
    Location             Delay type                Incr(ns)  Path(ns)    Netlist Resource(s)
  -------------------------------------------------------------------    -------------------
                         (clock clk_fpga_0 rise edge)
                                                      0.000     0.000 r  
    PS7_X0Y0             PS7                          0.000     0.000 r  lesion_i/ps7_0/inst/PS7_i/FCLKCLK[0]
                         net (fo=1, routed)           1.088     1.088    lesion_i/ps7_0/inst/FCLK_CLK_unbuffered[0]
    BUFGCTRL_X0Y16       BUFG (Prop_bufg_I_O)         0.091     1.179 r  lesion_i/ps7_0/inst/buffer_fclk_clk_0.FCLK_CLK_0_BUFG/O
                         net (fo=24933, routed)       1.784     2.963    lesion_i/video/axi_interconnect_0/m07_couplers/auto_cc/inst/gen_clock_conv.gen_async_lite_conv.clock_conv_lite_fwd_aw/handshake/src_clk
    SLICE_X102Y147       FDRE                                         r  lesion_i/video/axi_interconnect_0/m07_couplers/auto_cc/inst/gen_clock_conv.gen_async_lite_conv.clock_conv_lite_fwd_aw/handshake/src_hsdata_ff_reg[4]/C
  -------------------------------------------------------------------    -------------------
    SLICE_X102Y147       FDRE (Prop_fdre_C_Q)         0.418     3.381 r  lesion_i/video/axi_interconnect_0/m07_couplers/auto_cc/inst/gen_clock_conv.gen_async_lite_conv.clock_conv_lite_fwd_aw/handshake/src_hsdata_ff_reg[4]/Q
                         net (fo=1, routed)           0.427     3.808    lesion_i/video/axi_interconnect_0/m07_couplers/auto_cc/inst/gen_clock_conv.gen_async_lite_conv.clock_conv_lite_fwd_aw/handshake/src_hsdata_ff[4]
    SLICE_X102Y148       FDRE                                         r  lesion_i/video/axi_interconnect_0/m07_couplers/auto_cc/inst/gen_clock_conv.gen_async_lite_conv.clock_conv_lite_fwd_aw/handshake/dest_hsdata_ff_reg[4]/D
  -------------------------------------------------------------------    -------------------

                         (clock clk_fpga_1 rise edge)
                                                      0.000     0.000 r  
    PS7_X0Y0             PS7                          0.000     0.000 r  lesion_i/ps7_0/inst/PS7_i/FCLKCLK[1]
                         net (fo=1, routed)           1.193     1.193    lesion_i/ps7_0/inst/FCLK_CLK_unbuffered[1]
    BUFGCTRL_X0Y17       BUFG (Prop_bufg_I_O)         0.101     1.294 r  lesion_i/ps7_0/inst/buffer_fclk_clk_1.FCLK_CLK_1_BUFG/O
                         net (fo=7661, routed)        1.978     3.272    lesion_i/video/axi_interconnect_0/m07_couplers/auto_cc/inst/gen_clock_conv.gen_async_lite_conv.clock_conv_lite_fwd_aw/handshake/dest_clk
    SLICE_X102Y148       FDRE                                         r  lesion_i/video/axi_interconnect_0/m07_couplers/auto_cc/inst/gen_clock_conv.gen_async_lite_conv.clock_conv_lite_fwd_aw/handshake/dest_hsdata_ff_reg[4]/C
                         clock pessimism              0.000     3.272    
    SLICE_X102Y148       FDRE (Hold_fdre_C_D)         0.246     3.518    lesion_i/video/axi_interconnect_0/m07_couplers/auto_cc/inst/gen_clock_conv.gen_async_lite_conv.clock_conv_lite_fwd_aw/handshake/dest_hsdata_ff_reg[4]
  -------------------------------------------------------------------
                         data arrival                           3.808    
                         clock arrival                          3.518    
  -------------------------------------------------------------------
                         relative delay                         0.290    



Id: 26
set_bus_skew -from [get_cells [list {lesion_i/video/axi_interconnect_0/m07_couplers/auto_cc/inst/gen_clock_conv.gen_async_lite_conv.clock_conv_lite_fwd_w/handshake/src_hsdata_ff_reg[0]} \
          {lesion_i/video/axi_interconnect_0/m07_couplers/auto_cc/inst/gen_clock_conv.gen_async_lite_conv.clock_conv_lite_fwd_w/handshake/src_hsdata_ff_reg[10]} \
          {lesion_i/video/axi_interconnect_0/m07_couplers/auto_cc/inst/gen_clock_conv.gen_async_lite_conv.clock_conv_lite_fwd_w/handshake/src_hsdata_ff_reg[11]} \
          {lesion_i/video/axi_interconnect_0/m07_couplers/auto_cc/inst/gen_clock_conv.gen_async_lite_conv.clock_conv_lite_fwd_w/handshake/src_hsdata_ff_reg[12]} \
          {lesion_i/video/axi_interconnect_0/m07_couplers/auto_cc/inst/gen_clock_conv.gen_async_lite_conv.clock_conv_lite_fwd_w/handshake/src_hsdata_ff_reg[13]} \
          {lesion_i/video/axi_interconnect_0/m07_couplers/auto_cc/inst/gen_clock_conv.gen_async_lite_conv.clock_conv_lite_fwd_w/handshake/src_hsdata_ff_reg[14]} \
          {lesion_i/video/axi_interconnect_0/m07_couplers/auto_cc/inst/gen_clock_conv.gen_async_lite_conv.clock_conv_lite_fwd_w/handshake/src_hsdata_ff_reg[15]} \
          {lesion_i/video/axi_interconnect_0/m07_couplers/auto_cc/inst/gen_clock_conv.gen_async_lite_conv.clock_conv_lite_fwd_w/handshake/src_hsdata_ff_reg[16]} \
          {lesion_i/video/axi_interconnect_0/m07_couplers/auto_cc/inst/gen_clock_conv.gen_async_lite_conv.clock_conv_lite_fwd_w/handshake/src_hsdata_ff_reg[17]} \
          {lesion_i/video/axi_interconnect_0/m07_couplers/auto_cc/inst/gen_clock_conv.gen_async_lite_conv.clock_conv_lite_fwd_w/handshake/src_hsdata_ff_reg[18]} \
          {lesion_i/video/axi_interconnect_0/m07_couplers/auto_cc/inst/gen_clock_conv.gen_async_lite_conv.clock_conv_lite_fwd_w/handshake/src_hsdata_ff_reg[19]} \
          {lesion_i/video/axi_interconnect_0/m07_couplers/auto_cc/inst/gen_clock_conv.gen_async_lite_conv.clock_conv_lite_fwd_w/handshake/src_hsdata_ff_reg[1]} \
          {lesion_i/video/axi_interconnect_0/m07_couplers/auto_cc/inst/gen_clock_conv.gen_async_lite_conv.clock_conv_lite_fwd_w/handshake/src_hsdata_ff_reg[20]} \
          {lesion_i/video/axi_interconnect_0/m07_couplers/auto_cc/inst/gen_clock_conv.gen_async_lite_conv.clock_conv_lite_fwd_w/handshake/src_hsdata_ff_reg[21]} \
          {lesion_i/video/axi_interconnect_0/m07_couplers/auto_cc/inst/gen_clock_conv.gen_async_lite_conv.clock_conv_lite_fwd_w/handshake/src_hsdata_ff_reg[22]} \
          {lesion_i/video/axi_interconnect_0/m07_couplers/auto_cc/inst/gen_clock_conv.gen_async_lite_conv.clock_conv_lite_fwd_w/handshake/src_hsdata_ff_reg[23]} \
          {lesion_i/video/axi_interconnect_0/m07_couplers/auto_cc/inst/gen_clock_conv.gen_async_lite_conv.clock_conv_lite_fwd_w/handshake/src_hsdata_ff_reg[24]} \
          {lesion_i/video/axi_interconnect_0/m07_couplers/auto_cc/inst/gen_clock_conv.gen_async_lite_conv.clock_conv_lite_fwd_w/handshake/src_hsdata_ff_reg[25]} \
          {lesion_i/video/axi_interconnect_0/m07_couplers/auto_cc/inst/gen_clock_conv.gen_async_lite_conv.clock_conv_lite_fwd_w/handshake/src_hsdata_ff_reg[26]} \
          {lesion_i/video/axi_interconnect_0/m07_couplers/auto_cc/inst/gen_clock_conv.gen_async_lite_conv.clock_conv_lite_fwd_w/handshake/src_hsdata_ff_reg[27]} \
          {lesion_i/video/axi_interconnect_0/m07_couplers/auto_cc/inst/gen_clock_conv.gen_async_lite_conv.clock_conv_lite_fwd_w/handshake/src_hsdata_ff_reg[28]} \
          {lesion_i/video/axi_interconnect_0/m07_couplers/auto_cc/inst/gen_clock_conv.gen_async_lite_conv.clock_conv_lite_fwd_w/handshake/src_hsdata_ff_reg[29]} \
          {lesion_i/video/axi_interconnect_0/m07_couplers/auto_cc/inst/gen_clock_conv.gen_async_lite_conv.clock_conv_lite_fwd_w/handshake/src_hsdata_ff_reg[2]} \
          {lesion_i/video/axi_interconnect_0/m07_couplers/auto_cc/inst/gen_clock_conv.gen_async_lite_conv.clock_conv_lite_fwd_w/handshake/src_hsdata_ff_reg[30]} \
          {lesion_i/video/axi_interconnect_0/m07_couplers/auto_cc/inst/gen_clock_conv.gen_async_lite_conv.clock_conv_lite_fwd_w/handshake/src_hsdata_ff_reg[31]} \
          {lesion_i/video/axi_interconnect_0/m07_couplers/auto_cc/inst/gen_clock_conv.gen_async_lite_conv.clock_conv_lite_fwd_w/handshake/src_hsdata_ff_reg[32]} \
          {lesion_i/video/axi_interconnect_0/m07_couplers/auto_cc/inst/gen_clock_conv.gen_async_lite_conv.clock_conv_lite_fwd_w/handshake/src_hsdata_ff_reg[33]} \
          {lesion_i/video/axi_interconnect_0/m07_couplers/auto_cc/inst/gen_clock_conv.gen_async_lite_conv.clock_conv_lite_fwd_w/handshake/src_hsdata_ff_reg[34]} \
          {lesion_i/video/axi_interconnect_0/m07_couplers/auto_cc/inst/gen_clock_conv.gen_async_lite_conv.clock_conv_lite_fwd_w/handshake/src_hsdata_ff_reg[35]} \
          {lesion_i/video/axi_interconnect_0/m07_couplers/auto_cc/inst/gen_clock_conv.gen_async_lite_conv.clock_conv_lite_fwd_w/handshake/src_hsdata_ff_reg[3]} \
          {lesion_i/video/axi_interconnect_0/m07_couplers/auto_cc/inst/gen_clock_conv.gen_async_lite_conv.clock_conv_lite_fwd_w/handshake/src_hsdata_ff_reg[4]} \
          {lesion_i/video/axi_interconnect_0/m07_couplers/auto_cc/inst/gen_clock_conv.gen_async_lite_conv.clock_conv_lite_fwd_w/handshake/src_hsdata_ff_reg[5]} \
          {lesion_i/video/axi_interconnect_0/m07_couplers/auto_cc/inst/gen_clock_conv.gen_async_lite_conv.clock_conv_lite_fwd_w/handshake/src_hsdata_ff_reg[6]} \
          {lesion_i/video/axi_interconnect_0/m07_couplers/auto_cc/inst/gen_clock_conv.gen_async_lite_conv.clock_conv_lite_fwd_w/handshake/src_hsdata_ff_reg[7]} \
          {lesion_i/video/axi_interconnect_0/m07_couplers/auto_cc/inst/gen_clock_conv.gen_async_lite_conv.clock_conv_lite_fwd_w/handshake/src_hsdata_ff_reg[8]} \
          {lesion_i/video/axi_interconnect_0/m07_couplers/auto_cc/inst/gen_clock_conv.gen_async_lite_conv.clock_conv_lite_fwd_w/handshake/src_hsdata_ff_reg[9]}]] -to [get_cells [list {lesion_i/video/axi_interconnect_0/m07_couplers/auto_cc/inst/gen_clock_conv.gen_async_lite_conv.clock_conv_lite_fwd_w/handshake/dest_hsdata_ff_reg[0]} \
          {lesion_i/video/axi_interconnect_0/m07_couplers/auto_cc/inst/gen_clock_conv.gen_async_lite_conv.clock_conv_lite_fwd_w/handshake/dest_hsdata_ff_reg[10]} \
          {lesion_i/video/axi_interconnect_0/m07_couplers/auto_cc/inst/gen_clock_conv.gen_async_lite_conv.clock_conv_lite_fwd_w/handshake/dest_hsdata_ff_reg[11]} \
          {lesion_i/video/axi_interconnect_0/m07_couplers/auto_cc/inst/gen_clock_conv.gen_async_lite_conv.clock_conv_lite_fwd_w/handshake/dest_hsdata_ff_reg[12]} \
          {lesion_i/video/axi_interconnect_0/m07_couplers/auto_cc/inst/gen_clock_conv.gen_async_lite_conv.clock_conv_lite_fwd_w/handshake/dest_hsdata_ff_reg[13]} \
          {lesion_i/video/axi_interconnect_0/m07_couplers/auto_cc/inst/gen_clock_conv.gen_async_lite_conv.clock_conv_lite_fwd_w/handshake/dest_hsdata_ff_reg[14]} \
          {lesion_i/video/axi_interconnect_0/m07_couplers/auto_cc/inst/gen_clock_conv.gen_async_lite_conv.clock_conv_lite_fwd_w/handshake/dest_hsdata_ff_reg[15]} \
          {lesion_i/video/axi_interconnect_0/m07_couplers/auto_cc/inst/gen_clock_conv.gen_async_lite_conv.clock_conv_lite_fwd_w/handshake/dest_hsdata_ff_reg[16]} \
          {lesion_i/video/axi_interconnect_0/m07_couplers/auto_cc/inst/gen_clock_conv.gen_async_lite_conv.clock_conv_lite_fwd_w/handshake/dest_hsdata_ff_reg[17]} \
          {lesion_i/video/axi_interconnect_0/m07_couplers/auto_cc/inst/gen_clock_conv.gen_async_lite_conv.clock_conv_lite_fwd_w/handshake/dest_hsdata_ff_reg[18]} \
          {lesion_i/video/axi_interconnect_0/m07_couplers/auto_cc/inst/gen_clock_conv.gen_async_lite_conv.clock_conv_lite_fwd_w/handshake/dest_hsdata_ff_reg[19]} \
          {lesion_i/video/axi_interconnect_0/m07_couplers/auto_cc/inst/gen_clock_conv.gen_async_lite_conv.clock_conv_lite_fwd_w/handshake/dest_hsdata_ff_reg[1]} \
          {lesion_i/video/axi_interconnect_0/m07_couplers/auto_cc/inst/gen_clock_conv.gen_async_lite_conv.clock_conv_lite_fwd_w/handshake/dest_hsdata_ff_reg[20]} \
          {lesion_i/video/axi_interconnect_0/m07_couplers/auto_cc/inst/gen_clock_conv.gen_async_lite_conv.clock_conv_lite_fwd_w/handshake/dest_hsdata_ff_reg[21]} \
          {lesion_i/video/axi_interconnect_0/m07_couplers/auto_cc/inst/gen_clock_conv.gen_async_lite_conv.clock_conv_lite_fwd_w/handshake/dest_hsdata_ff_reg[22]} \
          {lesion_i/video/axi_interconnect_0/m07_couplers/auto_cc/inst/gen_clock_conv.gen_async_lite_conv.clock_conv_lite_fwd_w/handshake/dest_hsdata_ff_reg[23]} \
          {lesion_i/video/axi_interconnect_0/m07_couplers/auto_cc/inst/gen_clock_conv.gen_async_lite_conv.clock_conv_lite_fwd_w/handshake/dest_hsdata_ff_reg[24]} \
          {lesion_i/video/axi_interconnect_0/m07_couplers/auto_cc/inst/gen_clock_conv.gen_async_lite_conv.clock_conv_lite_fwd_w/handshake/dest_hsdata_ff_reg[25]} \
          {lesion_i/video/axi_interconnect_0/m07_couplers/auto_cc/inst/gen_clock_conv.gen_async_lite_conv.clock_conv_lite_fwd_w/handshake/dest_hsdata_ff_reg[26]} \
          {lesion_i/video/axi_interconnect_0/m07_couplers/auto_cc/inst/gen_clock_conv.gen_async_lite_conv.clock_conv_lite_fwd_w/handshake/dest_hsdata_ff_reg[27]} \
          {lesion_i/video/axi_interconnect_0/m07_couplers/auto_cc/inst/gen_clock_conv.gen_async_lite_conv.clock_conv_lite_fwd_w/handshake/dest_hsdata_ff_reg[28]} \
          {lesion_i/video/axi_interconnect_0/m07_couplers/auto_cc/inst/gen_clock_conv.gen_async_lite_conv.clock_conv_lite_fwd_w/handshake/dest_hsdata_ff_reg[29]} \
          {lesion_i/video/axi_interconnect_0/m07_couplers/auto_cc/inst/gen_clock_conv.gen_async_lite_conv.clock_conv_lite_fwd_w/handshake/dest_hsdata_ff_reg[2]} \
          {lesion_i/video/axi_interconnect_0/m07_couplers/auto_cc/inst/gen_clock_conv.gen_async_lite_conv.clock_conv_lite_fwd_w/handshake/dest_hsdata_ff_reg[30]} \
          {lesion_i/video/axi_interconnect_0/m07_couplers/auto_cc/inst/gen_clock_conv.gen_async_lite_conv.clock_conv_lite_fwd_w/handshake/dest_hsdata_ff_reg[31]} \
          {lesion_i/video/axi_interconnect_0/m07_couplers/auto_cc/inst/gen_clock_conv.gen_async_lite_conv.clock_conv_lite_fwd_w/handshake/dest_hsdata_ff_reg[32]} \
          {lesion_i/video/axi_interconnect_0/m07_couplers/auto_cc/inst/gen_clock_conv.gen_async_lite_conv.clock_conv_lite_fwd_w/handshake/dest_hsdata_ff_reg[33]} \
          {lesion_i/video/axi_interconnect_0/m07_couplers/auto_cc/inst/gen_clock_conv.gen_async_lite_conv.clock_conv_lite_fwd_w/handshake/dest_hsdata_ff_reg[34]} \
          {lesion_i/video/axi_interconnect_0/m07_couplers/auto_cc/inst/gen_clock_conv.gen_async_lite_conv.clock_conv_lite_fwd_w/handshake/dest_hsdata_ff_reg[35]} \
          {lesion_i/video/axi_interconnect_0/m07_couplers/auto_cc/inst/gen_clock_conv.gen_async_lite_conv.clock_conv_lite_fwd_w/handshake/dest_hsdata_ff_reg[3]} \
          {lesion_i/video/axi_interconnect_0/m07_couplers/auto_cc/inst/gen_clock_conv.gen_async_lite_conv.clock_conv_lite_fwd_w/handshake/dest_hsdata_ff_reg[4]} \
          {lesion_i/video/axi_interconnect_0/m07_couplers/auto_cc/inst/gen_clock_conv.gen_async_lite_conv.clock_conv_lite_fwd_w/handshake/dest_hsdata_ff_reg[5]} \
          {lesion_i/video/axi_interconnect_0/m07_couplers/auto_cc/inst/gen_clock_conv.gen_async_lite_conv.clock_conv_lite_fwd_w/handshake/dest_hsdata_ff_reg[6]} \
          {lesion_i/video/axi_interconnect_0/m07_couplers/auto_cc/inst/gen_clock_conv.gen_async_lite_conv.clock_conv_lite_fwd_w/handshake/dest_hsdata_ff_reg[7]} \
          {lesion_i/video/axi_interconnect_0/m07_couplers/auto_cc/inst/gen_clock_conv.gen_async_lite_conv.clock_conv_lite_fwd_w/handshake/dest_hsdata_ff_reg[8]} \
          {lesion_i/video/axi_interconnect_0/m07_couplers/auto_cc/inst/gen_clock_conv.gen_async_lite_conv.clock_conv_lite_fwd_w/handshake/dest_hsdata_ff_reg[9]}]] 21.000
Requirement: 21.000ns
Endpoints: 36

From Clock            To Clock              Endpoint Pin                    Reference Pin                   Corner  Actual(ns)  Slack(ns)
--------------------  --------------------  ------------------------------  ------------------------------  ------  ----------  ---------
clk_fpga_0            clk_fpga_1            lesion_i/video/axi_interconnect_0/m07_couplers/auto_cc/inst/gen_clock_conv.gen_async_lite_conv.clock_conv_lite_fwd_w/handshake/dest_hsdata_ff_reg[31]/D
                                                                            lesion_i/video/axi_interconnect_0/m07_couplers/auto_cc/inst/gen_clock_conv.gen_async_lite_conv.clock_conv_lite_fwd_w/handshake/dest_hsdata_ff_reg[24]/D
                                                                                                            Slow         1.161     19.839


Slack (MET) :             19.839ns  (requirement - actual skew)
  Endpoint Source:        lesion_i/video/axi_interconnect_0/m07_couplers/auto_cc/inst/gen_clock_conv.gen_async_lite_conv.clock_conv_lite_fwd_w/handshake/src_hsdata_ff_reg[31]/C
                            (rising edge-triggered cell FDRE clocked by clk_fpga_0)
  Endpoint Destination:   lesion_i/video/axi_interconnect_0/m07_couplers/auto_cc/inst/gen_clock_conv.gen_async_lite_conv.clock_conv_lite_fwd_w/handshake/dest_hsdata_ff_reg[31]/D
                            (rising edge-triggered cell FDRE clocked by clk_fpga_1)
  Reference Source:       lesion_i/video/axi_interconnect_0/m07_couplers/auto_cc/inst/gen_clock_conv.gen_async_lite_conv.clock_conv_lite_fwd_w/handshake/src_hsdata_ff_reg[24]/C
                            (rising edge-triggered cell FDRE clocked by clk_fpga_0)
  Reference Destination:  lesion_i/video/axi_interconnect_0/m07_couplers/auto_cc/inst/gen_clock_conv.gen_async_lite_conv.clock_conv_lite_fwd_w/handshake/dest_hsdata_ff_reg[24]/D
                            (rising edge-triggered cell FDRE clocked by clk_fpga_1)
  Path Type:              Bus Skew (Max at Slow Process Corner)
  Requirement:            21.000ns
  Endpoint Relative Delay:    1.914ns
  Reference Relative Delay:   0.259ns
  Relative CRPR:              0.494ns
  Actual Bus Skew:            1.161ns  (Endpoint Relative Delay - Reference Relative Delay - Relative CRPR)

Endpoint path:
    Location             Delay type                Incr(ns)  Path(ns)    Netlist Resource(s)
  -------------------------------------------------------------------    -------------------
                         (clock clk_fpga_0 rise edge)
                                                      0.000     0.000 r  
    PS7_X0Y0             PS7                          0.000     0.000 r  lesion_i/ps7_0/inst/PS7_i/FCLKCLK[0]
                         net (fo=1, routed)           1.193     1.193    lesion_i/ps7_0/inst/FCLK_CLK_unbuffered[0]
    BUFGCTRL_X0Y16       BUFG (Prop_bufg_I_O)         0.101     1.294 r  lesion_i/ps7_0/inst/buffer_fclk_clk_0.FCLK_CLK_0_BUFG/O
                         net (fo=24933, routed)       1.909     3.203    lesion_i/video/axi_interconnect_0/m07_couplers/auto_cc/inst/gen_clock_conv.gen_async_lite_conv.clock_conv_lite_fwd_w/handshake/src_clk
    SLICE_X87Y136        FDRE                                         r  lesion_i/video/axi_interconnect_0/m07_couplers/auto_cc/inst/gen_clock_conv.gen_async_lite_conv.clock_conv_lite_fwd_w/handshake/src_hsdata_ff_reg[31]/C
  -------------------------------------------------------------------    -------------------
    SLICE_X87Y136        FDRE (Prop_fdre_C_Q)         0.419     3.622 r  lesion_i/video/axi_interconnect_0/m07_couplers/auto_cc/inst/gen_clock_conv.gen_async_lite_conv.clock_conv_lite_fwd_w/handshake/src_hsdata_ff_reg[31]/Q
                         net (fo=1, routed)           0.952     4.574    lesion_i/video/axi_interconnect_0/m07_couplers/auto_cc/inst/gen_clock_conv.gen_async_lite_conv.clock_conv_lite_fwd_w/handshake/src_hsdata_ff[31]
    SLICE_X88Y136        FDRE                                         r  lesion_i/video/axi_interconnect_0/m07_couplers/auto_cc/inst/gen_clock_conv.gen_async_lite_conv.clock_conv_lite_fwd_w/handshake/dest_hsdata_ff_reg[31]/D
  -------------------------------------------------------------------    -------------------

                         (clock clk_fpga_1 rise edge)
                                                      0.000     0.000 r  
    PS7_X0Y0             PS7                          0.000     0.000 r  lesion_i/ps7_0/inst/PS7_i/FCLKCLK[1]
                         net (fo=1, routed)           1.088     1.088    lesion_i/ps7_0/inst/FCLK_CLK_unbuffered[1]
    BUFGCTRL_X0Y17       BUFG (Prop_bufg_I_O)         0.091     1.179 r  lesion_i/ps7_0/inst/buffer_fclk_clk_1.FCLK_CLK_1_BUFG/O
                         net (fo=7661, routed)        1.715     2.894    lesion_i/video/axi_interconnect_0/m07_couplers/auto_cc/inst/gen_clock_conv.gen_async_lite_conv.clock_conv_lite_fwd_w/handshake/dest_clk
    SLICE_X88Y136        FDRE                                         r  lesion_i/video/axi_interconnect_0/m07_couplers/auto_cc/inst/gen_clock_conv.gen_async_lite_conv.clock_conv_lite_fwd_w/handshake/dest_hsdata_ff_reg[31]/C
                         clock pessimism              0.000     2.894    
    SLICE_X88Y136        FDRE (Setup_fdre_C_D)       -0.234     2.660    lesion_i/video/axi_interconnect_0/m07_couplers/auto_cc/inst/gen_clock_conv.gen_async_lite_conv.clock_conv_lite_fwd_w/handshake/dest_hsdata_ff_reg[31]
  -------------------------------------------------------------------
                         data arrival                           4.574    
                         clock arrival                          2.660    
  -------------------------------------------------------------------
                         relative delay                         1.914    

Reference path:
    Location             Delay type                Incr(ns)  Path(ns)    Netlist Resource(s)
  -------------------------------------------------------------------    -------------------
                         (clock clk_fpga_0 rise edge)
                                                      0.000     0.000 r  
    PS7_X0Y0             PS7                          0.000     0.000 r  lesion_i/ps7_0/inst/PS7_i/FCLKCLK[0]
                         net (fo=1, routed)           1.088     1.088    lesion_i/ps7_0/inst/FCLK_CLK_unbuffered[0]
    BUFGCTRL_X0Y16       BUFG (Prop_bufg_I_O)         0.091     1.179 r  lesion_i/ps7_0/inst/buffer_fclk_clk_0.FCLK_CLK_0_BUFG/O
                         net (fo=24933, routed)       1.775     2.954    lesion_i/video/axi_interconnect_0/m07_couplers/auto_cc/inst/gen_clock_conv.gen_async_lite_conv.clock_conv_lite_fwd_w/handshake/src_clk
    SLICE_X90Y137        FDRE                                         r  lesion_i/video/axi_interconnect_0/m07_couplers/auto_cc/inst/gen_clock_conv.gen_async_lite_conv.clock_conv_lite_fwd_w/handshake/src_hsdata_ff_reg[24]/C
  -------------------------------------------------------------------    -------------------
    SLICE_X90Y137        FDRE (Prop_fdre_C_Q)         0.418     3.372 r  lesion_i/video/axi_interconnect_0/m07_couplers/auto_cc/inst/gen_clock_conv.gen_async_lite_conv.clock_conv_lite_fwd_w/handshake/src_hsdata_ff_reg[24]/Q
                         net (fo=1, routed)           0.395     3.767    lesion_i/video/axi_interconnect_0/m07_couplers/auto_cc/inst/gen_clock_conv.gen_async_lite_conv.clock_conv_lite_fwd_w/handshake/src_hsdata_ff[24]
    SLICE_X90Y136        FDRE                                         r  lesion_i/video/axi_interconnect_0/m07_couplers/auto_cc/inst/gen_clock_conv.gen_async_lite_conv.clock_conv_lite_fwd_w/handshake/dest_hsdata_ff_reg[24]/D
  -------------------------------------------------------------------    -------------------

                         (clock clk_fpga_1 rise edge)
                                                      0.000     0.000 r  
    PS7_X0Y0             PS7                          0.000     0.000 r  lesion_i/ps7_0/inst/PS7_i/FCLKCLK[1]
                         net (fo=1, routed)           1.193     1.193    lesion_i/ps7_0/inst/FCLK_CLK_unbuffered[1]
    BUFGCTRL_X0Y17       BUFG (Prop_bufg_I_O)         0.101     1.294 r  lesion_i/ps7_0/inst/buffer_fclk_clk_1.FCLK_CLK_1_BUFG/O
                         net (fo=7661, routed)        1.968     3.262    lesion_i/video/axi_interconnect_0/m07_couplers/auto_cc/inst/gen_clock_conv.gen_async_lite_conv.clock_conv_lite_fwd_w/handshake/dest_clk
    SLICE_X90Y136        FDRE                                         r  lesion_i/video/axi_interconnect_0/m07_couplers/auto_cc/inst/gen_clock_conv.gen_async_lite_conv.clock_conv_lite_fwd_w/handshake/dest_hsdata_ff_reg[24]/C
                         clock pessimism              0.000     3.262    
    SLICE_X90Y136        FDRE (Hold_fdre_C_D)         0.246     3.508    lesion_i/video/axi_interconnect_0/m07_couplers/auto_cc/inst/gen_clock_conv.gen_async_lite_conv.clock_conv_lite_fwd_w/handshake/dest_hsdata_ff_reg[24]
  -------------------------------------------------------------------
                         data arrival                           3.767    
                         clock arrival                          3.508    
  -------------------------------------------------------------------
                         relative delay                         0.259    



Id: 27
set_bus_skew -from [get_cells [list {lesion_i/video/axi_interconnect_0/m07_couplers/auto_cc/inst/gen_clock_conv.gen_async_lite_conv.clock_conv_lite_resp_b/handshake/src_hsdata_ff_reg[0]} {lesion_i/video/axi_interconnect_0/m07_couplers/auto_cc/inst/gen_clock_conv.gen_async_lite_conv.clock_conv_lite_resp_b/handshake/src_hsdata_ff_reg[1]}]] -to [get_cells [list {lesion_i/video/axi_interconnect_0/m07_couplers/auto_cc/inst/gen_clock_conv.gen_async_lite_conv.clock_conv_lite_resp_b/handshake/dest_hsdata_ff_reg[0]} {lesion_i/video/axi_interconnect_0/m07_couplers/auto_cc/inst/gen_clock_conv.gen_async_lite_conv.clock_conv_lite_resp_b/handshake/dest_hsdata_ff_reg[1]}]] 30.000
Requirement: 30.000ns
Endpoints: 2

From Clock            To Clock              Endpoint Pin                    Reference Pin                   Corner  Actual(ns)  Slack(ns)
--------------------  --------------------  ------------------------------  ------------------------------  ------  ----------  ---------
clk_fpga_1            clk_fpga_0            lesion_i/video/axi_interconnect_0/m07_couplers/auto_cc/inst/gen_clock_conv.gen_async_lite_conv.clock_conv_lite_resp_b/handshake/dest_hsdata_ff_reg[1]/D
                                                                            lesion_i/video/axi_interconnect_0/m07_couplers/auto_cc/inst/gen_clock_conv.gen_async_lite_conv.clock_conv_lite_resp_b/handshake/dest_hsdata_ff_reg[0]/D
                                                                                                            Slow         0.782     29.218


Slack (MET) :             29.218ns  (requirement - actual skew)
  Endpoint Source:        lesion_i/video/axi_interconnect_0/m07_couplers/auto_cc/inst/gen_clock_conv.gen_async_lite_conv.clock_conv_lite_resp_b/handshake/src_hsdata_ff_reg[1]/C
                            (rising edge-triggered cell FDRE clocked by clk_fpga_1)
  Endpoint Destination:   lesion_i/video/axi_interconnect_0/m07_couplers/auto_cc/inst/gen_clock_conv.gen_async_lite_conv.clock_conv_lite_resp_b/handshake/dest_hsdata_ff_reg[1]/D
                            (rising edge-triggered cell FDRE clocked by clk_fpga_0)
  Reference Source:       lesion_i/video/axi_interconnect_0/m07_couplers/auto_cc/inst/gen_clock_conv.gen_async_lite_conv.clock_conv_lite_resp_b/handshake/src_hsdata_ff_reg[0]/C
                            (rising edge-triggered cell FDRE clocked by clk_fpga_1)
  Reference Destination:  lesion_i/video/axi_interconnect_0/m07_couplers/auto_cc/inst/gen_clock_conv.gen_async_lite_conv.clock_conv_lite_resp_b/handshake/dest_hsdata_ff_reg[0]/D
                            (rising edge-triggered cell FDRE clocked by clk_fpga_0)
  Path Type:              Bus Skew (Max at Slow Process Corner)
  Requirement:            30.000ns
  Endpoint Relative Delay:    1.733ns
  Reference Relative Delay:   0.333ns
  Relative CRPR:              0.619ns
  Actual Bus Skew:            0.782ns  (Endpoint Relative Delay - Reference Relative Delay - Relative CRPR)

Endpoint path:
    Location             Delay type                Incr(ns)  Path(ns)    Netlist Resource(s)
  -------------------------------------------------------------------    -------------------
                         (clock clk_fpga_1 rise edge)
                                                      0.000     0.000 r  
    PS7_X0Y0             PS7                          0.000     0.000 r  lesion_i/ps7_0/inst/PS7_i/FCLKCLK[1]
                         net (fo=1, routed)           1.193     1.193    lesion_i/ps7_0/inst/FCLK_CLK_unbuffered[1]
    BUFGCTRL_X0Y17       BUFG (Prop_bufg_I_O)         0.101     1.294 r  lesion_i/ps7_0/inst/buffer_fclk_clk_1.FCLK_CLK_1_BUFG/O
                         net (fo=7661, routed)        1.970     3.264    lesion_i/video/axi_interconnect_0/m07_couplers/auto_cc/inst/gen_clock_conv.gen_async_lite_conv.clock_conv_lite_resp_b/handshake/src_clk
    SLICE_X92Y135        FDRE                                         r  lesion_i/video/axi_interconnect_0/m07_couplers/auto_cc/inst/gen_clock_conv.gen_async_lite_conv.clock_conv_lite_resp_b/handshake/src_hsdata_ff_reg[1]/C
  -------------------------------------------------------------------    -------------------
    SLICE_X92Y135        FDRE (Prop_fdre_C_Q)         0.478     3.742 r  lesion_i/video/axi_interconnect_0/m07_couplers/auto_cc/inst/gen_clock_conv.gen_async_lite_conv.clock_conv_lite_resp_b/handshake/src_hsdata_ff_reg[1]/Q
                         net (fo=2, routed)           0.723     4.465    lesion_i/video/axi_interconnect_0/m07_couplers/auto_cc/inst/gen_clock_conv.gen_async_lite_conv.clock_conv_lite_resp_b/handshake/src_hsdata_ff[1]
    SLICE_X92Y130        FDRE                                         r  lesion_i/video/axi_interconnect_0/m07_couplers/auto_cc/inst/gen_clock_conv.gen_async_lite_conv.clock_conv_lite_resp_b/handshake/dest_hsdata_ff_reg[1]/D
  -------------------------------------------------------------------    -------------------

                         (clock clk_fpga_0 rise edge)
                                                      0.000     0.000 r  
    PS7_X0Y0             PS7                          0.000     0.000 r  lesion_i/ps7_0/inst/PS7_i/FCLKCLK[0]
                         net (fo=1, routed)           1.088     1.088    lesion_i/ps7_0/inst/FCLK_CLK_unbuffered[0]
    BUFGCTRL_X0Y16       BUFG (Prop_bufg_I_O)         0.091     1.179 r  lesion_i/ps7_0/inst/buffer_fclk_clk_0.FCLK_CLK_0_BUFG/O
                         net (fo=24933, routed)       1.769     2.948    lesion_i/video/axi_interconnect_0/m07_couplers/auto_cc/inst/gen_clock_conv.gen_async_lite_conv.clock_conv_lite_resp_b/handshake/dest_clk
    SLICE_X92Y130        FDRE                                         r  lesion_i/video/axi_interconnect_0/m07_couplers/auto_cc/inst/gen_clock_conv.gen_async_lite_conv.clock_conv_lite_resp_b/handshake/dest_hsdata_ff_reg[1]/C
                         clock pessimism              0.000     2.948    
    SLICE_X92Y130        FDRE (Setup_fdre_C_D)       -0.216     2.732    lesion_i/video/axi_interconnect_0/m07_couplers/auto_cc/inst/gen_clock_conv.gen_async_lite_conv.clock_conv_lite_resp_b/handshake/dest_hsdata_ff_reg[1]
  -------------------------------------------------------------------
                         data arrival                           4.465    
                         clock arrival                          2.732    
  -------------------------------------------------------------------
                         relative delay                         1.733    

Reference path:
    Location             Delay type                Incr(ns)  Path(ns)    Netlist Resource(s)
  -------------------------------------------------------------------    -------------------
                         (clock clk_fpga_1 rise edge)
                                                      0.000     0.000 r  
    PS7_X0Y0             PS7                          0.000     0.000 r  lesion_i/ps7_0/inst/PS7_i/FCLKCLK[1]
                         net (fo=1, routed)           1.088     1.088    lesion_i/ps7_0/inst/FCLK_CLK_unbuffered[1]
    BUFGCTRL_X0Y17       BUFG (Prop_bufg_I_O)         0.091     1.179 r  lesion_i/ps7_0/inst/buffer_fclk_clk_1.FCLK_CLK_1_BUFG/O
                         net (fo=7661, routed)        1.775     2.954    lesion_i/video/axi_interconnect_0/m07_couplers/auto_cc/inst/gen_clock_conv.gen_async_lite_conv.clock_conv_lite_resp_b/handshake/src_clk
    SLICE_X92Y135        FDRE                                         r  lesion_i/video/axi_interconnect_0/m07_couplers/auto_cc/inst/gen_clock_conv.gen_async_lite_conv.clock_conv_lite_resp_b/handshake/src_hsdata_ff_reg[0]/C
  -------------------------------------------------------------------    -------------------
    SLICE_X92Y135        FDRE (Prop_fdre_C_Q)         0.418     3.372 r  lesion_i/video/axi_interconnect_0/m07_couplers/auto_cc/inst/gen_clock_conv.gen_async_lite_conv.clock_conv_lite_resp_b/handshake/src_hsdata_ff_reg[0]/Q
                         net (fo=2, routed)           0.461     3.833    lesion_i/video/axi_interconnect_0/m07_couplers/auto_cc/inst/gen_clock_conv.gen_async_lite_conv.clock_conv_lite_resp_b/handshake/src_hsdata_ff[0]
    SLICE_X92Y130        FDRE                                         r  lesion_i/video/axi_interconnect_0/m07_couplers/auto_cc/inst/gen_clock_conv.gen_async_lite_conv.clock_conv_lite_resp_b/handshake/dest_hsdata_ff_reg[0]/D
  -------------------------------------------------------------------    -------------------

                         (clock clk_fpga_0 rise edge)
                                                      0.000     0.000 r  
    PS7_X0Y0             PS7                          0.000     0.000 r  lesion_i/ps7_0/inst/PS7_i/FCLKCLK[0]
                         net (fo=1, routed)           1.193     1.193    lesion_i/ps7_0/inst/FCLK_CLK_unbuffered[0]
    BUFGCTRL_X0Y16       BUFG (Prop_bufg_I_O)         0.101     1.294 r  lesion_i/ps7_0/inst/buffer_fclk_clk_0.FCLK_CLK_0_BUFG/O
                         net (fo=24933, routed)       1.963     3.257    lesion_i/video/axi_interconnect_0/m07_couplers/auto_cc/inst/gen_clock_conv.gen_async_lite_conv.clock_conv_lite_resp_b/handshake/dest_clk
    SLICE_X92Y130        FDRE                                         r  lesion_i/video/axi_interconnect_0/m07_couplers/auto_cc/inst/gen_clock_conv.gen_async_lite_conv.clock_conv_lite_resp_b/handshake/dest_hsdata_ff_reg[0]/C
                         clock pessimism              0.000     3.257    
    SLICE_X92Y130        FDRE (Hold_fdre_C_D)         0.243     3.500    lesion_i/video/axi_interconnect_0/m07_couplers/auto_cc/inst/gen_clock_conv.gen_async_lite_conv.clock_conv_lite_resp_b/handshake/dest_hsdata_ff_reg[0]
  -------------------------------------------------------------------
                         data arrival                           3.833    
                         clock arrival                          3.500    
  -------------------------------------------------------------------
                         relative delay                         0.333    



Id: 28
set_bus_skew -from [get_cells [list {lesion_i/video/axi_interconnect_0/m07_couplers/auto_cc/inst/gen_clock_conv.gen_async_lite_conv.clock_conv_lite_resp_r/handshake/src_hsdata_ff_reg[0]} \
          {lesion_i/video/axi_interconnect_0/m07_couplers/auto_cc/inst/gen_clock_conv.gen_async_lite_conv.clock_conv_lite_resp_r/handshake/src_hsdata_ff_reg[10]} \
          {lesion_i/video/axi_interconnect_0/m07_couplers/auto_cc/inst/gen_clock_conv.gen_async_lite_conv.clock_conv_lite_resp_r/handshake/src_hsdata_ff_reg[11]} \
          {lesion_i/video/axi_interconnect_0/m07_couplers/auto_cc/inst/gen_clock_conv.gen_async_lite_conv.clock_conv_lite_resp_r/handshake/src_hsdata_ff_reg[12]} \
          {lesion_i/video/axi_interconnect_0/m07_couplers/auto_cc/inst/gen_clock_conv.gen_async_lite_conv.clock_conv_lite_resp_r/handshake/src_hsdata_ff_reg[13]} \
          {lesion_i/video/axi_interconnect_0/m07_couplers/auto_cc/inst/gen_clock_conv.gen_async_lite_conv.clock_conv_lite_resp_r/handshake/src_hsdata_ff_reg[14]} \
          {lesion_i/video/axi_interconnect_0/m07_couplers/auto_cc/inst/gen_clock_conv.gen_async_lite_conv.clock_conv_lite_resp_r/handshake/src_hsdata_ff_reg[15]} \
          {lesion_i/video/axi_interconnect_0/m07_couplers/auto_cc/inst/gen_clock_conv.gen_async_lite_conv.clock_conv_lite_resp_r/handshake/src_hsdata_ff_reg[16]} \
          {lesion_i/video/axi_interconnect_0/m07_couplers/auto_cc/inst/gen_clock_conv.gen_async_lite_conv.clock_conv_lite_resp_r/handshake/src_hsdata_ff_reg[17]} \
          {lesion_i/video/axi_interconnect_0/m07_couplers/auto_cc/inst/gen_clock_conv.gen_async_lite_conv.clock_conv_lite_resp_r/handshake/src_hsdata_ff_reg[18]} \
          {lesion_i/video/axi_interconnect_0/m07_couplers/auto_cc/inst/gen_clock_conv.gen_async_lite_conv.clock_conv_lite_resp_r/handshake/src_hsdata_ff_reg[19]} \
          {lesion_i/video/axi_interconnect_0/m07_couplers/auto_cc/inst/gen_clock_conv.gen_async_lite_conv.clock_conv_lite_resp_r/handshake/src_hsdata_ff_reg[1]} \
          {lesion_i/video/axi_interconnect_0/m07_couplers/auto_cc/inst/gen_clock_conv.gen_async_lite_conv.clock_conv_lite_resp_r/handshake/src_hsdata_ff_reg[20]} \
          {lesion_i/video/axi_interconnect_0/m07_couplers/auto_cc/inst/gen_clock_conv.gen_async_lite_conv.clock_conv_lite_resp_r/handshake/src_hsdata_ff_reg[21]} \
          {lesion_i/video/axi_interconnect_0/m07_couplers/auto_cc/inst/gen_clock_conv.gen_async_lite_conv.clock_conv_lite_resp_r/handshake/src_hsdata_ff_reg[22]} \
          {lesion_i/video/axi_interconnect_0/m07_couplers/auto_cc/inst/gen_clock_conv.gen_async_lite_conv.clock_conv_lite_resp_r/handshake/src_hsdata_ff_reg[23]} \
          {lesion_i/video/axi_interconnect_0/m07_couplers/auto_cc/inst/gen_clock_conv.gen_async_lite_conv.clock_conv_lite_resp_r/handshake/src_hsdata_ff_reg[24]} \
          {lesion_i/video/axi_interconnect_0/m07_couplers/auto_cc/inst/gen_clock_conv.gen_async_lite_conv.clock_conv_lite_resp_r/handshake/src_hsdata_ff_reg[25]} \
          {lesion_i/video/axi_interconnect_0/m07_couplers/auto_cc/inst/gen_clock_conv.gen_async_lite_conv.clock_conv_lite_resp_r/handshake/src_hsdata_ff_reg[26]} \
          {lesion_i/video/axi_interconnect_0/m07_couplers/auto_cc/inst/gen_clock_conv.gen_async_lite_conv.clock_conv_lite_resp_r/handshake/src_hsdata_ff_reg[27]} \
          {lesion_i/video/axi_interconnect_0/m07_couplers/auto_cc/inst/gen_clock_conv.gen_async_lite_conv.clock_conv_lite_resp_r/handshake/src_hsdata_ff_reg[28]} \
          {lesion_i/video/axi_interconnect_0/m07_couplers/auto_cc/inst/gen_clock_conv.gen_async_lite_conv.clock_conv_lite_resp_r/handshake/src_hsdata_ff_reg[29]} \
          {lesion_i/video/axi_interconnect_0/m07_couplers/auto_cc/inst/gen_clock_conv.gen_async_lite_conv.clock_conv_lite_resp_r/handshake/src_hsdata_ff_reg[2]} \
          {lesion_i/video/axi_interconnect_0/m07_couplers/auto_cc/inst/gen_clock_conv.gen_async_lite_conv.clock_conv_lite_resp_r/handshake/src_hsdata_ff_reg[30]} \
          {lesion_i/video/axi_interconnect_0/m07_couplers/auto_cc/inst/gen_clock_conv.gen_async_lite_conv.clock_conv_lite_resp_r/handshake/src_hsdata_ff_reg[31]} \
          {lesion_i/video/axi_interconnect_0/m07_couplers/auto_cc/inst/gen_clock_conv.gen_async_lite_conv.clock_conv_lite_resp_r/handshake/src_hsdata_ff_reg[32]} \
          {lesion_i/video/axi_interconnect_0/m07_couplers/auto_cc/inst/gen_clock_conv.gen_async_lite_conv.clock_conv_lite_resp_r/handshake/src_hsdata_ff_reg[33]} \
          {lesion_i/video/axi_interconnect_0/m07_couplers/auto_cc/inst/gen_clock_conv.gen_async_lite_conv.clock_conv_lite_resp_r/handshake/src_hsdata_ff_reg[3]} \
          {lesion_i/video/axi_interconnect_0/m07_couplers/auto_cc/inst/gen_clock_conv.gen_async_lite_conv.clock_conv_lite_resp_r/handshake/src_hsdata_ff_reg[4]} \
          {lesion_i/video/axi_interconnect_0/m07_couplers/auto_cc/inst/gen_clock_conv.gen_async_lite_conv.clock_conv_lite_resp_r/handshake/src_hsdata_ff_reg[5]} \
          {lesion_i/video/axi_interconnect_0/m07_couplers/auto_cc/inst/gen_clock_conv.gen_async_lite_conv.clock_conv_lite_resp_r/handshake/src_hsdata_ff_reg[6]} \
          {lesion_i/video/axi_interconnect_0/m07_couplers/auto_cc/inst/gen_clock_conv.gen_async_lite_conv.clock_conv_lite_resp_r/handshake/src_hsdata_ff_reg[7]} \
          {lesion_i/video/axi_interconnect_0/m07_couplers/auto_cc/inst/gen_clock_conv.gen_async_lite_conv.clock_conv_lite_resp_r/handshake/src_hsdata_ff_reg[8]} \
          {lesion_i/video/axi_interconnect_0/m07_couplers/auto_cc/inst/gen_clock_conv.gen_async_lite_conv.clock_conv_lite_resp_r/handshake/src_hsdata_ff_reg[9]}]] -to [get_cells [list {lesion_i/video/axi_interconnect_0/m07_couplers/auto_cc/inst/gen_clock_conv.gen_async_lite_conv.clock_conv_lite_resp_r/handshake/dest_hsdata_ff_reg[0]} \
          {lesion_i/video/axi_interconnect_0/m07_couplers/auto_cc/inst/gen_clock_conv.gen_async_lite_conv.clock_conv_lite_resp_r/handshake/dest_hsdata_ff_reg[10]} \
          {lesion_i/video/axi_interconnect_0/m07_couplers/auto_cc/inst/gen_clock_conv.gen_async_lite_conv.clock_conv_lite_resp_r/handshake/dest_hsdata_ff_reg[11]} \
          {lesion_i/video/axi_interconnect_0/m07_couplers/auto_cc/inst/gen_clock_conv.gen_async_lite_conv.clock_conv_lite_resp_r/handshake/dest_hsdata_ff_reg[12]} \
          {lesion_i/video/axi_interconnect_0/m07_couplers/auto_cc/inst/gen_clock_conv.gen_async_lite_conv.clock_conv_lite_resp_r/handshake/dest_hsdata_ff_reg[13]} \
          {lesion_i/video/axi_interconnect_0/m07_couplers/auto_cc/inst/gen_clock_conv.gen_async_lite_conv.clock_conv_lite_resp_r/handshake/dest_hsdata_ff_reg[14]} \
          {lesion_i/video/axi_interconnect_0/m07_couplers/auto_cc/inst/gen_clock_conv.gen_async_lite_conv.clock_conv_lite_resp_r/handshake/dest_hsdata_ff_reg[15]} \
          {lesion_i/video/axi_interconnect_0/m07_couplers/auto_cc/inst/gen_clock_conv.gen_async_lite_conv.clock_conv_lite_resp_r/handshake/dest_hsdata_ff_reg[16]} \
          {lesion_i/video/axi_interconnect_0/m07_couplers/auto_cc/inst/gen_clock_conv.gen_async_lite_conv.clock_conv_lite_resp_r/handshake/dest_hsdata_ff_reg[17]} \
          {lesion_i/video/axi_interconnect_0/m07_couplers/auto_cc/inst/gen_clock_conv.gen_async_lite_conv.clock_conv_lite_resp_r/handshake/dest_hsdata_ff_reg[18]} \
          {lesion_i/video/axi_interconnect_0/m07_couplers/auto_cc/inst/gen_clock_conv.gen_async_lite_conv.clock_conv_lite_resp_r/handshake/dest_hsdata_ff_reg[19]} \
          {lesion_i/video/axi_interconnect_0/m07_couplers/auto_cc/inst/gen_clock_conv.gen_async_lite_conv.clock_conv_lite_resp_r/handshake/dest_hsdata_ff_reg[1]} \
          {lesion_i/video/axi_interconnect_0/m07_couplers/auto_cc/inst/gen_clock_conv.gen_async_lite_conv.clock_conv_lite_resp_r/handshake/dest_hsdata_ff_reg[20]} \
          {lesion_i/video/axi_interconnect_0/m07_couplers/auto_cc/inst/gen_clock_conv.gen_async_lite_conv.clock_conv_lite_resp_r/handshake/dest_hsdata_ff_reg[21]} \
          {lesion_i/video/axi_interconnect_0/m07_couplers/auto_cc/inst/gen_clock_conv.gen_async_lite_conv.clock_conv_lite_resp_r/handshake/dest_hsdata_ff_reg[22]} \
          {lesion_i/video/axi_interconnect_0/m07_couplers/auto_cc/inst/gen_clock_conv.gen_async_lite_conv.clock_conv_lite_resp_r/handshake/dest_hsdata_ff_reg[23]} \
          {lesion_i/video/axi_interconnect_0/m07_couplers/auto_cc/inst/gen_clock_conv.gen_async_lite_conv.clock_conv_lite_resp_r/handshake/dest_hsdata_ff_reg[24]} \
          {lesion_i/video/axi_interconnect_0/m07_couplers/auto_cc/inst/gen_clock_conv.gen_async_lite_conv.clock_conv_lite_resp_r/handshake/dest_hsdata_ff_reg[25]} \
          {lesion_i/video/axi_interconnect_0/m07_couplers/auto_cc/inst/gen_clock_conv.gen_async_lite_conv.clock_conv_lite_resp_r/handshake/dest_hsdata_ff_reg[26]} \
          {lesion_i/video/axi_interconnect_0/m07_couplers/auto_cc/inst/gen_clock_conv.gen_async_lite_conv.clock_conv_lite_resp_r/handshake/dest_hsdata_ff_reg[27]} \
          {lesion_i/video/axi_interconnect_0/m07_couplers/auto_cc/inst/gen_clock_conv.gen_async_lite_conv.clock_conv_lite_resp_r/handshake/dest_hsdata_ff_reg[28]} \
          {lesion_i/video/axi_interconnect_0/m07_couplers/auto_cc/inst/gen_clock_conv.gen_async_lite_conv.clock_conv_lite_resp_r/handshake/dest_hsdata_ff_reg[29]} \
          {lesion_i/video/axi_interconnect_0/m07_couplers/auto_cc/inst/gen_clock_conv.gen_async_lite_conv.clock_conv_lite_resp_r/handshake/dest_hsdata_ff_reg[2]} \
          {lesion_i/video/axi_interconnect_0/m07_couplers/auto_cc/inst/gen_clock_conv.gen_async_lite_conv.clock_conv_lite_resp_r/handshake/dest_hsdata_ff_reg[30]} \
          {lesion_i/video/axi_interconnect_0/m07_couplers/auto_cc/inst/gen_clock_conv.gen_async_lite_conv.clock_conv_lite_resp_r/handshake/dest_hsdata_ff_reg[31]} \
          {lesion_i/video/axi_interconnect_0/m07_couplers/auto_cc/inst/gen_clock_conv.gen_async_lite_conv.clock_conv_lite_resp_r/handshake/dest_hsdata_ff_reg[32]} \
          {lesion_i/video/axi_interconnect_0/m07_couplers/auto_cc/inst/gen_clock_conv.gen_async_lite_conv.clock_conv_lite_resp_r/handshake/dest_hsdata_ff_reg[33]} \
          {lesion_i/video/axi_interconnect_0/m07_couplers/auto_cc/inst/gen_clock_conv.gen_async_lite_conv.clock_conv_lite_resp_r/handshake/dest_hsdata_ff_reg[3]} \
          {lesion_i/video/axi_interconnect_0/m07_couplers/auto_cc/inst/gen_clock_conv.gen_async_lite_conv.clock_conv_lite_resp_r/handshake/dest_hsdata_ff_reg[4]} \
          {lesion_i/video/axi_interconnect_0/m07_couplers/auto_cc/inst/gen_clock_conv.gen_async_lite_conv.clock_conv_lite_resp_r/handshake/dest_hsdata_ff_reg[5]} \
          {lesion_i/video/axi_interconnect_0/m07_couplers/auto_cc/inst/gen_clock_conv.gen_async_lite_conv.clock_conv_lite_resp_r/handshake/dest_hsdata_ff_reg[6]} \
          {lesion_i/video/axi_interconnect_0/m07_couplers/auto_cc/inst/gen_clock_conv.gen_async_lite_conv.clock_conv_lite_resp_r/handshake/dest_hsdata_ff_reg[7]} \
          {lesion_i/video/axi_interconnect_0/m07_couplers/auto_cc/inst/gen_clock_conv.gen_async_lite_conv.clock_conv_lite_resp_r/handshake/dest_hsdata_ff_reg[8]} \
          {lesion_i/video/axi_interconnect_0/m07_couplers/auto_cc/inst/gen_clock_conv.gen_async_lite_conv.clock_conv_lite_resp_r/handshake/dest_hsdata_ff_reg[9]}]] 30.000
Requirement: 30.000ns
Endpoints: 34

From Clock            To Clock              Endpoint Pin                    Reference Pin                   Corner  Actual(ns)  Slack(ns)
--------------------  --------------------  ------------------------------  ------------------------------  ------  ----------  ---------
clk_fpga_1            clk_fpga_0            lesion_i/video/axi_interconnect_0/m07_couplers/auto_cc/inst/gen_clock_conv.gen_async_lite_conv.clock_conv_lite_resp_r/handshake/dest_hsdata_ff_reg[23]/D
                                                                            lesion_i/video/axi_interconnect_0/m07_couplers/auto_cc/inst/gen_clock_conv.gen_async_lite_conv.clock_conv_lite_resp_r/handshake/dest_hsdata_ff_reg[31]/D
                                                                                                            Slow         1.209     28.791


Slack (MET) :             28.791ns  (requirement - actual skew)
  Endpoint Source:        lesion_i/video/axi_interconnect_0/m07_couplers/auto_cc/inst/gen_clock_conv.gen_async_lite_conv.clock_conv_lite_resp_r/handshake/src_hsdata_ff_reg[23]/C
                            (rising edge-triggered cell FDRE clocked by clk_fpga_1)
  Endpoint Destination:   lesion_i/video/axi_interconnect_0/m07_couplers/auto_cc/inst/gen_clock_conv.gen_async_lite_conv.clock_conv_lite_resp_r/handshake/dest_hsdata_ff_reg[23]/D
                            (rising edge-triggered cell FDRE clocked by clk_fpga_0)
  Reference Source:       lesion_i/video/axi_interconnect_0/m07_couplers/auto_cc/inst/gen_clock_conv.gen_async_lite_conv.clock_conv_lite_resp_r/handshake/src_hsdata_ff_reg[31]/C
                            (rising edge-triggered cell FDRE clocked by clk_fpga_1)
  Reference Destination:  lesion_i/video/axi_interconnect_0/m07_couplers/auto_cc/inst/gen_clock_conv.gen_async_lite_conv.clock_conv_lite_resp_r/handshake/dest_hsdata_ff_reg[31]/D
                            (rising edge-triggered cell FDRE clocked by clk_fpga_0)
  Path Type:              Bus Skew (Max at Slow Process Corner)
  Requirement:            30.000ns
  Endpoint Relative Delay:    1.967ns
  Reference Relative Delay:   0.265ns
  Relative CRPR:              0.494ns
  Actual Bus Skew:            1.209ns  (Endpoint Relative Delay - Reference Relative Delay - Relative CRPR)

Endpoint path:
    Location             Delay type                Incr(ns)  Path(ns)    Netlist Resource(s)
  -------------------------------------------------------------------    -------------------
                         (clock clk_fpga_1 rise edge)
                                                      0.000     0.000 r  
    PS7_X0Y0             PS7                          0.000     0.000 r  lesion_i/ps7_0/inst/PS7_i/FCLKCLK[1]
                         net (fo=1, routed)           1.193     1.193    lesion_i/ps7_0/inst/FCLK_CLK_unbuffered[1]
    BUFGCTRL_X0Y17       BUFG (Prop_bufg_I_O)         0.101     1.294 r  lesion_i/ps7_0/inst/buffer_fclk_clk_1.FCLK_CLK_1_BUFG/O
                         net (fo=7661, routed)        1.908     3.202    lesion_i/video/axi_interconnect_0/m07_couplers/auto_cc/inst/gen_clock_conv.gen_async_lite_conv.clock_conv_lite_resp_r/handshake/src_clk
    SLICE_X85Y136        FDRE                                         r  lesion_i/video/axi_interconnect_0/m07_couplers/auto_cc/inst/gen_clock_conv.gen_async_lite_conv.clock_conv_lite_resp_r/handshake/src_hsdata_ff_reg[23]/C
  -------------------------------------------------------------------    -------------------
    SLICE_X85Y136        FDRE (Prop_fdre_C_Q)         0.419     3.621 r  lesion_i/video/axi_interconnect_0/m07_couplers/auto_cc/inst/gen_clock_conv.gen_async_lite_conv.clock_conv_lite_resp_r/handshake/src_hsdata_ff_reg[23]/Q
                         net (fo=1, routed)           1.019     4.640    lesion_i/video/axi_interconnect_0/m07_couplers/auto_cc/inst/gen_clock_conv.gen_async_lite_conv.clock_conv_lite_resp_r/handshake/src_hsdata_ff[23]
    SLICE_X66Y136        FDRE                                         r  lesion_i/video/axi_interconnect_0/m07_couplers/auto_cc/inst/gen_clock_conv.gen_async_lite_conv.clock_conv_lite_resp_r/handshake/dest_hsdata_ff_reg[23]/D
  -------------------------------------------------------------------    -------------------

                         (clock clk_fpga_0 rise edge)
                                                      0.000     0.000 r  
    PS7_X0Y0             PS7                          0.000     0.000 r  lesion_i/ps7_0/inst/PS7_i/FCLKCLK[0]
                         net (fo=1, routed)           1.088     1.088    lesion_i/ps7_0/inst/FCLK_CLK_unbuffered[0]
    BUFGCTRL_X0Y16       BUFG (Prop_bufg_I_O)         0.091     1.179 r  lesion_i/ps7_0/inst/buffer_fclk_clk_0.FCLK_CLK_0_BUFG/O
                         net (fo=24933, routed)       1.710     2.889    lesion_i/video/axi_interconnect_0/m07_couplers/auto_cc/inst/gen_clock_conv.gen_async_lite_conv.clock_conv_lite_resp_r/handshake/dest_clk
    SLICE_X66Y136        FDRE                                         r  lesion_i/video/axi_interconnect_0/m07_couplers/auto_cc/inst/gen_clock_conv.gen_async_lite_conv.clock_conv_lite_resp_r/handshake/dest_hsdata_ff_reg[23]/C
                         clock pessimism              0.000     2.889    
    SLICE_X66Y136        FDRE (Setup_fdre_C_D)       -0.217     2.672    lesion_i/video/axi_interconnect_0/m07_couplers/auto_cc/inst/gen_clock_conv.gen_async_lite_conv.clock_conv_lite_resp_r/handshake/dest_hsdata_ff_reg[23]
  -------------------------------------------------------------------
                         data arrival                           4.640    
                         clock arrival                          2.672    
  -------------------------------------------------------------------
                         relative delay                         1.967    

Reference path:
    Location             Delay type                Incr(ns)  Path(ns)    Netlist Resource(s)
  -------------------------------------------------------------------    -------------------
                         (clock clk_fpga_1 rise edge)
                                                      0.000     0.000 r  
    PS7_X0Y0             PS7                          0.000     0.000 r  lesion_i/ps7_0/inst/PS7_i/FCLKCLK[1]
                         net (fo=1, routed)           1.088     1.088    lesion_i/ps7_0/inst/FCLK_CLK_unbuffered[1]
    BUFGCTRL_X0Y17       BUFG (Prop_bufg_I_O)         0.091     1.179 r  lesion_i/ps7_0/inst/buffer_fclk_clk_1.FCLK_CLK_1_BUFG/O
                         net (fo=7661, routed)        1.771     2.950    lesion_i/video/axi_interconnect_0/m07_couplers/auto_cc/inst/gen_clock_conv.gen_async_lite_conv.clock_conv_lite_resp_r/handshake/src_clk
    SLICE_X90Y132        FDRE                                         r  lesion_i/video/axi_interconnect_0/m07_couplers/auto_cc/inst/gen_clock_conv.gen_async_lite_conv.clock_conv_lite_resp_r/handshake/src_hsdata_ff_reg[31]/C
  -------------------------------------------------------------------    -------------------
    SLICE_X90Y132        FDRE (Prop_fdre_C_Q)         0.418     3.368 r  lesion_i/video/axi_interconnect_0/m07_couplers/auto_cc/inst/gen_clock_conv.gen_async_lite_conv.clock_conv_lite_resp_r/handshake/src_hsdata_ff_reg[31]/Q
                         net (fo=1, routed)           0.395     3.763    lesion_i/video/axi_interconnect_0/m07_couplers/auto_cc/inst/gen_clock_conv.gen_async_lite_conv.clock_conv_lite_resp_r/handshake/src_hsdata_ff[31]
    SLICE_X90Y130        FDRE                                         r  lesion_i/video/axi_interconnect_0/m07_couplers/auto_cc/inst/gen_clock_conv.gen_async_lite_conv.clock_conv_lite_resp_r/handshake/dest_hsdata_ff_reg[31]/D
  -------------------------------------------------------------------    -------------------

                         (clock clk_fpga_0 rise edge)
                                                      0.000     0.000 r  
    PS7_X0Y0             PS7                          0.000     0.000 r  lesion_i/ps7_0/inst/PS7_i/FCLKCLK[0]
                         net (fo=1, routed)           1.193     1.193    lesion_i/ps7_0/inst/FCLK_CLK_unbuffered[0]
    BUFGCTRL_X0Y16       BUFG (Prop_bufg_I_O)         0.101     1.294 r  lesion_i/ps7_0/inst/buffer_fclk_clk_0.FCLK_CLK_0_BUFG/O
                         net (fo=24933, routed)       1.961     3.255    lesion_i/video/axi_interconnect_0/m07_couplers/auto_cc/inst/gen_clock_conv.gen_async_lite_conv.clock_conv_lite_resp_r/handshake/dest_clk
    SLICE_X90Y130        FDRE                                         r  lesion_i/video/axi_interconnect_0/m07_couplers/auto_cc/inst/gen_clock_conv.gen_async_lite_conv.clock_conv_lite_resp_r/handshake/dest_hsdata_ff_reg[31]/C
                         clock pessimism              0.000     3.255    
    SLICE_X90Y130        FDRE (Hold_fdre_C_D)         0.243     3.498    lesion_i/video/axi_interconnect_0/m07_couplers/auto_cc/inst/gen_clock_conv.gen_async_lite_conv.clock_conv_lite_resp_r/handshake/dest_hsdata_ff_reg[31]
  -------------------------------------------------------------------
                         data arrival                           3.763    
                         clock arrival                          3.498    
  -------------------------------------------------------------------
                         relative delay                         0.265    



